rule_id,stratum,tier,group,truth_group,wn_min,wn_max,rule_intensity,rule_shape,requires,forbids,prominence,definition,n,n_pos,prevalence,TP,FP,FN,TN,sensitivity,specificity,PPV,NPV,LR_pos,LR_pos_lo,LR_pos_hi,LR_pos_boot_lo,LR_pos_boot_hi,LR_neg,LR_neg_lo,LR_neg_hi,underpowered,fp_enriched_groups
SMITH-BR4-CH3-ASYM,main,group,methyl,methyl,2952.0,2972.0,any,any,,,0.01,position,1539,1069,0.695,563,131,506,339,0.527,0.721,0.811,0.401,1.89,1.62,2.21,,,0.66,0.6,0.71,False,
SMITH-BR4-CH3-ASYM,main,group,methyl,methyl,2952.0,2972.0,any,any,,,0.01,+intensity,1539,1069,0.695,563,131,506,339,0.527,0.721,0.811,0.401,1.89,1.62,2.21,,,0.66,0.6,0.71,False,
SMITH-BR4-CH3-ASYM,main,group,methyl,methyl,2952.0,2972.0,any,any,,,0.01,+shape,1539,1069,0.695,563,131,506,339,0.527,0.721,0.811,0.401,1.89,1.62,2.21,,,0.66,0.6,0.71,False,
SMITH-BR4-CH3-ASYM,main,group,methyl,methyl,2952.0,2972.0,any,any,,,0.02,position,1539,1069,0.695,487,95,582,375,0.456,0.798,0.837,0.392,2.25,1.86,2.73,,,0.68,0.64,0.73,False,
SMITH-BR4-CH3-ASYM,main,group,methyl,methyl,2952.0,2972.0,any,any,,,0.02,+intensity,1539,1069,0.695,487,95,582,375,0.456,0.798,0.837,0.392,2.25,1.86,2.73,,,0.68,0.64,0.73,False,
SMITH-BR4-CH3-ASYM,main,group,methyl,methyl,2952.0,2972.0,any,any,,,0.02,+shape,1539,1069,0.695,487,95,582,375,0.456,0.798,0.837,0.392,2.25,1.86,2.73,1.66,3.2,0.68,0.64,0.73,False,ketone_saturated OR=5.7 (n=3); methylene OR=4.0 (n=78); alkane OR=3.2 (n=80)
SMITH-BR4-CH3-ASYM,main,group,methyl,methyl,2952.0,2972.0,any,any,,,0.05,position,1539,1069,0.695,384,41,685,429,0.359,0.913,0.904,0.385,4.12,3.04,5.58,,,0.7,0.67,0.74,False,
SMITH-BR4-CH3-ASYM,main,group,methyl,methyl,2952.0,2972.0,any,any,,,0.05,+intensity,1539,1069,0.695,384,41,685,429,0.359,0.913,0.904,0.385,4.12,3.04,5.58,,,0.7,0.67,0.74,False,
SMITH-BR4-CH3-ASYM,main,group,methyl,methyl,2952.0,2972.0,any,any,,,0.05,+shape,1539,1069,0.695,384,41,685,429,0.359,0.913,0.904,0.385,4.12,3.04,5.58,,,0.7,0.67,0.74,False,
SMITH-BR4-CH3-ASYM,main,group,methyl,methyl,2952.0,2972.0,any,any,,,0.1,position,1539,1069,0.695,262,17,807,453,0.245,0.964,0.939,0.36,6.78,4.2,10.93,,,0.78,0.75,0.81,False,
SMITH-BR4-CH3-ASYM,main,group,methyl,methyl,2952.0,2972.0,any,any,,,0.1,+intensity,1539,1069,0.695,262,17,807,453,0.245,0.964,0.939,0.36,6.78,4.2,10.93,,,0.78,0.75,0.81,False,
SMITH-BR4-CH3-ASYM,main,group,methyl,methyl,2952.0,2972.0,any,any,,,0.1,+shape,1539,1069,0.695,262,17,807,453,0.245,0.964,0.939,0.36,6.78,4.2,10.93,,,0.78,0.75,0.81,False,
SMITH-BR4-CH3-SYM,main,group,methyl,methyl,2862.0,2882.0,any,any,,,0.01,position,1539,1069,0.695,388,60,681,410,0.363,0.872,0.866,0.376,2.84,2.22,3.65,,,0.73,0.69,0.77,False,
SMITH-BR4-CH3-SYM,main,group,methyl,methyl,2862.0,2882.0,any,any,,,0.01,+intensity,1539,1069,0.695,388,60,681,410,0.363,0.872,0.866,0.376,2.84,2.22,3.65,,,0.73,0.69,0.77,False,
SMITH-BR4-CH3-SYM,main,group,methyl,methyl,2862.0,2882.0,any,any,,,0.01,+shape,1539,1069,0.695,388,60,681,410,0.363,0.872,0.866,0.376,2.84,2.22,3.65,,,0.73,0.69,0.77,False,
SMITH-BR4-CH3-SYM,main,group,methyl,methyl,2862.0,2882.0,any,any,,,0.02,position,1539,1069,0.695,312,49,757,421,0.292,0.896,0.864,0.357,2.8,2.11,3.71,,,0.79,0.75,0.83,False,
SMITH-BR4-CH3-SYM,main,group,methyl,methyl,2862.0,2882.0,any,any,,,0.02,+intensity,1539,1069,0.695,312,49,757,421,0.292,0.896,0.864,0.357,2.8,2.11,3.71,,,0.79,0.75,0.83,False,
SMITH-BR4-CH3-SYM,main,group,methyl,methyl,2862.0,2882.0,any,any,,,0.02,+shape,1539,1069,0.695,312,49,757,421,0.292,0.896,0.864,0.357,2.8,2.11,3.71,1.88,4.27,0.79,0.75,0.83,False,aromatic_meta OR=7.5 (n=4); alcohol_primary OR=5.7 (n=3); alcohol_secondary OR=4.2 (n=3)
SMITH-BR4-CH3-SYM,main,group,methyl,methyl,2862.0,2882.0,any,any,,,0.05,position,1539,1069,0.695,189,30,880,440,0.177,0.936,0.863,0.333,2.77,1.91,4.01,,,0.88,0.85,0.91,False,
SMITH-BR4-CH3-SYM,main,group,methyl,methyl,2862.0,2882.0,any,any,,,0.05,+intensity,1539,1069,0.695,189,30,880,440,0.177,0.936,0.863,0.333,2.77,1.91,4.01,,,0.88,0.85,0.91,False,
SMITH-BR4-CH3-SYM,main,group,methyl,methyl,2862.0,2882.0,any,any,,,0.05,+shape,1539,1069,0.695,189,30,880,440,0.177,0.936,0.863,0.333,2.77,1.91,4.01,,,0.88,0.85,0.91,False,
SMITH-BR4-CH3-SYM,main,group,methyl,methyl,2862.0,2882.0,any,any,,,0.1,position,1539,1069,0.695,79,18,990,452,0.074,0.962,0.814,0.313,1.93,1.17,3.18,,,0.96,0.94,0.99,False,
SMITH-BR4-CH3-SYM,main,group,methyl,methyl,2862.0,2882.0,any,any,,,0.1,+intensity,1539,1069,0.695,79,18,990,452,0.074,0.962,0.814,0.313,1.93,1.17,3.18,,,0.96,0.94,0.99,False,
SMITH-BR4-CH3-SYM,main,group,methyl,methyl,2862.0,2882.0,any,any,,,0.1,+shape,1539,1069,0.695,79,18,990,452,0.074,0.962,0.814,0.313,1.93,1.17,3.18,,,0.96,0.94,0.99,False,
SMITH-BR4-CH2-ASYM,main,group,methylene,methylene,2916.0,2936.0,any,any,,,0.01,position,1539,1007,0.654,755,284,252,248,0.75,0.466,0.727,0.496,1.4,1.29,1.53,,,0.54,0.47,0.62,False,
SMITH-BR4-CH2-ASYM,main,group,methylene,methylene,2916.0,2936.0,any,any,,,0.01,+intensity,1539,1007,0.654,755,284,252,248,0.75,0.466,0.727,0.496,1.4,1.29,1.53,,,0.54,0.47,0.62,False,
SMITH-BR4-CH2-ASYM,main,group,methylene,methylene,2916.0,2936.0,any,any,,,0.01,+shape,1539,1007,0.654,755,284,252,248,0.75,0.466,0.727,0.496,1.4,1.29,1.53,,,0.54,0.47,0.62,False,
SMITH-BR4-CH2-ASYM,main,group,methylene,methylene,2916.0,2936.0,any,any,,,0.02,position,1539,1007,0.654,697,218,310,314,0.692,0.59,0.762,0.503,1.69,1.51,1.89,,,0.52,0.46,0.59,False,
SMITH-BR4-CH2-ASYM,main,group,methylene,methylene,2916.0,2936.0,any,any,,,0.02,+intensity,1539,1007,0.654,697,218,310,314,0.692,0.59,0.762,0.503,1.69,1.51,1.89,,,0.52,0.46,0.59,False,
SMITH-BR4-CH2-ASYM,main,group,methylene,methylene,2916.0,2936.0,any,any,,,0.02,+shape,1539,1007,0.654,697,218,310,314,0.692,0.59,0.762,0.503,1.69,1.51,1.89,1.42,1.96,0.52,0.46,0.59,False,aromatics OR=3.5 (n=217); alcohol_secondary OR=3.1 (n=11); alkane OR=2.3 (n=87)
SMITH-BR4-CH2-ASYM,main,group,methylene,methylene,2916.0,2936.0,any,any,,,0.05,position,1539,1007,0.654,585,128,422,404,0.581,0.759,0.82,0.489,2.41,2.06,2.83,,,0.55,0.51,0.6,False,
SMITH-BR4-CH2-ASYM,main,group,methylene,methylene,2916.0,2936.0,any,any,,,0.05,+intensity,1539,1007,0.654,585,128,422,404,0.581,0.759,0.82,0.489,2.41,2.06,2.83,,,0.55,0.51,0.6,False,
SMITH-BR4-CH2-ASYM,main,group,methylene,methylene,2916.0,2936.0,any,any,,,0.05,+shape,1539,1007,0.654,585,128,422,404,0.581,0.759,0.82,0.489,2.41,2.06,2.83,,,0.55,0.51,0.6,False,
SMITH-BR4-CH2-ASYM,main,group,methylene,methylene,2916.0,2936.0,any,any,,,0.1,position,1539,1007,0.654,463,74,544,458,0.46,0.861,0.862,0.457,3.31,2.65,4.13,,,0.63,0.59,0.67,False,
SMITH-BR4-CH2-ASYM,main,group,methylene,methylene,2916.0,2936.0,any,any,,,0.1,+intensity,1539,1007,0.654,463,74,544,458,0.46,0.861,0.862,0.457,3.31,2.65,4.13,,,0.63,0.59,0.67,False,
SMITH-BR4-CH2-ASYM,main,group,methylene,methylene,2916.0,2936.0,any,any,,,0.1,+shape,1539,1007,0.654,463,74,544,458,0.46,0.861,0.862,0.457,3.31,2.65,4.13,,,0.63,0.59,0.67,False,
SMITH-BR4-CH2-SYM,main,group,methylene,methylene,2845.0,2865.0,any,any,,,0.01,position,1539,1007,0.654,490,186,517,346,0.487,0.65,0.725,0.401,1.39,1.22,1.59,,,0.79,0.72,0.86,False,
SMITH-BR4-CH2-SYM,main,group,methylene,methylene,2845.0,2865.0,any,any,,,0.01,+intensity,1539,1007,0.654,490,186,517,346,0.487,0.65,0.725,0.401,1.39,1.22,1.59,,,0.79,0.72,0.86,False,
SMITH-BR4-CH2-SYM,main,group,methylene,methylene,2845.0,2865.0,any,any,,,0.01,+shape,1539,1007,0.654,490,186,517,346,0.487,0.65,0.725,0.401,1.39,1.22,1.59,,,0.79,0.72,0.86,False,
SMITH-BR4-CH2-SYM,main,group,methylene,methylene,2845.0,2865.0,any,any,,,0.02,position,1539,1007,0.654,425,108,582,424,0.422,0.797,0.797,0.421,2.08,1.73,2.5,,,0.73,0.68,0.78,False,
SMITH-BR4-CH2-SYM,main,group,methylene,methylene,2845.0,2865.0,any,any,,,0.02,+intensity,1539,1007,0.654,425,108,582,424,0.422,0.797,0.797,0.421,2.08,1.73,2.5,,,0.73,0.68,0.78,False,
SMITH-BR4-CH2-SYM,main,group,methylene,methylene,2845.0,2865.0,any,any,,,0.02,+shape,1539,1007,0.654,425,108,582,424,0.422,0.797,0.797,0.421,2.08,1.73,2.5,1.42,3.44,0.73,0.68,0.78,False,aromatics OR=4.4 (n=108); aromatic_meta OR=3.3 (n=11); ether_saturated OR=2.5 (n=3)
SMITH-BR4-CH2-SYM,main,group,methylene,methylene,2845.0,2865.0,any,any,,,0.05,position,1539,1007,0.654,341,30,666,502,0.339,0.944,0.919,0.43,6.01,4.2,8.59,,,0.7,0.67,0.74,False,
SMITH-BR4-CH2-SYM,main,group,methylene,methylene,2845.0,2865.0,any,any,,,0.05,+intensity,1539,1007,0.654,341,30,666,502,0.339,0.944,0.919,0.43,6.01,4.2,8.59,,,0.7,0.67,0.74,False,
SMITH-BR4-CH2-SYM,main,group,methylene,methylene,2845.0,2865.0,any,any,,,0.05,+shape,1539,1007,0.654,341,30,666,502,0.339,0.944,0.919,0.43,6.01,4.2,8.59,,,0.7,0.67,0.74,False,
SMITH-BR4-CH2-SYM,main,group,methylene,methylene,2845.0,2865.0,any,any,,,0.1,position,1539,1007,0.654,213,13,794,519,0.212,0.976,0.942,0.395,8.66,4.99,15.0,,,0.81,0.78,0.84,False,
SMITH-BR4-CH2-SYM,main,group,methylene,methylene,2845.0,2865.0,any,any,,,0.1,+intensity,1539,1007,0.654,213,13,794,519,0.212,0.976,0.942,0.395,8.66,4.99,15.0,,,0.81,0.78,0.84,False,
SMITH-BR4-CH2-SYM,main,group,methylene,methylene,2845.0,2865.0,any,any,,,0.1,+shape,1539,1007,0.654,213,13,794,519,0.212,0.976,0.942,0.395,8.66,4.99,15.0,,,0.81,0.78,0.84,False,
SMITH-BR4-CH3-UMBRELLA,main,group,methyl,methyl,1365.0,1385.0,any,any,,,0.01,position,1539,1069,0.695,707,161,362,309,0.661,0.657,0.815,0.461,1.93,1.69,2.2,,,0.52,0.46,0.57,False,
SMITH-BR4-CH3-UMBRELLA,main,group,methyl,methyl,1365.0,1385.0,any,any,,,0.01,+intensity,1539,1069,0.695,707,161,362,309,0.661,0.657,0.815,0.461,1.93,1.69,2.2,,,0.52,0.46,0.57,False,
SMITH-BR4-CH3-UMBRELLA,main,group,methyl,methyl,1365.0,1385.0,any,any,,,0.01,+shape,1539,1069,0.695,707,161,362,309,0.661,0.657,0.815,0.461,1.93,1.69,2.2,,,0.52,0.46,0.57,False,
SMITH-BR4-CH3-UMBRELLA,main,group,methyl,methyl,1365.0,1385.0,any,any,,,0.02,position,1539,1069,0.695,654,137,415,333,0.612,0.709,0.827,0.445,2.1,1.81,2.44,,,0.55,0.5,0.6,False,
SMITH-BR4-CH3-UMBRELLA,main,group,methyl,methyl,1365.0,1385.0,any,any,,,0.02,+intensity,1539,1069,0.695,654,137,415,333,0.612,0.709,0.827,0.445,2.1,1.81,2.44,,,0.55,0.5,0.6,False,
SMITH-BR4-CH3-UMBRELLA,main,group,methyl,methyl,1365.0,1385.0,any,any,,,0.02,+shape,1539,1069,0.695,654,137,415,333,0.612,0.709,0.827,0.445,2.1,1.81,2.44,1.75,2.59,0.55,0.5,0.6,False,esters OR=6.6 (n=6); ether_mixed OR=5.4 (n=9); methylene_chain_4 OR=4.9 (n=10)
SMITH-BR4-CH3-UMBRELLA,main,group,methyl,methyl,1365.0,1385.0,any,any,,,0.05,position,1539,1069,0.695,560,106,509,364,0.524,0.774,0.841,0.417,2.32,1.95,2.77,,,0.61,0.57,0.67,False,
SMITH-BR4-CH3-UMBRELLA,main,group,methyl,methyl,1365.0,1385.0,any,any,,,0.05,+intensity,1539,1069,0.695,560,106,509,364,0.524,0.774,0.841,0.417,2.32,1.95,2.77,,,0.61,0.57,0.67,False,
SMITH-BR4-CH3-UMBRELLA,main,group,methyl,methyl,1365.0,1385.0,any,any,,,0.05,+shape,1539,1069,0.695,560,106,509,364,0.524,0.774,0.841,0.417,2.32,1.95,2.77,,,0.61,0.57,0.67,False,
SMITH-BR4-CH3-UMBRELLA,main,group,methyl,methyl,1365.0,1385.0,any,any,,,0.1,position,1539,1069,0.695,456,80,613,390,0.427,0.83,0.851,0.389,2.51,2.03,3.1,,,0.69,0.65,0.74,False,
SMITH-BR4-CH3-UMBRELLA,main,group,methyl,methyl,1365.0,1385.0,any,any,,,0.1,+intensity,1539,1069,0.695,456,80,613,390,0.427,0.83,0.851,0.389,2.51,2.03,3.1,,,0.69,0.65,0.74,False,
SMITH-BR4-CH3-UMBRELLA,main,group,methyl,methyl,1365.0,1385.0,any,any,,,0.1,+shape,1539,1069,0.695,456,80,613,390,0.427,0.83,0.851,0.389,2.51,2.03,3.1,,,0.69,0.65,0.74,False,
SMITH-BR4-CH2-ROCK,main,group,methylene,methylene_chain_4,710.0,730.0,any,any,,,0.01,position,1539,130,0.084,97,824,33,585,0.746,0.415,0.105,0.947,1.28,1.14,1.42,,,0.61,0.45,0.83,False,
SMITH-BR4-CH2-ROCK,main,group,methylene,methylene_chain_4,710.0,730.0,any,any,,,0.01,+intensity,1539,130,0.084,97,824,33,585,0.746,0.415,0.105,0.947,1.28,1.14,1.42,,,0.61,0.45,0.83,False,
SMITH-BR4-CH2-ROCK,main,group,methylene,methylene_chain_4,710.0,730.0,any,any,,,0.01,+shape,1539,130,0.084,97,824,33,585,0.746,0.415,0.105,0.947,1.28,1.14,1.42,,,0.61,0.45,0.83,False,
SMITH-BR4-CH2-ROCK,main,group,methylene,methylene_chain_4,710.0,730.0,any,any,,,0.02,position,1539,130,0.084,96,775,34,634,0.738,0.45,0.11,0.949,1.34,1.2,1.5,,,0.58,0.43,0.78,False,
SMITH-BR4-CH2-ROCK,main,group,methylene,methylene_chain_4,710.0,730.0,any,any,,,0.02,+intensity,1539,130,0.084,96,775,34,634,0.738,0.45,0.11,0.949,1.34,1.2,1.5,,,0.58,0.43,0.78,False,
SMITH-BR4-CH2-ROCK,main,group,methylene,methylene_chain_4,710.0,730.0,any,any,,,0.02,+shape,1539,130,0.084,96,775,34,634,0.738,0.45,0.11,0.949,1.34,1.2,1.5,1.08,1.59,0.58,0.43,0.78,False,aromatics OR=4.5 (n=755); nitrile_aromatic OR=3.9 (n=52); nitriles OR=3.8 (n=54)
SMITH-BR4-CH2-ROCK,main,group,methylene,methylene_chain_4,710.0,730.0,any,any,,,0.05,position,1539,130,0.084,87,659,43,750,0.669,0.532,0.117,0.946,1.43,1.25,1.63,,,0.62,0.48,0.8,False,
SMITH-BR4-CH2-ROCK,main,group,methylene,methylene_chain_4,710.0,730.0,any,any,,,0.05,+intensity,1539,130,0.084,87,659,43,750,0.669,0.532,0.117,0.946,1.43,1.25,1.63,,,0.62,0.48,0.8,False,
SMITH-BR4-CH2-ROCK,main,group,methylene,methylene_chain_4,710.0,730.0,any,any,,,0.05,+shape,1539,130,0.084,87,659,43,750,0.669,0.532,0.117,0.946,1.43,1.25,1.63,,,0.62,0.48,0.8,False,
SMITH-BR4-CH2-ROCK,main,group,methylene,methylene_chain_4,710.0,730.0,any,any,,,0.1,position,1539,130,0.084,74,571,56,838,0.569,0.595,0.115,0.937,1.4,1.19,1.65,,,0.72,0.59,0.89,False,
SMITH-BR4-CH2-ROCK,main,group,methylene,methylene_chain_4,710.0,730.0,any,any,,,0.1,+intensity,1539,130,0.084,74,571,56,838,0.569,0.595,0.115,0.937,1.4,1.19,1.65,,,0.72,0.59,0.89,False,
SMITH-BR4-CH2-ROCK,main,group,methylene,methylene_chain_4,710.0,730.0,any,any,,,0.1,+shape,1539,130,0.084,74,571,56,838,0.569,0.595,0.115,0.937,1.4,1.19,1.65,,,0.72,0.59,0.89,False,
SMITH-BR4-BZ-MONO-OOP,main,group,monosubstituted benzene,aromatic_mono,710.0,770.0,any,any,,,0.01,position,1539,344,0.224,338,1126,6,69,0.983,0.058,0.231,0.92,1.04,1.02,1.06,,,0.3,0.13,0.69,False,
SMITH-BR4-BZ-MONO-OOP,main,group,monosubstituted benzene,aromatic_mono,710.0,770.0,any,any,,,0.01,+intensity,1539,344,0.224,338,1126,6,69,0.983,0.058,0.231,0.92,1.04,1.02,1.06,,,0.3,0.13,0.69,False,
SMITH-BR4-BZ-MONO-OOP,main,group,monosubstituted benzene,aromatic_mono,710.0,770.0,any,any,,,0.01,+shape,1539,344,0.224,338,1126,6,69,0.983,0.058,0.231,0.92,1.04,1.02,1.06,,,0.3,0.13,0.69,False,
SMITH-BR4-BZ-MONO-OOP,main,group,monosubstituted benzene,aromatic_mono,710.0,770.0,any,any,,,0.02,position,1539,344,0.224,335,1112,9,83,0.974,0.069,0.232,0.902,1.05,1.02,1.07,,,0.38,0.19,0.74,False,
SMITH-BR4-BZ-MONO-OOP,main,group,monosubstituted benzene,aromatic_mono,710.0,770.0,any,any,,,0.02,+intensity,1539,344,0.224,335,1112,9,83,0.974,0.069,0.232,0.902,1.05,1.02,1.07,,,0.38,0.19,0.74,False,
SMITH-BR4-BZ-MONO-OOP,main,group,monosubstituted benzene,aromatic_mono,710.0,770.0,any,any,,,0.02,+shape,1539,344,0.224,335,1112,9,83,0.974,0.069,0.232,0.902,1.05,1.02,1.07,1.01,1.08,0.38,0.19,0.74,False,methylene_chain_4 OR=17.3 (n=104); aromatic_ortho OR=14.4 (n=88); nitro OR=6.6 (n=42)
SMITH-BR4-BZ-MONO-OOP,main,group,monosubstituted benzene,aromatic_mono,710.0,770.0,any,any,,,0.05,position,1539,344,0.224,333,1056,11,139,0.968,0.116,0.24,0.927,1.1,1.07,1.13,,,0.27,0.15,0.5,False,
SMITH-BR4-BZ-MONO-OOP,main,group,monosubstituted benzene,aromatic_mono,710.0,770.0,any,any,,,0.05,+intensity,1539,344,0.224,333,1056,11,139,0.968,0.116,0.24,0.927,1.1,1.07,1.13,,,0.27,0.15,0.5,False,
SMITH-BR4-BZ-MONO-OOP,main,group,monosubstituted benzene,aromatic_mono,710.0,770.0,any,any,,,0.05,+shape,1539,344,0.224,333,1056,11,139,0.968,0.116,0.24,0.927,1.1,1.07,1.13,,,0.27,0.15,0.5,False,
SMITH-BR4-BZ-MONO-OOP,main,group,monosubstituted benzene,aromatic_mono,710.0,770.0,any,any,,,0.1,position,1539,344,0.224,325,981,19,214,0.945,0.179,0.249,0.918,1.15,1.11,1.19,,,0.31,0.2,0.49,False,
SMITH-BR4-BZ-MONO-OOP,main,group,monosubstituted benzene,aromatic_mono,710.0,770.0,any,any,,,0.1,+intensity,1539,344,0.224,325,981,19,214,0.945,0.179,0.249,0.918,1.15,1.11,1.19,,,0.31,0.2,0.49,False,
SMITH-BR4-BZ-MONO-OOP,main,group,monosubstituted benzene,aromatic_mono,710.0,770.0,any,any,,,0.1,+shape,1539,344,0.224,325,981,19,214,0.945,0.179,0.249,0.918,1.15,1.11,1.19,,,0.31,0.2,0.49,False,
SMITH-BR4-BZ-MONO-690,main,group,monosubstituted benzene,aromatic_mono,680.0,700.0,any,any,,,0.01,position,1539,344,0.224,317,634,27,561,0.922,0.469,0.333,0.954,1.74,1.63,1.85,,,0.17,0.12,0.24,False,
SMITH-BR4-BZ-MONO-690,main,group,monosubstituted benzene,aromatic_mono,680.0,700.0,any,any,,,0.01,+intensity,1539,344,0.224,317,634,27,561,0.922,0.469,0.333,0.954,1.74,1.63,1.85,,,0.17,0.12,0.24,False,
SMITH-BR4-BZ-MONO-690,main,group,monosubstituted benzene,aromatic_mono,680.0,700.0,any,any,,,0.01,+shape,1539,344,0.224,317,634,27,561,0.922,0.469,0.333,0.954,1.74,1.63,1.85,,,0.17,0.12,0.24,False,
SMITH-BR4-BZ-MONO-690,main,group,monosubstituted benzene,aromatic_mono,680.0,700.0,any,any,,,0.02,position,1539,344,0.224,313,577,31,618,0.91,0.517,0.352,0.952,1.88,1.76,2.02,,,0.17,0.12,0.24,False,
SMITH-BR4-BZ-MONO-690,main,group,monosubstituted benzene,aromatic_mono,680.0,700.0,any,any,,,0.02,+intensity,1539,344,0.224,313,577,31,618,0.91,0.517,0.352,0.952,1.88,1.76,2.02,,,0.17,0.12,0.24,False,
SMITH-BR4-BZ-MONO-690,main,group,monosubstituted benzene,aromatic_mono,680.0,700.0,any,any,,,0.02,+shape,1539,344,0.224,313,577,31,618,0.91,0.517,0.352,0.952,1.88,1.76,2.02,1.68,2.19,0.17,0.12,0.24,False,ether_aryl OR=3.2 (n=7); aromatic_meta OR=2.8 (n=26); alkene_trisubstituted OR=2.5 (n=26)
SMITH-BR4-BZ-MONO-690,main,group,monosubstituted benzene,aromatic_mono,680.0,700.0,any,any,,,0.05,position,1539,344,0.224,309,452,35,743,0.898,0.622,0.406,0.955,2.37,2.19,2.57,,,0.16,0.12,0.22,False,
SMITH-BR4-BZ-MONO-690,main,group,monosubstituted benzene,aromatic_mono,680.0,700.0,any,any,,,0.05,+intensity,1539,344,0.224,309,452,35,743,0.898,0.622,0.406,0.955,2.37,2.19,2.57,,,0.16,0.12,0.22,False,
SMITH-BR4-BZ-MONO-690,main,group,monosubstituted benzene,aromatic_mono,680.0,700.0,any,any,,,0.05,+shape,1539,344,0.224,309,452,35,743,0.898,0.622,0.406,0.955,2.37,2.19,2.57,,,0.16,0.12,0.22,False,
SMITH-BR4-BZ-MONO-690,main,group,monosubstituted benzene,aromatic_mono,680.0,700.0,any,any,,,0.1,position,1539,344,0.224,295,320,49,875,0.858,0.732,0.48,0.947,3.2,2.89,3.55,,,0.19,0.15,0.25,False,
SMITH-BR4-BZ-MONO-690,main,group,monosubstituted benzene,aromatic_mono,680.0,700.0,any,any,,,0.1,+intensity,1539,344,0.224,295,320,49,875,0.858,0.732,0.48,0.947,3.2,2.89,3.55,,,0.19,0.15,0.25,False,
SMITH-BR4-BZ-MONO-690,main,group,monosubstituted benzene,aromatic_mono,680.0,700.0,any,any,,,0.1,+shape,1539,344,0.224,295,320,49,875,0.858,0.732,0.48,0.947,3.2,2.89,3.55,,,0.19,0.15,0.25,False,
SMITH-BR4-BZ-ORTHO-OOP,main,group,ortho-disubstituted benzene,aromatic_ortho,735.0,770.0,any,any,,680-700,0.01,position,1539,145,0.094,34,405,111,989,0.234,0.709,0.077,0.899,0.81,0.59,1.1,,,1.08,0.98,1.19,False,
SMITH-BR4-BZ-ORTHO-OOP,main,group,ortho-disubstituted benzene,aromatic_ortho,735.0,770.0,any,any,,680-700,0.01,+intensity,1539,145,0.094,34,405,111,989,0.234,0.709,0.077,0.899,0.81,0.59,1.1,,,1.08,0.98,1.19,False,
SMITH-BR4-BZ-ORTHO-OOP,main,group,ortho-disubstituted benzene,aromatic_ortho,735.0,770.0,any,any,,680-700,0.01,+shape,1539,145,0.094,34,405,111,989,0.234,0.709,0.077,0.899,0.81,0.59,1.1,,,1.08,0.98,1.19,False,
SMITH-BR4-BZ-ORTHO-OOP,main,group,ortho-disubstituted benzene,aromatic_ortho,735.0,770.0,any,any,,680-700,0.02,position,1539,145,0.094,37,434,108,960,0.255,0.689,0.079,0.899,0.82,0.61,1.09,,,1.08,0.98,1.2,False,
SMITH-BR4-BZ-ORTHO-OOP,main,group,ortho-disubstituted benzene,aromatic_ortho,735.0,770.0,any,any,,680-700,0.02,+intensity,1539,145,0.094,37,434,108,960,0.255,0.689,0.079,0.899,0.82,0.61,1.09,,,1.08,0.98,1.2,False,
SMITH-BR4-BZ-ORTHO-OOP,main,group,ortho-disubstituted benzene,aromatic_ortho,735.0,770.0,any,any,,680-700,0.02,+shape,1539,145,0.094,37,434,108,960,0.255,0.689,0.079,0.899,0.82,0.61,1.09,0.47,1.3,1.08,0.98,1.2,False,aldehyde_aromatic OR=2.2 (n=31); aldehydes OR=2.1 (n=32); alkyne_terminal OR=1.7 (n=10)
SMITH-BR4-BZ-ORTHO-OOP,main,group,ortho-disubstituted benzene,aromatic_ortho,735.0,770.0,any,any,,680-700,0.05,position,1539,145,0.094,40,483,105,911,0.276,0.654,0.076,0.897,0.8,0.61,1.05,,,1.11,1.0,1.23,False,
SMITH-BR4-BZ-ORTHO-OOP,main,group,ortho-disubstituted benzene,aromatic_ortho,735.0,770.0,any,any,,680-700,0.05,+intensity,1539,145,0.094,40,483,105,911,0.276,0.654,0.076,0.897,0.8,0.61,1.05,,,1.11,1.0,1.23,False,
SMITH-BR4-BZ-ORTHO-OOP,main,group,ortho-disubstituted benzene,aromatic_ortho,735.0,770.0,any,any,,680-700,0.05,+shape,1539,145,0.094,40,483,105,911,0.276,0.654,0.076,0.897,0.8,0.61,1.05,,,1.11,1.0,1.23,False,
SMITH-BR4-BZ-ORTHO-OOP,main,group,ortho-disubstituted benzene,aromatic_ortho,735.0,770.0,any,any,,680-700,0.1,position,1539,145,0.094,53,522,92,872,0.366,0.626,0.092,0.905,0.98,0.78,1.22,,,1.01,0.89,1.16,False,
SMITH-BR4-BZ-ORTHO-OOP,main,group,ortho-disubstituted benzene,aromatic_ortho,735.0,770.0,any,any,,680-700,0.1,+intensity,1539,145,0.094,53,522,92,872,0.366,0.626,0.092,0.905,0.98,0.78,1.22,,,1.01,0.89,1.16,False,
SMITH-BR4-BZ-ORTHO-OOP,main,group,ortho-disubstituted benzene,aromatic_ortho,735.0,770.0,any,any,,680-700,0.1,+shape,1539,145,0.094,53,522,92,872,0.366,0.626,0.092,0.905,0.98,0.78,1.22,,,1.01,0.89,1.16,False,
SMITH-BR4-BZ-META-OOP,main,group,meta-disubstituted benzene,aromatic_meta,750.0,810.0,any,any,,,0.01,position,1539,42,0.027,42,1386,0,111,1.0,0.074,0.029,1.0,1.07,1.03,1.11,,,0.16,0.01,2.47,False,
SMITH-BR4-BZ-META-OOP,main,group,meta-disubstituted benzene,aromatic_meta,750.0,810.0,any,any,,,0.01,+intensity,1539,42,0.027,42,1386,0,111,1.0,0.074,0.029,1.0,1.07,1.03,1.11,,,0.16,0.01,2.47,False,
SMITH-BR4-BZ-META-OOP,main,group,meta-disubstituted benzene,aromatic_meta,750.0,810.0,any,any,,,0.01,+shape,1539,42,0.027,42,1386,0,111,1.0,0.074,0.029,1.0,1.07,1.03,1.11,,,0.16,0.01,2.47,False,
SMITH-BR4-BZ-META-OOP,main,group,meta-disubstituted benzene,aromatic_meta,750.0,810.0,any,any,,,0.02,position,1539,42,0.027,41,1353,1,144,0.976,0.096,0.029,0.993,1.08,1.03,1.14,,,0.25,0.04,1.73,False,
SMITH-BR4-BZ-META-OOP,main,group,meta-disubstituted benzene,aromatic_meta,750.0,810.0,any,any,,,0.02,+intensity,1539,42,0.027,41,1353,1,144,0.976,0.096,0.029,0.993,1.08,1.03,1.14,,,0.25,0.04,1.73,False,
SMITH-BR4-BZ-META-OOP,main,group,meta-disubstituted benzene,aromatic_meta,750.0,810.0,any,any,,,0.02,+shape,1539,42,0.027,41,1353,1,144,0.976,0.096,0.029,0.993,1.08,1.03,1.14,1.05,1.11,0.25,0.04,1.73,False,carboxylic_acid_aromatic OR=6.2 (n=28); aromatics OR=4.5 (n=1281); ester_aromatic OR=2.7 (n=108)
SMITH-BR4-BZ-META-OOP,main,group,meta-disubstituted benzene,aromatic_meta,750.0,810.0,any,any,,,0.05,position,1539,42,0.027,39,1260,3,237,0.929,0.158,0.03,0.988,1.1,1.01,1.2,,,0.45,0.15,1.35,False,
SMITH-BR4-BZ-META-OOP,main,group,meta-disubstituted benzene,aromatic_meta,750.0,810.0,any,any,,,0.05,+intensity,1539,42,0.027,39,1260,3,237,0.929,0.158,0.03,0.988,1.1,1.01,1.2,,,0.45,0.15,1.35,False,
SMITH-BR4-BZ-META-OOP,main,group,meta-disubstituted benzene,aromatic_meta,750.0,810.0,any,any,,,0.05,+shape,1539,42,0.027,39,1260,3,237,0.929,0.158,0.03,0.988,1.1,1.01,1.2,,,0.45,0.15,1.35,False,
SMITH-BR4-BZ-META-OOP,main,group,meta-disubstituted benzene,aromatic_meta,750.0,810.0,any,any,,,0.1,position,1539,42,0.027,39,1154,3,343,0.929,0.229,0.033,0.991,1.2,1.1,1.32,,,0.31,0.1,0.93,False,
SMITH-BR4-BZ-META-OOP,main,group,meta-disubstituted benzene,aromatic_meta,750.0,810.0,any,any,,,0.1,+intensity,1539,42,0.027,39,1154,3,343,0.929,0.229,0.033,0.991,1.2,1.1,1.32,,,0.31,0.1,0.93,False,
SMITH-BR4-BZ-META-OOP,main,group,meta-disubstituted benzene,aromatic_meta,750.0,810.0,any,any,,,0.1,+shape,1539,42,0.027,39,1154,3,343,0.929,0.229,0.033,0.991,1.2,1.1,1.32,,,0.31,0.1,0.93,False,
SMITH-BR4-BZ-META-690,main,group,meta-disubstituted benzene,aromatic_meta,680.0,700.0,any,any,,,0.01,position,1539,42,0.027,31,920,11,577,0.738,0.385,0.033,0.981,1.2,1.0,1.44,,,0.68,0.41,1.13,False,
SMITH-BR4-BZ-META-690,main,group,meta-disubstituted benzene,aromatic_meta,680.0,700.0,any,any,,,0.01,+intensity,1539,42,0.027,31,920,11,577,0.738,0.385,0.033,0.981,1.2,1.0,1.44,,,0.68,0.41,1.13,False,
SMITH-BR4-BZ-META-690,main,group,meta-disubstituted benzene,aromatic_meta,680.0,700.0,any,any,,,0.01,+shape,1539,42,0.027,31,920,11,577,0.738,0.385,0.033,0.981,1.2,1.0,1.44,,,0.68,0.41,1.13,False,
SMITH-BR4-BZ-META-690,main,group,meta-disubstituted benzene,aromatic_meta,680.0,700.0,any,any,,,0.02,position,1539,42,0.027,31,859,11,638,0.738,0.426,0.035,0.983,1.29,1.07,1.55,,,0.61,0.37,1.02,False,
SMITH-BR4-BZ-META-690,main,group,meta-disubstituted benzene,aromatic_meta,680.0,700.0,any,any,,,0.02,+intensity,1539,42,0.027,31,859,11,638,0.738,0.426,0.035,0.983,1.29,1.07,1.55,,,0.61,0.37,1.02,False,
SMITH-BR4-BZ-META-690,main,group,meta-disubstituted benzene,aromatic_meta,680.0,700.0,any,any,,,0.02,+shape,1539,42,0.027,31,859,11,638,0.738,0.426,0.035,0.983,1.29,1.07,1.55,0.98,1.6,0.61,0.37,1.02,False,aromatic_mono OR=11.2 (n=308); ether_aryl OR=5.3 (n=10); alkyne_internal OR=3.0 (n=62)
SMITH-BR4-BZ-META-690,main,group,meta-disubstituted benzene,aromatic_meta,680.0,700.0,any,any,,,0.05,position,1539,42,0.027,31,730,11,767,0.738,0.512,0.041,0.986,1.51,1.25,1.83,,,0.51,0.31,0.85,False,
SMITH-BR4-BZ-META-690,main,group,meta-disubstituted benzene,aromatic_meta,680.0,700.0,any,any,,,0.05,+intensity,1539,42,0.027,31,730,11,767,0.738,0.512,0.041,0.986,1.51,1.25,1.83,,,0.51,0.31,0.85,False,
SMITH-BR4-BZ-META-690,main,group,meta-disubstituted benzene,aromatic_meta,680.0,700.0,any,any,,,0.05,+shape,1539,42,0.027,31,730,11,767,0.738,0.512,0.041,0.986,1.51,1.25,1.83,,,0.51,0.31,0.85,False,
SMITH-BR4-BZ-META-690,main,group,meta-disubstituted benzene,aromatic_meta,680.0,700.0,any,any,,,0.1,position,1539,42,0.027,30,585,12,912,0.714,0.609,0.049,0.987,1.83,1.49,2.24,,,0.47,0.29,0.76,False,
SMITH-BR4-BZ-META-690,main,group,meta-disubstituted benzene,aromatic_meta,680.0,700.0,any,any,,,0.1,+intensity,1539,42,0.027,30,585,12,912,0.714,0.609,0.049,0.987,1.83,1.49,2.24,,,0.47,0.29,0.76,False,
SMITH-BR4-BZ-META-690,main,group,meta-disubstituted benzene,aromatic_meta,680.0,700.0,any,any,,,0.1,+shape,1539,42,0.027,30,585,12,912,0.714,0.609,0.049,0.987,1.83,1.49,2.24,,,0.47,0.29,0.76,False,
SMITH-BR4-BZ-PARA-OOP,main,group,para-disubstituted benzene,aromatic_para,790.0,860.0,any,any,,680-700,0.01,position,1539,415,0.27,174,383,241,741,0.419,0.659,0.312,0.755,1.23,1.07,1.41,,,0.88,0.8,0.97,False,
SMITH-BR4-BZ-PARA-OOP,main,group,para-disubstituted benzene,aromatic_para,790.0,860.0,any,any,,680-700,0.01,+intensity,1539,415,0.27,174,383,241,741,0.419,0.659,0.312,0.755,1.23,1.07,1.41,,,0.88,0.8,0.97,False,
SMITH-BR4-BZ-PARA-OOP,main,group,para-disubstituted benzene,aromatic_para,790.0,860.0,any,any,,680-700,0.01,+shape,1539,415,0.27,174,383,241,741,0.419,0.659,0.312,0.755,1.23,1.07,1.41,,,0.88,0.8,0.97,False,
SMITH-BR4-BZ-PARA-OOP,main,group,para-disubstituted benzene,aromatic_para,790.0,860.0,any,any,,680-700,0.02,position,1539,415,0.27,184,419,231,705,0.443,0.627,0.305,0.753,1.19,1.04,1.36,,,0.89,0.81,0.98,False,
SMITH-BR4-BZ-PARA-OOP,main,group,para-disubstituted benzene,aromatic_para,790.0,860.0,any,any,,680-700,0.02,+intensity,1539,415,0.27,184,419,231,705,0.443,0.627,0.305,0.753,1.19,1.04,1.36,,,0.89,0.81,0.98,False,
SMITH-BR4-BZ-PARA-OOP,main,group,para-disubstituted benzene,aromatic_para,790.0,860.0,any,any,,680-700,0.02,+shape,1539,415,0.27,184,419,231,705,0.443,0.627,0.305,0.753,1.19,1.04,1.36,0.94,1.47,0.89,0.81,0.98,False,amine_primary_saturated OR=7.2 (n=10); amide_primary OR=2.4 (n=3); aldehyde_aromatic OR=2.0 (n=31)
SMITH-BR4-BZ-PARA-OOP,main,group,para-disubstituted benzene,aromatic_para,790.0,860.0,any,any,,680-700,0.05,position,1539,415,0.27,220,450,195,674,0.53,0.6,0.328,0.776,1.32,1.18,1.49,,,0.78,0.7,0.88,False,
SMITH-BR4-BZ-PARA-OOP,main,group,para-disubstituted benzene,aromatic_para,790.0,860.0,any,any,,680-700,0.05,+intensity,1539,415,0.27,220,450,195,674,0.53,0.6,0.328,0.776,1.32,1.18,1.49,,,0.78,0.7,0.88,False,
SMITH-BR4-BZ-PARA-OOP,main,group,para-disubstituted benzene,aromatic_para,790.0,860.0,any,any,,680-700,0.05,+shape,1539,415,0.27,220,450,195,674,0.53,0.6,0.328,0.776,1.32,1.18,1.49,,,0.78,0.7,0.88,False,
SMITH-BR4-BZ-PARA-OOP,main,group,para-disubstituted benzene,aromatic_para,790.0,860.0,any,any,,680-700,0.1,position,1539,415,0.27,253,483,162,641,0.61,0.57,0.344,0.798,1.42,1.28,1.57,,,0.68,0.6,0.78,False,
SMITH-BR4-BZ-PARA-OOP,main,group,para-disubstituted benzene,aromatic_para,790.0,860.0,any,any,,680-700,0.1,+intensity,1539,415,0.27,253,483,162,641,0.61,0.57,0.344,0.798,1.42,1.28,1.57,,,0.68,0.6,0.78,False,
SMITH-BR4-BZ-PARA-OOP,main,group,para-disubstituted benzene,aromatic_para,790.0,860.0,any,any,,680-700,0.1,+shape,1539,415,0.27,253,483,162,641,0.61,0.57,0.344,0.798,1.42,1.28,1.57,,,0.68,0.6,0.78,False,
SMITH-BZ16-ARCH-STR,main,class,aromatic ring,aromatics,3000.0,3100.0,any,any,,,0.01,position,1539,1438,0.934,1158,31,280,70,0.805,0.693,0.974,0.2,2.62,1.96,3.52,,,0.28,0.24,0.33,False,
SMITH-BZ16-ARCH-STR,main,class,aromatic ring,aromatics,3000.0,3100.0,any,any,,,0.01,+intensity,1539,1438,0.934,1158,31,280,70,0.805,0.693,0.974,0.2,2.62,1.96,3.52,,,0.28,0.24,0.33,False,
SMITH-BZ16-ARCH-STR,main,class,aromatic ring,aromatics,3000.0,3100.0,any,any,,,0.01,+shape,1539,1438,0.934,1158,31,280,70,0.805,0.693,0.974,0.2,2.62,1.96,3.52,,,0.28,0.24,0.33,False,
SMITH-BZ16-ARCH-STR,main,class,aromatic ring,aromatics,3000.0,3100.0,any,any,,,0.02,position,1539,1438,0.934,902,22,536,79,0.627,0.782,0.976,0.128,2.88,1.99,4.18,,,0.48,0.42,0.54,False,
SMITH-BZ16-ARCH-STR,main,class,aromatic ring,aromatics,3000.0,3100.0,any,any,,,0.02,+intensity,1539,1438,0.934,902,22,536,79,0.627,0.782,0.976,0.128,2.88,1.99,4.18,,,0.48,0.42,0.54,False,
SMITH-BZ16-ARCH-STR,main,class,aromatic ring,aromatics,3000.0,3100.0,any,any,,,0.02,+shape,1539,1438,0.934,902,22,536,79,0.627,0.782,0.976,0.128,2.88,1.99,4.18,1.79,5.11,0.48,0.42,0.54,False,alkene_disubstituted OR=50.0 (n=5); amide_secondary OR=7.5 (n=4); amides OR=3.3 (n=4)
SMITH-BZ16-ARCH-STR,main,class,aromatic ring,aromatics,3000.0,3100.0,any,any,,,0.05,position,1539,1438,0.934,362,10,1076,91,0.252,0.901,0.973,0.078,2.54,1.4,4.61,,,0.83,0.77,0.89,False,
SMITH-BZ16-ARCH-STR,main,class,aromatic ring,aromatics,3000.0,3100.0,any,any,,,0.05,+intensity,1539,1438,0.934,362,10,1076,91,0.252,0.901,0.973,0.078,2.54,1.4,4.61,,,0.83,0.77,0.89,False,
SMITH-BZ16-ARCH-STR,main,class,aromatic ring,aromatics,3000.0,3100.0,any,any,,,0.05,+shape,1539,1438,0.934,362,10,1076,91,0.252,0.901,0.973,0.078,2.54,1.4,4.61,,,0.83,0.77,0.89,False,
SMITH-BZ16-ARCH-STR,main,class,aromatic ring,aromatics,3000.0,3100.0,any,any,,,0.1,position,1539,1438,0.934,74,4,1364,97,0.051,0.96,0.949,0.066,1.3,0.48,3.48,,,0.99,0.95,1.03,False,
SMITH-BZ16-ARCH-STR,main,class,aromatic ring,aromatics,3000.0,3100.0,any,any,,,0.1,+intensity,1539,1438,0.934,74,4,1364,97,0.051,0.96,0.949,0.066,1.3,0.48,3.48,,,0.99,0.95,1.03,False,
SMITH-BZ16-ARCH-STR,main,class,aromatic ring,aromatics,3000.0,3100.0,any,any,,,0.1,+shape,1539,1438,0.934,74,4,1364,97,0.051,0.96,0.949,0.066,1.3,0.48,3.48,,,0.99,0.95,1.03,False,
SMITH-BZ16-RING,main,class,aromatic ring,aromatics,1400.0,1620.0,any,any,,,0.01,position,1539,1438,0.934,1438,101,0,0,1.0,0.0,0.934,,1.0,0.99,1.02,,,0.07,0.0,3.55,False,
SMITH-BZ16-RING,main,class,aromatic ring,aromatics,1400.0,1620.0,any,any,,,0.01,+intensity,1539,1438,0.934,1438,101,0,0,1.0,0.0,0.934,,1.0,0.99,1.02,,,0.07,0.0,3.55,False,
SMITH-BZ16-RING,main,class,aromatic ring,aromatics,1400.0,1620.0,any,any,,,0.01,+shape,1539,1438,0.934,1438,101,0,0,1.0,0.0,0.934,,1.0,0.99,1.02,,,0.07,0.0,3.55,False,
SMITH-BZ16-RING,main,class,aromatic ring,aromatics,1400.0,1620.0,any,any,,,0.02,position,1539,1438,0.934,1438,101,0,0,1.0,0.0,0.934,,1.0,0.99,1.02,,,0.07,0.0,3.55,False,
SMITH-BZ16-RING,main,class,aromatic ring,aromatics,1400.0,1620.0,any,any,,,0.02,+intensity,1539,1438,0.934,1438,101,0,0,1.0,0.0,0.934,,1.0,0.99,1.02,,,0.07,0.0,3.55,False,
SMITH-BZ16-RING,main,class,aromatic ring,aromatics,1400.0,1620.0,any,any,,,0.02,+shape,1539,1438,0.934,1438,101,0,0,1.0,0.0,0.934,,1.0,0.99,1.02,1.0,1.01,0.07,0.0,3.55,False,alkane OR=21.7 (n=97); methylene OR=11.0 (n=93); methyl OR=6.6 (n=88)
SMITH-BZ16-RING,main,class,aromatic ring,aromatics,1400.0,1620.0,any,any,,,0.05,position,1539,1438,0.934,1434,93,4,8,0.997,0.079,0.939,0.667,1.08,1.02,1.15,,,0.04,0.01,0.11,False,
SMITH-BZ16-RING,main,class,aromatic ring,aromatics,1400.0,1620.0,any,any,,,0.05,+intensity,1539,1438,0.934,1434,93,4,8,0.997,0.079,0.939,0.667,1.08,1.02,1.15,,,0.04,0.01,0.11,False,
SMITH-BZ16-RING,main,class,aromatic ring,aromatics,1400.0,1620.0,any,any,,,0.05,+shape,1539,1438,0.934,1434,93,4,8,0.997,0.079,0.939,0.667,1.08,1.02,1.15,,,0.04,0.01,0.11,False,
SMITH-BZ16-RING,main,class,aromatic ring,aromatics,1400.0,1620.0,any,any,,,0.1,position,1539,1438,0.934,1419,87,19,14,0.987,0.139,0.942,0.424,1.15,1.06,1.24,,,0.1,0.05,0.18,False,
SMITH-BZ16-RING,main,class,aromatic ring,aromatics,1400.0,1620.0,any,any,,,0.1,+intensity,1539,1438,0.934,1419,87,19,14,0.987,0.139,0.942,0.424,1.15,1.06,1.24,,,0.1,0.05,0.18,False,
SMITH-BZ16-RING,main,class,aromatic ring,aromatics,1400.0,1620.0,any,any,,,0.1,+shape,1539,1438,0.934,1419,87,19,14,0.987,0.139,0.942,0.424,1.15,1.06,1.24,,,0.1,0.05,0.18,False,
SMITH-BZ16-OOP,main,class,aromatic ring,aromatics,700.0,1000.0,any,any,,,0.01,position,1539,1438,0.934,1437,101,1,0,0.999,0.0,0.934,0.0,1.0,0.99,1.02,,,0.21,0.01,5.19,False,
SMITH-BZ16-OOP,main,class,aromatic ring,aromatics,700.0,1000.0,any,any,,,0.01,+intensity,1539,1438,0.934,1437,101,1,0,0.999,0.0,0.934,0.0,1.0,0.99,1.02,,,0.21,0.01,5.19,False,
SMITH-BZ16-OOP,main,class,aromatic ring,aromatics,700.0,1000.0,any,any,,,0.01,+shape,1539,1438,0.934,1437,101,1,0,0.999,0.0,0.934,0.0,1.0,0.99,1.02,,,0.21,0.01,5.19,False,
SMITH-BZ16-OOP,main,class,aromatic ring,aromatics,700.0,1000.0,any,any,,,0.02,position,1539,1438,0.934,1437,101,1,0,0.999,0.0,0.934,0.0,1.0,0.99,1.02,,,0.21,0.01,5.19,False,
SMITH-BZ16-OOP,main,class,aromatic ring,aromatics,700.0,1000.0,any,any,,,0.02,+intensity,1539,1438,0.934,1437,101,1,0,0.999,0.0,0.934,0.0,1.0,0.99,1.02,,,0.21,0.01,5.19,False,
SMITH-BZ16-OOP,main,class,aromatic ring,aromatics,700.0,1000.0,any,any,,,0.02,+shape,1539,1438,0.934,1437,101,1,0,0.999,0.0,0.934,0.0,1.0,0.99,1.02,1.0,1.01,0.21,0.01,5.19,False,alkane OR=21.7 (n=97); methylene OR=11.0 (n=93); methyl OR=6.6 (n=88)
SMITH-BZ16-OOP,main,class,aromatic ring,aromatics,700.0,1000.0,any,any,,,0.05,position,1539,1438,0.934,1437,100,1,1,0.999,0.01,0.935,0.5,1.01,0.99,1.03,,,0.07,0.0,1.11,False,
SMITH-BZ16-OOP,main,class,aromatic ring,aromatics,700.0,1000.0,any,any,,,0.05,+intensity,1539,1438,0.934,1437,100,1,1,0.999,0.01,0.935,0.5,1.01,0.99,1.03,,,0.07,0.0,1.11,False,
SMITH-BZ16-OOP,main,class,aromatic ring,aromatics,700.0,1000.0,any,any,,,0.05,+shape,1539,1438,0.934,1437,100,1,1,0.999,0.01,0.935,0.5,1.01,0.99,1.03,,,0.07,0.0,1.11,False,
SMITH-BZ16-OOP,main,class,aromatic ring,aromatics,700.0,1000.0,any,any,,,0.1,position,1539,1438,0.934,1436,97,2,4,0.999,0.04,0.937,0.667,1.04,1.0,1.08,,,0.04,0.01,0.19,False,
SMITH-BZ16-OOP,main,class,aromatic ring,aromatics,700.0,1000.0,any,any,,,0.1,+intensity,1539,1438,0.934,1436,97,2,4,0.999,0.04,0.937,0.667,1.04,1.0,1.08,,,0.04,0.01,0.19,False,
SMITH-BZ16-OOP,main,class,aromatic ring,aromatics,700.0,1000.0,any,any,,,0.1,+shape,1539,1438,0.934,1436,97,2,4,0.999,0.04,0.937,0.667,1.04,1.0,1.08,,,0.04,0.01,0.19,False,
SMITH-BR5-ROH-OH-STR,main,group,alcohol,alcohols,3300.0,3400.0,any,any,,,0.01,position,1539,181,0.118,75,570,106,788,0.414,0.58,0.116,0.881,0.99,0.82,1.19,,,1.01,0.89,1.15,False,
SMITH-BR5-ROH-OH-STR,main,group,alcohol,alcohols,3300.0,3400.0,any,any,,,0.01,+intensity,1539,181,0.118,75,570,106,788,0.414,0.58,0.116,0.881,0.99,0.82,1.19,,,1.01,0.89,1.15,False,
SMITH-BR5-ROH-OH-STR,main,group,alcohol,alcohols,3300.0,3400.0,any,any,,,0.01,+shape,1539,181,0.118,75,570,106,788,0.414,0.58,0.116,0.881,0.99,0.82,1.19,,,1.01,0.89,1.15,False,
SMITH-BR5-ROH-OH-STR,main,group,alcohol,alcohols,3300.0,3400.0,any,any,,,0.02,position,1539,181,0.118,62,346,119,1012,0.343,0.745,0.152,0.895,1.34,1.08,1.68,,,0.88,0.79,0.98,False,
SMITH-BR5-ROH-OH-STR,main,group,alcohol,alcohols,3300.0,3400.0,any,any,,,0.02,+intensity,1539,181,0.118,62,346,119,1012,0.343,0.745,0.152,0.895,1.34,1.08,1.68,,,0.88,0.79,0.98,False,
SMITH-BR5-ROH-OH-STR,main,group,alcohol,alcohols,3300.0,3400.0,any,any,,,0.02,+shape,1539,181,0.118,62,346,119,1012,0.343,0.745,0.152,0.895,1.34,1.08,1.68,1.03,1.72,0.88,0.79,0.98,False,amine_primary OR=14.3 (n=59); amine_primary_saturated OR=13.9 (n=11); amine_primary_aromatic OR=12.4 (n=46)
SMITH-BR5-ROH-OH-STR,main,group,alcohol,alcohols,3300.0,3400.0,any,any,,,0.05,position,1539,181,0.118,52,199,129,1159,0.287,0.853,0.207,0.9,1.96,1.51,2.55,,,0.84,0.76,0.92,False,
SMITH-BR5-ROH-OH-STR,main,group,alcohol,alcohols,3300.0,3400.0,any,any,,,0.05,+intensity,1539,181,0.118,52,199,129,1159,0.287,0.853,0.207,0.9,1.96,1.51,2.55,,,0.84,0.76,0.92,False,
SMITH-BR5-ROH-OH-STR,main,group,alcohol,alcohols,3300.0,3400.0,any,any,,,0.05,+shape,1539,181,0.118,52,199,129,1159,0.287,0.853,0.207,0.9,1.96,1.51,2.55,,,0.84,0.76,0.92,False,
SMITH-BR5-ROH-OH-STR,main,group,alcohol,alcohols,3300.0,3400.0,any,any,,,0.1,position,1539,181,0.118,48,138,133,1220,0.265,0.898,0.258,0.902,2.61,1.95,3.49,,,0.82,0.75,0.89,False,
SMITH-BR5-ROH-OH-STR,main,group,alcohol,alcohols,3300.0,3400.0,any,any,,,0.1,+intensity,1539,181,0.118,48,138,133,1220,0.265,0.898,0.258,0.902,2.61,1.95,3.49,,,0.82,0.75,0.89,False,
SMITH-BR5-ROH-OH-STR,main,group,alcohol,alcohols,3300.0,3400.0,any,any,,,0.1,+shape,1539,181,0.118,48,138,133,1220,0.265,0.898,0.258,0.902,2.61,1.95,3.49,,,0.82,0.75,0.89,False,
SMITH-BR5-ROH-OH-WAG,main,group,alcohol,alcohols,600.0,700.0,any,any,,,0.01,position,1539,181,0.118,161,1195,20,163,0.89,0.12,0.119,0.891,1.01,0.96,1.07,,,0.92,0.59,1.43,False,
SMITH-BR5-ROH-OH-WAG,main,group,alcohol,alcohols,600.0,700.0,any,any,,,0.01,+intensity,1539,181,0.118,161,1195,20,163,0.89,0.12,0.119,0.891,1.01,0.96,1.07,,,0.92,0.59,1.43,False,
SMITH-BR5-ROH-OH-WAG,main,group,alcohol,alcohols,600.0,700.0,any,any,,,0.01,+shape,1539,181,0.118,161,1195,20,163,0.89,0.12,0.119,0.891,1.01,0.96,1.07,,,0.92,0.59,1.43,False,
SMITH-BR5-ROH-OH-WAG,main,group,alcohol,alcohols,600.0,700.0,any,any,,,0.02,position,1539,181,0.118,151,1145,30,213,0.834,0.157,0.117,0.877,0.99,0.92,1.06,,,1.06,0.75,1.5,False,
SMITH-BR5-ROH-OH-WAG,main,group,alcohol,alcohols,600.0,700.0,any,any,,,0.02,+intensity,1539,181,0.118,151,1145,30,213,0.834,0.157,0.117,0.877,0.99,0.92,1.06,,,1.06,0.75,1.5,False,
SMITH-BR5-ROH-OH-WAG,main,group,alcohol,alcohols,600.0,700.0,any,any,,,0.02,+shape,1539,181,0.118,151,1145,30,213,0.834,0.157,0.117,0.877,0.99,0.92,1.06,0.91,1.08,1.06,0.75,1.5,False,aromatic_meta OR=14.4 (n=37); aromatic_mono OR=5.8 (n=302); ether_aryl OR=4.7 (n=12)
SMITH-BR5-ROH-OH-WAG,main,group,alcohol,alcohols,600.0,700.0,any,any,,,0.05,position,1539,181,0.118,131,1041,50,317,0.724,0.233,0.112,0.864,0.94,0.86,1.04,,,1.18,0.92,1.53,False,
SMITH-BR5-ROH-OH-WAG,main,group,alcohol,alcohols,600.0,700.0,any,any,,,0.05,+intensity,1539,181,0.118,131,1041,50,317,0.724,0.233,0.112,0.864,0.94,0.86,1.04,,,1.18,0.92,1.53,False,
SMITH-BR5-ROH-OH-WAG,main,group,alcohol,alcohols,600.0,700.0,any,any,,,0.05,+shape,1539,181,0.118,131,1041,50,317,0.724,0.233,0.112,0.864,0.94,0.86,1.04,,,1.18,0.92,1.53,False,
SMITH-BR5-ROH-OH-WAG,main,group,alcohol,alcohols,600.0,700.0,any,any,,,0.1,position,1539,181,0.118,117,900,64,458,0.646,0.337,0.115,0.877,0.98,0.87,1.09,,,1.05,0.85,1.29,False,
SMITH-BR5-ROH-OH-WAG,main,group,alcohol,alcohols,600.0,700.0,any,any,,,0.1,+intensity,1539,181,0.118,117,900,64,458,0.646,0.337,0.115,0.877,0.98,0.87,1.09,,,1.05,0.85,1.29,False,
SMITH-BR5-ROH-OH-WAG,main,group,alcohol,alcohols,600.0,700.0,any,any,,,0.1,+shape,1539,181,0.118,117,900,64,458,0.646,0.337,0.115,0.877,0.98,0.87,1.09,,,1.05,0.85,1.29,False,
SMITH-BR5-ROH-PRIM-CO,main,group,primary alcohol,alcohol_primary,1000.0,1075.0,any,any,,,0.01,position,1539,20,0.013,19,1481,1,38,0.95,0.025,0.013,0.974,0.97,0.88,1.08,,,2.0,0.29,13.85,False,
SMITH-BR5-ROH-PRIM-CO,main,group,primary alcohol,alcohol_primary,1000.0,1075.0,any,any,,,0.01,+intensity,1539,20,0.013,19,1481,1,38,0.95,0.025,0.013,0.974,0.97,0.88,1.08,,,2.0,0.29,13.85,False,
SMITH-BR5-ROH-PRIM-CO,main,group,primary alcohol,alcohol_primary,1000.0,1075.0,any,any,,,0.01,+shape,1539,20,0.013,19,1481,1,38,0.95,0.025,0.013,0.974,0.97,0.88,1.08,,,2.0,0.29,13.85,False,
SMITH-BR5-ROH-PRIM-CO,main,group,primary alcohol,alcohol_primary,1000.0,1075.0,any,any,,,0.02,position,1539,20,0.013,19,1457,1,62,0.95,0.041,0.013,0.984,0.99,0.9,1.1,,,1.23,0.18,8.4,False,
SMITH-BR5-ROH-PRIM-CO,main,group,primary alcohol,alcohol_primary,1000.0,1075.0,any,any,,,0.02,+intensity,1539,20,0.013,19,1457,1,62,0.95,0.041,0.013,0.984,0.99,0.9,1.1,,,1.23,0.18,8.4,False,
SMITH-BR5-ROH-PRIM-CO,main,group,primary alcohol,alcohol_primary,1000.0,1075.0,any,any,,,0.02,+shape,1539,20,0.013,19,1457,1,62,0.95,0.041,0.013,0.984,0.99,0.9,1.1,0.9,1.04,1.23,0.18,8.4,False,ether OR=32.7 (n=302); ether_mixed OR=23.0 (n=226); c_o_single_any OR=19.2 (n=465)
SMITH-BR5-ROH-PRIM-CO,main,group,primary alcohol,alcohol_primary,1000.0,1075.0,any,any,,,0.05,position,1539,20,0.013,18,1394,2,125,0.9,0.082,0.013,0.984,0.98,0.85,1.14,,,1.22,0.32,4.57,False,
SMITH-BR5-ROH-PRIM-CO,main,group,primary alcohol,alcohol_primary,1000.0,1075.0,any,any,,,0.05,+intensity,1539,20,0.013,18,1394,2,125,0.9,0.082,0.013,0.984,0.98,0.85,1.14,,,1.22,0.32,4.57,False,
SMITH-BR5-ROH-PRIM-CO,main,group,primary alcohol,alcohol_primary,1000.0,1075.0,any,any,,,0.05,+shape,1539,20,0.013,18,1394,2,125,0.9,0.082,0.013,0.984,0.98,0.85,1.14,,,1.22,0.32,4.57,False,
SMITH-BR5-ROH-PRIM-CO,main,group,primary alcohol,alcohol_primary,1000.0,1075.0,any,any,,,0.1,position,1539,20,0.013,18,1253,2,266,0.9,0.175,0.014,0.993,1.09,0.94,1.26,,,0.57,0.15,2.14,False,
SMITH-BR5-ROH-PRIM-CO,main,group,primary alcohol,alcohol_primary,1000.0,1075.0,any,any,,,0.1,+intensity,1539,20,0.013,18,1253,2,266,0.9,0.175,0.014,0.993,1.09,0.94,1.26,,,0.57,0.15,2.14,False,
SMITH-BR5-ROH-PRIM-CO,main,group,primary alcohol,alcohol_primary,1000.0,1075.0,any,any,,,0.1,+shape,1539,20,0.013,18,1253,2,266,0.9,0.175,0.014,0.993,1.09,0.94,1.26,,,0.57,0.15,2.14,False,
SMITH-BR5-ROH-SEC-CO,main,group,secondary alcohol,alcohol_secondary,1075.0,1150.0,any,any,,,0.01,position,1539,47,0.031,46,1446,1,46,0.979,0.031,0.031,0.979,1.01,0.97,1.05,,,0.69,0.1,4.9,False,
SMITH-BR5-ROH-SEC-CO,main,group,secondary alcohol,alcohol_secondary,1075.0,1150.0,any,any,,,0.01,+intensity,1539,47,0.031,46,1446,1,46,0.979,0.031,0.031,0.979,1.01,0.97,1.05,,,0.69,0.1,4.9,False,
SMITH-BR5-ROH-SEC-CO,main,group,secondary alcohol,alcohol_secondary,1075.0,1150.0,any,any,,,0.01,+shape,1539,47,0.031,46,1446,1,46,0.979,0.031,0.031,0.979,1.01,0.97,1.05,,,0.69,0.1,4.9,False,
SMITH-BR5-ROH-SEC-CO,main,group,secondary alcohol,alcohol_secondary,1075.0,1150.0,any,any,,,0.02,position,1539,47,0.031,44,1425,3,67,0.936,0.045,0.03,0.957,0.98,0.91,1.06,,,1.42,0.46,4.35,False,
SMITH-BR5-ROH-SEC-CO,main,group,secondary alcohol,alcohol_secondary,1075.0,1150.0,any,any,,,0.02,+intensity,1539,47,0.031,44,1425,3,67,0.936,0.045,0.03,0.957,0.98,0.91,1.06,,,1.42,0.46,4.35,False,
SMITH-BR5-ROH-SEC-CO,main,group,secondary alcohol,alcohol_secondary,1075.0,1150.0,any,any,,,0.02,+shape,1539,47,0.031,44,1425,3,67,0.936,0.045,0.03,0.957,0.98,0.91,1.06,0.89,1.05,1.42,0.46,4.35,False,aromatics OR=5.3 (n=1350); aromatic_para OR=3.6 (n=396); alkane OR=2.5 (n=1080)
SMITH-BR5-ROH-SEC-CO,main,group,secondary alcohol,alcohol_secondary,1075.0,1150.0,any,any,,,0.05,position,1539,47,0.031,41,1362,6,130,0.872,0.087,0.029,0.956,0.96,0.86,1.07,,,1.47,0.68,3.15,False,
SMITH-BR5-ROH-SEC-CO,main,group,secondary alcohol,alcohol_secondary,1075.0,1150.0,any,any,,,0.05,+intensity,1539,47,0.031,41,1362,6,130,0.872,0.087,0.029,0.956,0.96,0.86,1.07,,,1.47,0.68,3.15,False,
SMITH-BR5-ROH-SEC-CO,main,group,secondary alcohol,alcohol_secondary,1075.0,1150.0,any,any,,,0.05,+shape,1539,47,0.031,41,1362,6,130,0.872,0.087,0.029,0.956,0.96,0.86,1.07,,,1.47,0.68,3.15,False,
SMITH-BR5-ROH-SEC-CO,main,group,secondary alcohol,alcohol_secondary,1075.0,1150.0,any,any,,,0.1,position,1539,47,0.031,33,1191,14,301,0.702,0.202,0.027,0.956,0.88,0.73,1.06,,,1.48,0.94,2.32,False,
SMITH-BR5-ROH-SEC-CO,main,group,secondary alcohol,alcohol_secondary,1075.0,1150.0,any,any,,,0.1,+intensity,1539,47,0.031,33,1191,14,301,0.702,0.202,0.027,0.956,0.88,0.73,1.06,,,1.48,0.94,2.32,False,
SMITH-BR5-ROH-SEC-CO,main,group,secondary alcohol,alcohol_secondary,1075.0,1150.0,any,any,,,0.1,+shape,1539,47,0.031,33,1191,14,301,0.702,0.202,0.027,0.956,0.88,0.73,1.06,,,1.48,0.94,2.32,False,
SMITH-BR5-ROH-TERT-CO,main,group,tertiary alcohol,alcohol_tertiary,1100.0,1210.0,any,any,,,0.01,position,1539,8,0.005,8,1516,0,15,1.0,0.01,0.005,1.0,0.95,0.81,1.12,,,5.49,0.35,84.95,True,
SMITH-BR5-ROH-TERT-CO,main,group,tertiary alcohol,alcohol_tertiary,1100.0,1210.0,any,any,,,0.01,+intensity,1539,8,0.005,8,1516,0,15,1.0,0.01,0.005,1.0,0.95,0.81,1.12,,,5.49,0.35,84.95,True,
SMITH-BR5-ROH-TERT-CO,main,group,tertiary alcohol,alcohol_tertiary,1100.0,1210.0,any,any,,,0.01,+shape,1539,8,0.005,8,1516,0,15,1.0,0.01,0.005,1.0,0.95,0.81,1.12,,,5.49,0.35,84.95,True,
SMITH-BR5-ROH-TERT-CO,main,group,tertiary alcohol,alcohol_tertiary,1100.0,1210.0,any,any,,,0.02,position,1539,8,0.005,8,1508,0,23,1.0,0.015,0.005,1.0,0.96,0.82,1.12,,,3.62,0.24,55.17,True,
SMITH-BR5-ROH-TERT-CO,main,group,tertiary alcohol,alcohol_tertiary,1100.0,1210.0,any,any,,,0.02,+intensity,1539,8,0.005,8,1508,0,23,1.0,0.015,0.005,1.0,0.96,0.82,1.12,,,3.62,0.24,55.17,True,
SMITH-BR5-ROH-TERT-CO,main,group,tertiary alcohol,alcohol_tertiary,1100.0,1210.0,any,any,,,0.02,+shape,1539,8,0.005,8,1508,0,23,1.0,0.015,0.005,1.0,0.96,0.82,1.12,,,3.62,0.24,55.17,True,
SMITH-BR5-ROH-TERT-CO,main,group,tertiary alcohol,alcohol_tertiary,1100.0,1210.0,any,any,,,0.05,position,1539,8,0.005,8,1477,0,54,1.0,0.035,0.005,1.0,0.98,0.84,1.15,,,1.56,0.1,23.39,True,
SMITH-BR5-ROH-TERT-CO,main,group,tertiary alcohol,alcohol_tertiary,1100.0,1210.0,any,any,,,0.05,+intensity,1539,8,0.005,8,1477,0,54,1.0,0.035,0.005,1.0,0.98,0.84,1.15,,,1.56,0.1,23.39,True,
SMITH-BR5-ROH-TERT-CO,main,group,tertiary alcohol,alcohol_tertiary,1100.0,1210.0,any,any,,,0.05,+shape,1539,8,0.005,8,1477,0,54,1.0,0.035,0.005,1.0,0.98,0.84,1.15,,,1.56,0.1,23.39,True,
SMITH-BR5-ROH-TERT-CO,main,group,tertiary alcohol,alcohol_tertiary,1100.0,1210.0,any,any,,,0.1,position,1539,8,0.005,8,1393,0,138,1.0,0.09,0.006,1.0,1.04,0.89,1.22,,,0.61,0.04,9.13,True,
SMITH-BR5-ROH-TERT-CO,main,group,tertiary alcohol,alcohol_tertiary,1100.0,1210.0,any,any,,,0.1,+intensity,1539,8,0.005,8,1393,0,138,1.0,0.09,0.006,1.0,1.04,0.89,1.22,,,0.61,0.04,9.13,True,
SMITH-BR5-ROH-TERT-CO,main,group,tertiary alcohol,alcohol_tertiary,1100.0,1210.0,any,any,,,0.1,+shape,1539,8,0.005,8,1393,0,138,1.0,0.09,0.006,1.0,1.04,0.89,1.22,,,0.61,0.04,9.13,True,
SMITH-BR5-PHENOL-CO,main,group,phenol,phenol,1200.0,1260.0,any,any,,,0.01,position,1539,64,0.042,58,1376,6,99,0.906,0.067,0.04,0.943,0.97,0.9,1.05,,,1.4,0.64,3.06,False,
SMITH-BR5-PHENOL-CO,main,group,phenol,phenol,1200.0,1260.0,any,any,,,0.01,+intensity,1539,64,0.042,58,1376,6,99,0.906,0.067,0.04,0.943,0.97,0.9,1.05,,,1.4,0.64,3.06,False,
SMITH-BR5-PHENOL-CO,main,group,phenol,phenol,1200.0,1260.0,any,any,,,0.01,+shape,1539,64,0.042,58,1376,6,99,0.906,0.067,0.04,0.943,0.97,0.9,1.05,,,1.4,0.64,3.06,False,
SMITH-BR5-PHENOL-CO,main,group,phenol,phenol,1200.0,1260.0,any,any,,,0.02,position,1539,64,0.042,57,1342,7,133,0.891,0.09,0.041,0.95,0.98,0.9,1.07,,,1.21,0.59,2.49,False,
SMITH-BR5-PHENOL-CO,main,group,phenol,phenol,1200.0,1260.0,any,any,,,0.02,+intensity,1539,64,0.042,57,1342,7,133,0.891,0.09,0.041,0.95,0.98,0.9,1.07,,,1.21,0.59,2.49,False,
SMITH-BR5-PHENOL-CO,main,group,phenol,phenol,1200.0,1260.0,any,any,,,0.02,+shape,1539,64,0.042,57,1342,7,133,0.891,0.09,0.041,0.95,0.98,0.9,1.07,0.86,1.08,1.21,0.59,2.49,False,alkene_vinyl OR=7.0 (n=34); ketone_aromatic OR=6.7 (n=152); ketones OR=6.5 (n=198)
SMITH-BR5-PHENOL-CO,main,group,phenol,phenol,1200.0,1260.0,any,any,,,0.05,position,1539,64,0.042,56,1232,8,243,0.875,0.165,0.043,0.968,1.05,0.95,1.15,,,0.76,0.39,1.47,False,
SMITH-BR5-PHENOL-CO,main,group,phenol,phenol,1200.0,1260.0,any,any,,,0.05,+intensity,1539,64,0.042,56,1232,8,243,0.875,0.165,0.043,0.968,1.05,0.95,1.15,,,0.76,0.39,1.47,False,
SMITH-BR5-PHENOL-CO,main,group,phenol,phenol,1200.0,1260.0,any,any,,,0.05,+shape,1539,64,0.042,56,1232,8,243,0.875,0.165,0.043,0.968,1.05,0.95,1.15,,,0.76,0.39,1.47,False,
SMITH-BR5-PHENOL-CO,main,group,phenol,phenol,1200.0,1260.0,any,any,,,0.1,position,1539,64,0.042,50,1098,14,377,0.781,0.256,0.044,0.964,1.05,0.92,1.2,,,0.86,0.53,1.37,False,
SMITH-BR5-PHENOL-CO,main,group,phenol,phenol,1200.0,1260.0,any,any,,,0.1,+intensity,1539,64,0.042,50,1098,14,377,0.781,0.256,0.044,0.964,1.05,0.92,1.2,,,0.86,0.53,1.37,False,
SMITH-BR5-PHENOL-CO,main,group,phenol,phenol,1200.0,1260.0,any,any,,,0.1,+shape,1539,64,0.042,50,1098,14,377,0.781,0.256,0.044,0.964,1.05,0.92,1.2,,,0.86,0.53,1.37,False,
SMITH-BR5-CO-GENERAL,main,class,C-O bond,c_o_single_any,1000.0,1300.0,strong,any,,,0.01,position,1539,486,0.316,486,1051,0,2,1.0,0.002,0.316,1.0,1.0,1.0,1.01,,,0.43,0.02,9.0,False,
SMITH-BR5-CO-GENERAL,main,class,C-O bond,c_o_single_any,1000.0,1300.0,strong,any,,,0.01,+intensity,1539,486,0.316,432,657,54,396,0.889,0.376,0.397,0.88,1.42,1.35,1.51,,,0.3,0.23,0.38,False,
SMITH-BR5-CO-GENERAL,main,class,C-O bond,c_o_single_any,1000.0,1300.0,strong,any,,,0.01,+shape,1539,486,0.316,432,657,54,396,0.889,0.376,0.397,0.88,1.42,1.35,1.51,,,0.3,0.23,0.38,False,
SMITH-BR5-CO-GENERAL,main,class,C-O bond,c_o_single_any,1000.0,1300.0,strong,any,,,0.02,position,1539,486,0.316,486,1051,0,2,1.0,0.002,0.316,1.0,1.0,1.0,1.01,,,0.43,0.02,9.0,False,
SMITH-BR5-CO-GENERAL,main,class,C-O bond,c_o_single_any,1000.0,1300.0,strong,any,,,0.02,+intensity,1539,486,0.316,432,657,54,396,0.889,0.376,0.397,0.88,1.42,1.35,1.51,,,0.3,0.23,0.38,False,
SMITH-BR5-CO-GENERAL,main,class,C-O bond,c_o_single_any,1000.0,1300.0,strong,any,,,0.02,+shape,1539,486,0.316,432,657,54,396,0.889,0.376,0.397,0.88,1.42,1.35,1.51,1.31,1.54,0.3,0.23,0.38,False,ester_aromatic OR=39.4 (n=85); amine_secondary_saturated OR=24.2 (n=19); esters OR=16.5 (n=174)
SMITH-BR5-CO-GENERAL,main,class,C-O bond,c_o_single_any,1000.0,1300.0,strong,any,,,0.05,position,1539,486,0.316,486,1048,0,5,1.0,0.005,0.317,1.0,1.0,1.0,1.01,,,0.2,0.01,3.55,False,
SMITH-BR5-CO-GENERAL,main,class,C-O bond,c_o_single_any,1000.0,1300.0,strong,any,,,0.05,+intensity,1539,486,0.316,432,657,54,396,0.889,0.376,0.397,0.88,1.42,1.35,1.51,,,0.3,0.23,0.38,False,
SMITH-BR5-CO-GENERAL,main,class,C-O bond,c_o_single_any,1000.0,1300.0,strong,any,,,0.05,+shape,1539,486,0.316,432,657,54,396,0.889,0.376,0.397,0.88,1.42,1.35,1.51,,,0.3,0.23,0.38,False,
SMITH-BR5-CO-GENERAL,main,class,C-O bond,c_o_single_any,1000.0,1300.0,strong,any,,,0.1,position,1539,486,0.316,486,1043,0,10,1.0,0.009,0.318,1.0,1.01,1.0,1.02,,,0.1,0.01,1.76,False,
SMITH-BR5-CO-GENERAL,main,class,C-O bond,c_o_single_any,1000.0,1300.0,strong,any,,,0.1,+intensity,1539,486,0.316,432,656,54,397,0.889,0.377,0.397,0.88,1.43,1.35,1.51,,,0.29,0.23,0.38,False,
SMITH-BR5-CO-GENERAL,main,class,C-O bond,c_o_single_any,1000.0,1300.0,strong,any,,,0.1,+shape,1539,486,0.316,432,656,54,397,0.889,0.377,0.397,0.88,1.43,1.35,1.51,,,0.29,0.23,0.38,False,
SMITH-BR5-ETHER-SAT-CO,main,group,saturated ether,ether_saturated,1070.0,1140.0,any,any,,,0.01,position,1539,83,0.054,75,1410,8,46,0.904,0.032,0.051,0.852,0.93,0.87,1.0,,,3.05,1.49,6.25,False,
SMITH-BR5-ETHER-SAT-CO,main,group,saturated ether,ether_saturated,1070.0,1140.0,any,any,,,0.01,+intensity,1539,83,0.054,75,1410,8,46,0.904,0.032,0.051,0.852,0.93,0.87,1.0,,,3.05,1.49,6.25,False,
SMITH-BR5-ETHER-SAT-CO,main,group,saturated ether,ether_saturated,1070.0,1140.0,any,any,,,0.01,+shape,1539,83,0.054,75,1410,8,46,0.904,0.032,0.051,0.852,0.93,0.87,1.0,,,3.05,1.49,6.25,False,
SMITH-BR5-ETHER-SAT-CO,main,group,saturated ether,ether_saturated,1070.0,1140.0,any,any,,,0.02,position,1539,83,0.054,73,1387,10,69,0.88,0.047,0.05,0.873,0.92,0.85,1.0,,,2.54,1.36,4.75,False,
SMITH-BR5-ETHER-SAT-CO,main,group,saturated ether,ether_saturated,1070.0,1140.0,any,any,,,0.02,+intensity,1539,83,0.054,73,1387,10,69,0.88,0.047,0.05,0.873,0.92,0.85,1.0,,,2.54,1.36,4.75,False,
SMITH-BR5-ETHER-SAT-CO,main,group,saturated ether,ether_saturated,1070.0,1140.0,any,any,,,0.02,+shape,1539,83,0.054,73,1387,10,69,0.88,0.047,0.05,0.873,0.92,0.85,1.0,0.83,1.03,2.54,1.36,4.75,False,aromatics OR=6.5 (n=1329); aromatic_para OR=2.9 (n=400); ketone_saturated OR=2.7 (n=26)
SMITH-BR5-ETHER-SAT-CO,main,group,saturated ether,ether_saturated,1070.0,1140.0,any,any,,,0.05,position,1539,83,0.054,68,1306,15,150,0.819,0.103,0.049,0.909,0.91,0.82,1.01,,,1.75,1.08,2.84,False,
SMITH-BR5-ETHER-SAT-CO,main,group,saturated ether,ether_saturated,1070.0,1140.0,any,any,,,0.05,+intensity,1539,83,0.054,68,1306,15,150,0.819,0.103,0.049,0.909,0.91,0.82,1.01,,,1.75,1.08,2.84,False,
SMITH-BR5-ETHER-SAT-CO,main,group,saturated ether,ether_saturated,1070.0,1140.0,any,any,,,0.05,+shape,1539,83,0.054,68,1306,15,150,0.819,0.103,0.049,0.909,0.91,0.82,1.01,,,1.75,1.08,2.84,False,
SMITH-BR5-ETHER-SAT-CO,main,group,saturated ether,ether_saturated,1070.0,1140.0,any,any,,,0.1,position,1539,83,0.054,59,1107,24,349,0.711,0.24,0.051,0.936,0.93,0.81,1.08,,,1.21,0.85,1.71,False,
SMITH-BR5-ETHER-SAT-CO,main,group,saturated ether,ether_saturated,1070.0,1140.0,any,any,,,0.1,+intensity,1539,83,0.054,59,1107,24,349,0.711,0.24,0.051,0.936,0.93,0.81,1.08,,,1.21,0.85,1.71,False,
SMITH-BR5-ETHER-SAT-CO,main,group,saturated ether,ether_saturated,1070.0,1140.0,any,any,,,0.1,+shape,1539,83,0.054,59,1107,24,349,0.711,0.24,0.051,0.936,0.93,0.81,1.08,,,1.21,0.85,1.71,False,
SMITH-BR5-ETHER-MIX-CO-AR,main,group,mixed ether,ether_mixed,1200.0,1300.0,any,any,,,0.01,position,1539,229,0.149,229,1297,0,13,1.0,0.01,0.15,1.0,1.01,1.0,1.02,,,0.21,0.01,3.54,False,
SMITH-BR5-ETHER-MIX-CO-AR,main,group,mixed ether,ether_mixed,1200.0,1300.0,any,any,,,0.01,+intensity,1539,229,0.149,229,1297,0,13,1.0,0.01,0.15,1.0,1.01,1.0,1.02,,,0.21,0.01,3.54,False,
SMITH-BR5-ETHER-MIX-CO-AR,main,group,mixed ether,ether_mixed,1200.0,1300.0,any,any,,,0.01,+shape,1539,229,0.149,229,1297,0,13,1.0,0.01,0.15,1.0,1.01,1.0,1.02,,,0.21,0.01,3.54,False,
SMITH-BR5-ETHER-MIX-CO-AR,main,group,mixed ether,ether_mixed,1200.0,1300.0,any,any,,,0.02,position,1539,229,0.149,227,1290,2,20,0.991,0.015,0.15,0.909,1.01,0.99,1.02,,,0.57,0.13,2.43,False,
SMITH-BR5-ETHER-MIX-CO-AR,main,group,mixed ether,ether_mixed,1200.0,1300.0,any,any,,,0.02,+intensity,1539,229,0.149,227,1290,2,20,0.991,0.015,0.15,0.909,1.01,0.99,1.02,,,0.57,0.13,2.43,False,
SMITH-BR5-ETHER-MIX-CO-AR,main,group,mixed ether,ether_mixed,1200.0,1300.0,any,any,,,0.02,+shape,1539,229,0.149,227,1290,2,20,0.991,0.015,0.15,0.909,1.01,0.99,1.02,0.98,1.02,0.57,0.13,2.43,False,esters OR=8.7 (n=226); aromatics OR=7.0 (n=1196); ketones OR=6.1 (n=166)
SMITH-BR5-ETHER-MIX-CO-AR,main,group,mixed ether,ether_mixed,1200.0,1300.0,any,any,,,0.05,position,1539,229,0.149,224,1243,5,67,0.978,0.051,0.153,0.931,1.03,1.01,1.05,,,0.43,0.17,1.05,False,
SMITH-BR5-ETHER-MIX-CO-AR,main,group,mixed ether,ether_mixed,1200.0,1300.0,any,any,,,0.05,+intensity,1539,229,0.149,224,1243,5,67,0.978,0.051,0.153,0.931,1.03,1.01,1.05,,,0.43,0.17,1.05,False,
SMITH-BR5-ETHER-MIX-CO-AR,main,group,mixed ether,ether_mixed,1200.0,1300.0,any,any,,,0.05,+shape,1539,229,0.149,224,1243,5,67,0.978,0.051,0.153,0.931,1.03,1.01,1.05,,,0.43,0.17,1.05,False,
SMITH-BR5-ETHER-MIX-CO-AR,main,group,mixed ether,ether_mixed,1200.0,1300.0,any,any,,,0.1,position,1539,229,0.149,220,1146,9,164,0.961,0.125,0.161,0.948,1.1,1.06,1.14,,,0.31,0.16,0.61,False,
SMITH-BR5-ETHER-MIX-CO-AR,main,group,mixed ether,ether_mixed,1200.0,1300.0,any,any,,,0.1,+intensity,1539,229,0.149,220,1146,9,164,0.961,0.125,0.161,0.948,1.1,1.06,1.14,,,0.31,0.16,0.61,False,
SMITH-BR5-ETHER-MIX-CO-AR,main,group,mixed ether,ether_mixed,1200.0,1300.0,any,any,,,0.1,+shape,1539,229,0.149,220,1146,9,164,0.961,0.125,0.161,0.948,1.1,1.06,1.14,,,0.31,0.16,0.61,False,
SMITH-BR5-ETHER-MIX-CO-SAT,main,group,mixed ether,ether_mixed,1010.0,1050.0,any,any,,,0.01,position,1539,229,0.149,218,1137,11,173,0.952,0.132,0.161,0.94,1.1,1.06,1.14,,,0.36,0.2,0.66,False,
SMITH-BR5-ETHER-MIX-CO-SAT,main,group,mixed ether,ether_mixed,1010.0,1050.0,any,any,,,0.01,+intensity,1539,229,0.149,218,1137,11,173,0.952,0.132,0.161,0.94,1.1,1.06,1.14,,,0.36,0.2,0.66,False,
SMITH-BR5-ETHER-MIX-CO-SAT,main,group,mixed ether,ether_mixed,1010.0,1050.0,any,any,,,0.01,+shape,1539,229,0.149,218,1137,11,173,0.952,0.132,0.161,0.94,1.1,1.06,1.14,,,0.36,0.2,0.66,False,
SMITH-BR5-ETHER-MIX-CO-SAT,main,group,mixed ether,ether_mixed,1010.0,1050.0,any,any,,,0.02,position,1539,229,0.149,215,1089,14,221,0.939,0.169,0.165,0.94,1.13,1.08,1.18,,,0.36,0.22,0.61,False,
SMITH-BR5-ETHER-MIX-CO-SAT,main,group,mixed ether,ether_mixed,1010.0,1050.0,any,any,,,0.02,+intensity,1539,229,0.149,215,1089,14,221,0.939,0.169,0.165,0.94,1.13,1.08,1.18,,,0.36,0.22,0.61,False,
SMITH-BR5-ETHER-MIX-CO-SAT,main,group,mixed ether,ether_mixed,1010.0,1050.0,any,any,,,0.02,+shape,1539,229,0.149,215,1089,14,221,0.939,0.169,0.165,0.94,1.13,1.08,1.18,1.04,1.2,0.36,0.22,0.61,False,nitriles OR=30.6 (n=70); nitrile_aromatic OR=29.7 (n=68); alkyne_internal OR=9.4 (n=65)
SMITH-BR5-ETHER-MIX-CO-SAT,main,group,mixed ether,ether_mixed,1010.0,1050.0,any,any,,,0.05,position,1539,229,0.149,201,970,28,340,0.878,0.26,0.172,0.924,1.19,1.12,1.26,,,0.47,0.33,0.67,False,
SMITH-BR5-ETHER-MIX-CO-SAT,main,group,mixed ether,ether_mixed,1010.0,1050.0,any,any,,,0.05,+intensity,1539,229,0.149,201,970,28,340,0.878,0.26,0.172,0.924,1.19,1.12,1.26,,,0.47,0.33,0.67,False,
SMITH-BR5-ETHER-MIX-CO-SAT,main,group,mixed ether,ether_mixed,1010.0,1050.0,any,any,,,0.05,+shape,1539,229,0.149,201,970,28,340,0.878,0.26,0.172,0.924,1.19,1.12,1.26,,,0.47,0.33,0.67,False,
SMITH-BR5-ETHER-MIX-CO-SAT,main,group,mixed ether,ether_mixed,1010.0,1050.0,any,any,,,0.1,position,1539,229,0.149,189,803,40,507,0.825,0.387,0.191,0.927,1.35,1.25,1.45,,,0.45,0.34,0.6,False,
SMITH-BR5-ETHER-MIX-CO-SAT,main,group,mixed ether,ether_mixed,1010.0,1050.0,any,any,,,0.1,+intensity,1539,229,0.149,189,803,40,507,0.825,0.387,0.191,0.927,1.35,1.25,1.45,,,0.45,0.34,0.6,False,
SMITH-BR5-ETHER-MIX-CO-SAT,main,group,mixed ether,ether_mixed,1010.0,1050.0,any,any,,,0.1,+shape,1539,229,0.149,189,803,40,507,0.825,0.387,0.191,0.927,1.35,1.25,1.45,,,0.45,0.34,0.6,False,
SMITH-BR5-ETHER-ARYL-CO,main,group,aryl ether,ether_aryl,1200.0,1300.0,any,any,,,0.01,position,1539,13,0.008,13,1513,0,13,1.0,0.009,0.009,1.0,0.97,0.88,1.08,,,4.04,0.25,64.68,False,
SMITH-BR5-ETHER-ARYL-CO,main,group,aryl ether,ether_aryl,1200.0,1300.0,any,any,,,0.01,+intensity,1539,13,0.008,13,1513,0,13,1.0,0.009,0.009,1.0,0.97,0.88,1.08,,,4.04,0.25,64.68,False,
SMITH-BR5-ETHER-ARYL-CO,main,group,aryl ether,ether_aryl,1200.0,1300.0,any,any,,,0.01,+shape,1539,13,0.008,13,1513,0,13,1.0,0.009,0.009,1.0,0.97,0.88,1.08,,,4.04,0.25,64.68,False,
SMITH-BR5-ETHER-ARYL-CO,main,group,aryl ether,ether_aryl,1200.0,1300.0,any,any,,,0.02,position,1539,13,0.008,13,1504,0,22,1.0,0.014,0.009,1.0,0.98,0.88,1.08,,,2.42,0.15,38.01,False,
SMITH-BR5-ETHER-ARYL-CO,main,group,aryl ether,ether_aryl,1200.0,1300.0,any,any,,,0.02,+intensity,1539,13,0.008,13,1504,0,22,1.0,0.014,0.009,1.0,0.98,0.88,1.08,,,2.42,0.15,38.01,False,
SMITH-BR5-ETHER-ARYL-CO,main,group,aryl ether,ether_aryl,1200.0,1300.0,any,any,,,0.02,+shape,1539,13,0.008,13,1504,0,22,1.0,0.014,0.009,1.0,0.98,0.88,1.08,0.91,1.0,2.42,0.15,38.01,False,esters OR=9.6 (n=264); aromatics OR=7.2 (n=1410); ketones OR=7.2 (n=207)
SMITH-BR5-ETHER-ARYL-CO,main,group,aryl ether,ether_aryl,1200.0,1300.0,any,any,,,0.05,position,1539,13,0.008,13,1454,0,72,1.0,0.047,0.009,1.0,1.01,0.91,1.12,,,0.75,0.05,11.55,False,
SMITH-BR5-ETHER-ARYL-CO,main,group,aryl ether,ether_aryl,1200.0,1300.0,any,any,,,0.05,+intensity,1539,13,0.008,13,1454,0,72,1.0,0.047,0.009,1.0,1.01,0.91,1.12,,,0.75,0.05,11.55,False,
SMITH-BR5-ETHER-ARYL-CO,main,group,aryl ether,ether_aryl,1200.0,1300.0,any,any,,,0.05,+shape,1539,13,0.008,13,1454,0,72,1.0,0.047,0.009,1.0,1.01,0.91,1.12,,,0.75,0.05,11.55,False,
SMITH-BR5-ETHER-ARYL-CO,main,group,aryl ether,ether_aryl,1200.0,1300.0,any,any,,,0.1,position,1539,13,0.008,13,1353,0,173,1.0,0.113,0.01,1.0,1.09,0.98,1.21,,,0.31,0.02,4.8,False,
SMITH-BR5-ETHER-ARYL-CO,main,group,aryl ether,ether_aryl,1200.0,1300.0,any,any,,,0.1,+intensity,1539,13,0.008,13,1353,0,173,1.0,0.113,0.01,1.0,1.09,0.98,1.21,,,0.31,0.02,4.8,False,
SMITH-BR5-ETHER-ARYL-CO,main,group,aryl ether,ether_aryl,1200.0,1300.0,any,any,,,0.1,+shape,1539,13,0.008,13,1353,0,173,1.0,0.113,0.01,1.0,1.09,0.98,1.21,,,0.31,0.02,4.8,False,
SMITH-BR6-CO-GENERAL,main,class,carbonyl,carbonyl_any,1600.0,1900.0,strong,any,,,0.01,position,1539,721,0.468,721,804,0,14,1.0,0.017,0.473,1.0,1.02,1.01,1.03,,,0.04,0.0,0.65,False,
SMITH-BR6-CO-GENERAL,main,class,carbonyl,carbonyl_any,1600.0,1900.0,strong,any,,,0.01,+intensity,1539,721,0.468,561,160,160,658,0.778,0.804,0.778,0.804,3.98,3.44,4.6,,,0.28,0.24,0.32,False,
SMITH-BR6-CO-GENERAL,main,class,carbonyl,carbonyl_any,1600.0,1900.0,strong,any,,,0.01,+shape,1539,721,0.468,561,160,160,658,0.778,0.804,0.778,0.804,3.98,3.44,4.6,,,0.28,0.24,0.32,False,
SMITH-BR6-CO-GENERAL,main,class,carbonyl,carbonyl_any,1600.0,1900.0,strong,any,,,0.02,position,1539,721,0.468,721,754,0,64,1.0,0.078,0.489,1.0,1.08,1.06,1.11,,,0.01,0.0,0.14,False,
SMITH-BR6-CO-GENERAL,main,class,carbonyl,carbonyl_any,1600.0,1900.0,strong,any,,,0.02,+intensity,1539,721,0.468,561,160,160,658,0.778,0.804,0.778,0.804,3.98,3.44,4.6,,,0.28,0.24,0.32,False,
SMITH-BR6-CO-GENERAL,main,class,carbonyl,carbonyl_any,1600.0,1900.0,strong,any,,,0.02,+shape,1539,721,0.468,561,160,160,658,0.778,0.804,0.778,0.804,3.98,3.44,4.6,2.48,9.16,0.28,0.24,0.32,False,phenol OR=7.8 (n=22); aromatics OR=5.5 (n=159); methylene_chain_4 OR=3.5 (n=27)
SMITH-BR6-CO-GENERAL,main,class,carbonyl,carbonyl_any,1600.0,1900.0,strong,any,,,0.05,position,1539,721,0.468,719,566,2,252,0.997,0.308,0.56,0.992,1.44,1.38,1.51,,,0.01,0.0,0.04,False,
SMITH-BR6-CO-GENERAL,main,class,carbonyl,carbonyl_any,1600.0,1900.0,strong,any,,,0.05,+intensity,1539,721,0.468,561,160,160,658,0.778,0.804,0.778,0.804,3.98,3.44,4.6,,,0.28,0.24,0.32,False,
SMITH-BR6-CO-GENERAL,main,class,carbonyl,carbonyl_any,1600.0,1900.0,strong,any,,,0.05,+shape,1539,721,0.468,561,160,160,658,0.778,0.804,0.778,0.804,3.98,3.44,4.6,,,0.28,0.24,0.32,False,
SMITH-BR6-CO-GENERAL,main,class,carbonyl,carbonyl_any,1600.0,1900.0,strong,any,,,0.1,position,1539,721,0.468,718,405,3,413,0.996,0.505,0.639,0.993,2.01,1.88,2.16,,,0.01,0.0,0.03,False,
SMITH-BR6-CO-GENERAL,main,class,carbonyl,carbonyl_any,1600.0,1900.0,strong,any,,,0.1,+intensity,1539,721,0.468,561,159,160,659,0.778,0.806,0.779,0.805,4.0,3.46,4.63,,,0.28,0.24,0.32,False,
SMITH-BR6-CO-GENERAL,main,class,carbonyl,carbonyl_any,1600.0,1900.0,strong,any,,,0.1,+shape,1539,721,0.468,561,159,160,659,0.778,0.806,0.779,0.805,4.0,3.46,4.63,,,0.28,0.24,0.32,False,
SMITH-BR6-KET-SAT-CO,main,group,saturated ketone,ketone_saturated,1705.0,1725.0,strong,any,,,0.01,position,1539,41,0.027,27,426,14,1072,0.659,0.716,0.06,0.987,2.32,1.83,2.93,,,0.48,0.31,0.73,False,
SMITH-BR6-KET-SAT-CO,main,group,saturated ketone,ketone_saturated,1705.0,1725.0,strong,any,,,0.01,+intensity,1539,41,0.027,24,149,17,1349,0.585,0.901,0.139,0.988,5.89,4.36,7.94,,,0.46,0.32,0.66,False,
SMITH-BR6-KET-SAT-CO,main,group,saturated ketone,ketone_saturated,1705.0,1725.0,strong,any,,,0.01,+shape,1539,41,0.027,24,149,17,1349,0.585,0.901,0.139,0.988,5.89,4.36,7.94,,,0.46,0.32,0.66,False,
SMITH-BR6-KET-SAT-CO,main,group,saturated ketone,ketone_saturated,1705.0,1725.0,strong,any,,,0.02,position,1539,41,0.027,27,334,14,1164,0.659,0.777,0.075,0.988,2.95,2.32,3.75,,,0.44,0.29,0.67,False,
SMITH-BR6-KET-SAT-CO,main,group,saturated ketone,ketone_saturated,1705.0,1725.0,strong,any,,,0.02,+intensity,1539,41,0.027,24,149,17,1349,0.585,0.901,0.139,0.988,5.89,4.36,7.94,,,0.46,0.32,0.66,False,
SMITH-BR6-KET-SAT-CO,main,group,saturated ketone,ketone_saturated,1705.0,1725.0,strong,any,,,0.02,+shape,1539,41,0.027,24,149,17,1349,0.585,0.901,0.139,0.988,5.89,4.36,7.94,3.19,9.55,0.46,0.32,0.66,False,ester_aromatic OR=20.5 (n=66); esters OR=10.2 (n=87); methyl OR=5.1 (n=136)
SMITH-BR6-KET-SAT-CO,main,group,saturated ketone,ketone_saturated,1705.0,1725.0,strong,any,,,0.05,position,1539,41,0.027,27,246,14,1252,0.659,0.836,0.099,0.989,4.01,3.13,5.14,,,0.41,0.27,0.63,False,
SMITH-BR6-KET-SAT-CO,main,group,saturated ketone,ketone_saturated,1705.0,1725.0,strong,any,,,0.05,+intensity,1539,41,0.027,24,148,17,1350,0.585,0.901,0.14,0.988,5.92,4.39,7.99,,,0.46,0.32,0.66,False,
SMITH-BR6-KET-SAT-CO,main,group,saturated ketone,ketone_saturated,1705.0,1725.0,strong,any,,,0.05,+shape,1539,41,0.027,24,148,17,1350,0.585,0.901,0.14,0.988,5.92,4.39,7.99,,,0.46,0.32,0.66,False,
SMITH-BR6-KET-SAT-CO,main,group,saturated ketone,ketone_saturated,1705.0,1725.0,strong,any,,,0.1,position,1539,41,0.027,25,203,16,1295,0.61,0.864,0.11,0.988,4.5,3.41,5.93,,,0.45,0.31,0.66,False,
SMITH-BR6-KET-SAT-CO,main,group,saturated ketone,ketone_saturated,1705.0,1725.0,strong,any,,,0.1,+intensity,1539,41,0.027,23,147,18,1351,0.561,0.902,0.135,0.987,5.72,4.19,7.8,,,0.49,0.34,0.69,False,
SMITH-BR6-KET-SAT-CO,main,group,saturated ketone,ketone_saturated,1705.0,1725.0,strong,any,,,0.1,+shape,1539,41,0.027,23,147,18,1351,0.561,0.902,0.135,0.987,5.72,4.19,7.8,,,0.49,0.34,0.69,False,
SMITH-BR6-KET-AR-CO,main,group,aromatic ketone,ketone_aromatic,1640.0,1700.0,strong,any,,,0.01,position,1539,159,0.103,119,826,40,554,0.748,0.401,0.126,0.933,1.25,1.13,1.38,,,0.63,0.48,0.83,False,
SMITH-BR6-KET-AR-CO,main,group,aromatic ketone,ketone_aromatic,1640.0,1700.0,strong,any,,,0.01,+intensity,1539,159,0.103,86,294,73,1086,0.541,0.787,0.226,0.937,2.54,2.13,3.03,,,0.58,0.49,0.69,False,
SMITH-BR6-KET-AR-CO,main,group,aromatic ketone,ketone_aromatic,1640.0,1700.0,strong,any,,,0.01,+shape,1539,159,0.103,86,294,73,1086,0.541,0.787,0.226,0.937,2.54,2.13,3.03,,,0.58,0.49,0.69,False,
SMITH-BR6-KET-AR-CO,main,group,aromatic ketone,ketone_aromatic,1640.0,1700.0,strong,any,,,0.02,position,1539,159,0.103,115,687,44,693,0.723,0.502,0.143,0.94,1.45,1.3,1.62,,,0.55,0.43,0.71,False,
SMITH-BR6-KET-AR-CO,main,group,aromatic ketone,ketone_aromatic,1640.0,1700.0,strong,any,,,0.02,+intensity,1539,159,0.103,85,294,74,1086,0.535,0.787,0.224,0.936,2.51,2.1,3.0,,,0.59,0.5,0.7,False,
SMITH-BR6-KET-AR-CO,main,group,aromatic ketone,ketone_aromatic,1640.0,1700.0,strong,any,,,0.02,+shape,1539,159,0.103,85,294,74,1086,0.535,0.787,0.224,0.936,2.51,2.1,3.0,1.66,3.37,0.59,0.5,0.7,False,carboxylic_acid_aromatic OR=17.8 (n=24); carboxylic_acids OR=10.9 (n=35); carbonyl_any OR=8.5 (n=232)
SMITH-BR6-KET-AR-CO,main,group,aromatic ketone,ketone_aromatic,1640.0,1700.0,strong,any,,,0.05,position,1539,159,0.103,111,513,48,867,0.698,0.628,0.178,0.948,1.88,1.66,2.12,,,0.48,0.38,0.61,False,
SMITH-BR6-KET-AR-CO,main,group,aromatic ketone,ketone_aromatic,1640.0,1700.0,strong,any,,,0.05,+intensity,1539,159,0.103,85,293,74,1087,0.535,0.788,0.225,0.936,2.52,2.11,3.01,,,0.59,0.5,0.7,False,
SMITH-BR6-KET-AR-CO,main,group,aromatic ketone,ketone_aromatic,1640.0,1700.0,strong,any,,,0.05,+shape,1539,159,0.103,85,293,74,1087,0.535,0.788,0.225,0.936,2.52,2.11,3.01,,,0.59,0.5,0.7,False,
SMITH-BR6-KET-AR-CO,main,group,aromatic ketone,ketone_aromatic,1640.0,1700.0,strong,any,,,0.1,position,1539,159,0.103,110,449,49,931,0.692,0.675,0.197,0.95,2.13,1.87,2.42,,,0.46,0.36,0.58,False,
SMITH-BR6-KET-AR-CO,main,group,aromatic ketone,ketone_aromatic,1640.0,1700.0,strong,any,,,0.1,+intensity,1539,159,0.103,85,290,74,1090,0.535,0.79,0.227,0.936,2.54,2.13,3.04,,,0.59,0.5,0.7,False,
SMITH-BR6-KET-AR-CO,main,group,aromatic ketone,ketone_aromatic,1640.0,1700.0,strong,any,,,0.1,+shape,1539,159,0.103,85,290,74,1090,0.535,0.79,0.227,0.936,2.54,2.13,3.04,,,0.59,0.5,0.7,False,
SMITH-BR6-KET-SAT-CCC,main,group,saturated ketone,ketone_saturated,1100.0,1230.0,strong,any,,,0.01,position,1539,41,0.027,40,1491,1,7,0.976,0.005,0.026,0.875,0.98,0.93,1.03,,,5.22,0.66,41.46,False,
SMITH-BR6-KET-SAT-CCC,main,group,saturated ketone,ketone_saturated,1100.0,1230.0,strong,any,,,0.01,+intensity,1539,41,0.027,17,741,24,757,0.415,0.505,0.022,0.969,0.84,0.58,1.21,,,1.16,0.89,1.51,False,
SMITH-BR6-KET-SAT-CCC,main,group,saturated ketone,ketone_saturated,1100.0,1230.0,strong,any,,,0.01,+shape,1539,41,0.027,17,741,24,757,0.415,0.505,0.022,0.969,0.84,0.58,1.21,,,1.16,0.89,1.51,False,
SMITH-BR6-KET-SAT-CCC,main,group,saturated ketone,ketone_saturated,1100.0,1230.0,strong,any,,,0.02,position,1539,41,0.027,40,1486,1,12,0.976,0.008,0.026,0.923,0.98,0.94,1.03,,,3.04,0.41,22.87,False,
SMITH-BR6-KET-SAT-CCC,main,group,saturated ketone,ketone_saturated,1100.0,1230.0,strong,any,,,0.02,+intensity,1539,41,0.027,17,740,24,758,0.415,0.506,0.022,0.969,0.84,0.58,1.21,,,1.16,0.89,1.5,False,
SMITH-BR6-KET-SAT-CCC,main,group,saturated ketone,ketone_saturated,1100.0,1230.0,strong,any,,,0.02,+shape,1539,41,0.027,17,740,24,758,0.415,0.506,0.022,0.969,0.84,0.58,1.21,0.46,1.32,1.16,0.89,1.5,False,amine_secondary_saturated OR=15.8 (n=22); ester_saturated OR=10.8 (n=105); nitrile_saturated OR=7.2 (n=3)
SMITH-BR6-KET-SAT-CCC,main,group,saturated ketone,ketone_saturated,1100.0,1230.0,strong,any,,,0.05,position,1539,41,0.027,39,1470,2,28,0.951,0.019,0.026,0.933,0.97,0.9,1.04,,,2.61,0.64,10.59,False,
SMITH-BR6-KET-SAT-CCC,main,group,saturated ketone,ketone_saturated,1100.0,1230.0,strong,any,,,0.05,+intensity,1539,41,0.027,17,735,24,763,0.415,0.509,0.023,0.97,0.85,0.59,1.22,,,1.15,0.88,1.49,False,
SMITH-BR6-KET-SAT-CCC,main,group,saturated ketone,ketone_saturated,1100.0,1230.0,strong,any,,,0.05,+shape,1539,41,0.027,17,735,24,763,0.415,0.509,0.023,0.97,0.85,0.59,1.22,,,1.15,0.88,1.49,False,
SMITH-BR6-KET-SAT-CCC,main,group,saturated ketone,ketone_saturated,1100.0,1230.0,strong,any,,,0.1,position,1539,41,0.027,38,1410,3,88,0.927,0.059,0.026,0.967,0.98,0.9,1.07,,,1.25,0.41,3.77,False,
SMITH-BR6-KET-SAT-CCC,main,group,saturated ketone,ketone_saturated,1100.0,1230.0,strong,any,,,0.1,+intensity,1539,41,0.027,17,728,24,770,0.415,0.514,0.023,0.97,0.85,0.59,1.23,,,1.14,0.88,1.48,False,
SMITH-BR6-KET-SAT-CCC,main,group,saturated ketone,ketone_saturated,1100.0,1230.0,strong,any,,,0.1,+shape,1539,41,0.027,17,728,24,770,0.415,0.514,0.023,0.97,0.85,0.59,1.23,,,1.14,0.88,1.48,False,
SMITH-BR6-KET-AR-CCC,main,group,aromatic ketone,ketone_aromatic,1230.0,1300.0,strong,any,,,0.01,position,1539,159,0.103,150,1288,9,92,0.943,0.067,0.104,0.911,1.01,0.97,1.05,,,0.85,0.44,1.65,False,
SMITH-BR6-KET-AR-CCC,main,group,aromatic ketone,ketone_aromatic,1230.0,1300.0,strong,any,,,0.01,+intensity,1539,159,0.103,71,411,88,969,0.447,0.702,0.147,0.917,1.5,1.24,1.82,,,0.79,0.68,0.91,False,
SMITH-BR6-KET-AR-CCC,main,group,aromatic ketone,ketone_aromatic,1230.0,1300.0,strong,any,,,0.01,+shape,1539,159,0.103,71,411,88,969,0.447,0.702,0.147,0.917,1.5,1.24,1.82,,,0.79,0.68,0.91,False,
SMITH-BR6-KET-AR-CCC,main,group,aromatic ketone,ketone_aromatic,1230.0,1300.0,strong,any,,,0.02,position,1539,159,0.103,149,1256,10,124,0.937,0.09,0.106,0.925,1.03,0.99,1.08,,,0.7,0.38,1.31,False,
SMITH-BR6-KET-AR-CCC,main,group,aromatic ketone,ketone_aromatic,1230.0,1300.0,strong,any,,,0.02,+intensity,1539,159,0.103,71,409,88,971,0.447,0.704,0.148,0.917,1.51,1.24,1.82,,,0.79,0.68,0.91,False,
SMITH-BR6-KET-AR-CCC,main,group,aromatic ketone,ketone_aromatic,1230.0,1300.0,strong,any,,,0.02,+shape,1539,159,0.103,71,409,88,971,0.447,0.704,0.148,0.917,1.51,1.24,1.82,0.85,2.27,0.79,0.68,0.91,False,carboxylic_acid_aromatic OR=48.3 (n=28); ester_aromatic OR=18.0 (n=92); carboxylic_acids OR=6.7 (n=35)
SMITH-BR6-KET-AR-CCC,main,group,aromatic ketone,ketone_aromatic,1230.0,1300.0,strong,any,,,0.05,position,1539,159,0.103,147,1151,12,229,0.925,0.166,0.113,0.95,1.11,1.05,1.17,,,0.45,0.26,0.79,False,
SMITH-BR6-KET-AR-CCC,main,group,aromatic ketone,ketone_aromatic,1230.0,1300.0,strong,any,,,0.05,+intensity,1539,159,0.103,71,405,88,975,0.447,0.707,0.149,0.917,1.52,1.26,1.84,,,0.78,0.68,0.9,False,
SMITH-BR6-KET-AR-CCC,main,group,aromatic ketone,ketone_aromatic,1230.0,1300.0,strong,any,,,0.05,+shape,1539,159,0.103,71,405,88,975,0.447,0.707,0.149,0.917,1.52,1.26,1.84,,,0.78,0.68,0.9,False,
SMITH-BR6-KET-AR-CCC,main,group,aromatic ketone,ketone_aromatic,1230.0,1300.0,strong,any,,,0.1,position,1539,159,0.103,127,1003,32,377,0.799,0.273,0.112,0.922,1.1,1.01,1.2,,,0.74,0.53,1.02,False,
SMITH-BR6-KET-AR-CCC,main,group,aromatic ketone,ketone_aromatic,1230.0,1300.0,strong,any,,,0.1,+intensity,1539,159,0.103,66,398,93,982,0.415,0.712,0.142,0.913,1.44,1.18,1.76,,,0.82,0.72,0.94,False,
SMITH-BR6-KET-AR-CCC,main,group,aromatic ketone,ketone_aromatic,1230.0,1300.0,strong,any,,,0.1,+shape,1539,159,0.103,66,398,93,982,0.415,0.712,0.142,0.913,1.44,1.18,1.76,,,0.82,0.72,0.94,False,
SMITH-BR6-ACID-SAT-CO,main,group,saturated carboxylic acid,carboxylic_acid_saturated,1700.0,1730.0,strong,any,,,0.01,position,1539,10,0.006,5,616,5,913,0.5,0.597,0.008,0.995,1.24,0.67,2.31,,,0.84,0.45,1.56,False,
SMITH-BR6-ACID-SAT-CO,main,group,saturated carboxylic acid,carboxylic_acid_saturated,1700.0,1730.0,strong,any,,,0.01,+intensity,1539,10,0.006,2,233,8,1296,0.2,0.848,0.009,0.994,1.31,0.38,4.56,,,0.94,0.69,1.29,False,
SMITH-BR6-ACID-SAT-CO,main,group,saturated carboxylic acid,carboxylic_acid_saturated,1700.0,1730.0,strong,any,,,0.01,+shape,1539,10,0.006,2,233,8,1296,0.2,0.848,0.009,0.994,1.31,0.38,4.56,,,0.94,0.69,1.29,False,
SMITH-BR6-ACID-SAT-CO,main,group,saturated carboxylic acid,carboxylic_acid_saturated,1700.0,1730.0,strong,any,,,0.02,position,1539,10,0.006,5,482,5,1047,0.5,0.685,0.01,0.995,1.59,0.85,2.96,,,0.73,0.39,1.36,False,
SMITH-BR6-ACID-SAT-CO,main,group,saturated carboxylic acid,carboxylic_acid_saturated,1700.0,1730.0,strong,any,,,0.02,+intensity,1539,10,0.006,2,232,8,1297,0.2,0.848,0.009,0.994,1.32,0.38,4.58,,,0.94,0.69,1.29,False,
SMITH-BR6-ACID-SAT-CO,main,group,saturated carboxylic acid,carboxylic_acid_saturated,1700.0,1730.0,strong,any,,,0.02,+shape,1539,10,0.006,2,232,8,1297,0.2,0.848,0.009,0.994,1.32,0.38,4.58,0.23,4.2,0.94,0.69,1.29,False,aldehyde_saturated OR=39.6 (n=3); ester_aromatic OR=15.9 (n=77); ketone_saturated OR=11.8 (n=27)
SMITH-BR6-ACID-SAT-CO,main,group,saturated carboxylic acid,carboxylic_acid_saturated,1700.0,1730.0,strong,any,,,0.05,position,1539,10,0.006,5,367,5,1162,0.5,0.76,0.013,0.996,2.08,1.11,3.9,,,0.66,0.35,1.22,False,
SMITH-BR6-ACID-SAT-CO,main,group,saturated carboxylic acid,carboxylic_acid_saturated,1700.0,1730.0,strong,any,,,0.05,+intensity,1539,10,0.006,2,230,8,1299,0.2,0.85,0.009,0.994,1.33,0.38,4.62,,,0.94,0.69,1.28,False,
SMITH-BR6-ACID-SAT-CO,main,group,saturated carboxylic acid,carboxylic_acid_saturated,1700.0,1730.0,strong,any,,,0.05,+shape,1539,10,0.006,2,230,8,1299,0.2,0.85,0.009,0.994,1.33,0.38,4.62,,,0.94,0.69,1.28,False,
SMITH-BR6-ACID-SAT-CO,main,group,saturated carboxylic acid,carboxylic_acid_saturated,1700.0,1730.0,strong,any,,,0.1,position,1539,10,0.006,5,302,5,1227,0.5,0.802,0.016,0.996,2.53,1.35,4.74,,,0.62,0.34,1.16,False,
SMITH-BR6-ACID-SAT-CO,main,group,saturated carboxylic acid,carboxylic_acid_saturated,1700.0,1730.0,strong,any,,,0.1,+intensity,1539,10,0.006,2,225,8,1304,0.2,0.853,0.009,0.994,1.36,0.39,4.72,,,0.94,0.69,1.28,False,
SMITH-BR6-ACID-SAT-CO,main,group,saturated carboxylic acid,carboxylic_acid_saturated,1700.0,1730.0,strong,any,,,0.1,+shape,1539,10,0.006,2,225,8,1304,0.2,0.853,0.009,0.994,1.36,0.39,4.72,,,0.94,0.69,1.28,False,
SMITH-BR6-ACID-AR-CO,main,group,aromatic carboxylic acid,carboxylic_acid_aromatic,1680.0,1710.0,strong,any,,,0.01,position,1539,29,0.019,20,532,9,978,0.69,0.648,0.036,0.991,1.96,1.52,2.52,,,0.48,0.28,0.83,False,
SMITH-BR6-ACID-AR-CO,main,group,aromatic carboxylic acid,carboxylic_acid_aromatic,1680.0,1710.0,strong,any,,,0.01,+intensity,1539,29,0.019,18,199,11,1311,0.621,0.868,0.083,0.992,4.71,3.45,6.44,,,0.44,0.27,0.7,False,
SMITH-BR6-ACID-AR-CO,main,group,aromatic carboxylic acid,carboxylic_acid_aromatic,1680.0,1710.0,strong,any,,,0.01,+shape,1539,29,0.019,18,199,11,1311,0.621,0.868,0.083,0.992,4.71,3.45,6.44,,,0.44,0.27,0.7,False,
SMITH-BR6-ACID-AR-CO,main,group,aromatic carboxylic acid,carboxylic_acid_aromatic,1680.0,1710.0,strong,any,,,0.02,position,1539,29,0.019,20,432,9,1078,0.69,0.714,0.044,0.992,2.41,1.86,3.12,,,0.43,0.25,0.75,False,
SMITH-BR6-ACID-AR-CO,main,group,aromatic carboxylic acid,carboxylic_acid_aromatic,1680.0,1710.0,strong,any,,,0.02,+intensity,1539,29,0.019,18,197,11,1313,0.621,0.87,0.084,0.992,4.76,3.48,6.51,,,0.44,0.27,0.7,False,
SMITH-BR6-ACID-AR-CO,main,group,aromatic carboxylic acid,carboxylic_acid_aromatic,1680.0,1710.0,strong,any,,,0.02,+shape,1539,29,0.019,18,197,11,1313,0.621,0.87,0.084,0.992,4.76,3.48,6.51,3.13,7.18,0.44,0.27,0.7,False,carboxylic_acid_saturated OR=6.8 (n=5); ketone_saturated OR=4.6 (n=16); carbonyl_any OR=4.4 (n=149)
SMITH-BR6-ACID-AR-CO,main,group,aromatic carboxylic acid,carboxylic_acid_aromatic,1680.0,1710.0,strong,any,,,0.05,position,1539,29,0.019,19,322,10,1188,0.655,0.787,0.056,0.992,3.07,2.32,4.07,,,0.44,0.27,0.72,False,
SMITH-BR6-ACID-AR-CO,main,group,aromatic carboxylic acid,carboxylic_acid_aromatic,1680.0,1710.0,strong,any,,,0.05,+intensity,1539,29,0.019,18,196,11,1314,0.621,0.87,0.084,0.992,4.78,3.5,6.54,,,0.44,0.27,0.69,False,
SMITH-BR6-ACID-AR-CO,main,group,aromatic carboxylic acid,carboxylic_acid_aromatic,1680.0,1710.0,strong,any,,,0.05,+shape,1539,29,0.019,18,196,11,1314,0.621,0.87,0.084,0.992,4.78,3.5,6.54,,,0.44,0.27,0.69,False,
SMITH-BR6-ACID-AR-CO,main,group,aromatic carboxylic acid,carboxylic_acid_aromatic,1680.0,1710.0,strong,any,,,0.1,position,1539,29,0.019,18,276,11,1234,0.621,0.817,0.061,0.991,3.4,2.51,4.6,,,0.46,0.29,0.74,False,
SMITH-BR6-ACID-AR-CO,main,group,aromatic carboxylic acid,carboxylic_acid_aromatic,1680.0,1710.0,strong,any,,,0.1,+intensity,1539,29,0.019,18,193,11,1317,0.621,0.872,0.085,0.992,4.86,3.55,6.64,,,0.43,0.27,0.69,False,
SMITH-BR6-ACID-AR-CO,main,group,aromatic carboxylic acid,carboxylic_acid_aromatic,1680.0,1710.0,strong,any,,,0.1,+shape,1539,29,0.019,18,193,11,1317,0.621,0.872,0.085,0.992,4.86,3.55,6.64,,,0.43,0.27,0.69,False,
SMITH-BR6-ACID-CO,main,group,carboxylic acid,carboxylic_acids,1210.0,1320.0,any,any,,,0.01,position,1539,48,0.031,46,1474,2,17,0.958,0.011,0.03,0.895,0.97,0.91,1.03,,,3.65,0.87,15.37,False,
SMITH-BR6-ACID-CO,main,group,carboxylic acid,carboxylic_acids,1210.0,1320.0,any,any,,,0.01,+intensity,1539,48,0.031,46,1474,2,17,0.958,0.011,0.03,0.895,0.97,0.91,1.03,,,3.65,0.87,15.37,False,
SMITH-BR6-ACID-CO,main,group,carboxylic acid,carboxylic_acids,1210.0,1320.0,any,any,,,0.01,+shape,1539,48,0.031,46,1474,2,17,0.958,0.011,0.03,0.895,0.97,0.91,1.03,,,3.65,0.87,15.37,False,
SMITH-BR6-ACID-CO,main,group,carboxylic acid,carboxylic_acids,1210.0,1320.0,any,any,,,0.02,position,1539,48,0.031,45,1463,3,28,0.938,0.019,0.03,0.903,0.96,0.89,1.03,,,3.33,1.05,10.57,False,
SMITH-BR6-ACID-CO,main,group,carboxylic acid,carboxylic_acids,1210.0,1320.0,any,any,,,0.02,+intensity,1539,48,0.031,45,1463,3,28,0.938,0.019,0.03,0.903,0.96,0.89,1.03,,,3.33,1.05,10.57,False,
SMITH-BR6-ACID-CO,main,group,carboxylic acid,carboxylic_acids,1210.0,1320.0,any,any,,,0.02,+shape,1539,48,0.031,45,1463,3,28,0.938,0.019,0.03,0.903,0.96,0.89,1.03,0.81,1.01,3.33,1.05,10.57,False,alkene OR=10.1 (n=219); ketones OR=9.4 (n=207); aromatics OR=9.4 (n=1380)
SMITH-BR6-ACID-CO,main,group,carboxylic acid,carboxylic_acids,1210.0,1320.0,any,any,,,0.05,position,1539,48,0.031,44,1400,4,91,0.917,0.061,0.03,0.958,0.98,0.9,1.06,,,1.37,0.52,3.56,False,
SMITH-BR6-ACID-CO,main,group,carboxylic acid,carboxylic_acids,1210.0,1320.0,any,any,,,0.05,+intensity,1539,48,0.031,44,1400,4,91,0.917,0.061,0.03,0.958,0.98,0.9,1.06,,,1.37,0.52,3.56,False,
SMITH-BR6-ACID-CO,main,group,carboxylic acid,carboxylic_acids,1210.0,1320.0,any,any,,,0.05,+shape,1539,48,0.031,44,1400,4,91,0.917,0.061,0.03,0.958,0.98,0.9,1.06,,,1.37,0.52,3.56,False,
SMITH-BR6-ACID-CO,main,group,carboxylic acid,carboxylic_acids,1210.0,1320.0,any,any,,,0.1,position,1539,48,0.031,42,1288,6,203,0.875,0.136,0.032,0.971,1.01,0.91,1.13,,,0.92,0.43,1.96,False,
SMITH-BR6-ACID-CO,main,group,carboxylic acid,carboxylic_acids,1210.0,1320.0,any,any,,,0.1,+intensity,1539,48,0.031,42,1288,6,203,0.875,0.136,0.032,0.971,1.01,0.91,1.13,,,0.92,0.43,1.96,False,
SMITH-BR6-ACID-CO,main,group,carboxylic acid,carboxylic_acids,1210.0,1320.0,any,any,,,0.1,+shape,1539,48,0.031,42,1288,6,203,0.875,0.136,0.032,0.971,1.01,0.91,1.13,,,0.92,0.43,1.96,False,
SMITH-BR6-ACID-OH-STR,main,group,carboxylic acid,carboxylic_acids,2500.0,3500.0,strong,any,,,0.01,position,1539,48,0.031,48,1488,0,3,1.0,0.002,0.031,1.0,0.99,0.96,1.02,,,4.35,0.23,83.07,False,
SMITH-BR6-ACID-OH-STR,main,group,carboxylic acid,carboxylic_acids,2500.0,3500.0,strong,any,,,0.01,+intensity,1539,48,0.031,5,79,43,1412,0.104,0.947,0.06,0.97,1.97,0.83,4.63,,,0.95,0.86,1.04,False,
SMITH-BR6-ACID-OH-STR,main,group,carboxylic acid,carboxylic_acids,2500.0,3500.0,strong,any,,,0.01,+shape,1539,48,0.031,5,79,43,1412,0.104,0.947,0.06,0.97,1.97,0.83,4.63,,,0.95,0.86,1.04,False,
SMITH-BR6-ACID-OH-STR,main,group,carboxylic acid,carboxylic_acids,2500.0,3500.0,strong,any,,,0.02,position,1539,48,0.031,48,1469,0,22,1.0,0.015,0.032,1.0,1.0,0.98,1.03,,,0.68,0.04,10.99,False,
SMITH-BR6-ACID-OH-STR,main,group,carboxylic acid,carboxylic_acids,2500.0,3500.0,strong,any,,,0.02,+intensity,1539,48,0.031,5,79,43,1412,0.104,0.947,0.06,0.97,1.97,0.83,4.63,,,0.95,0.86,1.04,False,
SMITH-BR6-ACID-OH-STR,main,group,carboxylic acid,carboxylic_acids,2500.0,3500.0,strong,any,,,0.02,+shape,1539,48,0.031,5,79,43,1412,0.104,0.947,0.06,0.97,1.97,0.83,4.63,0.14,5.51,0.95,0.86,1.04,False,alcohol_tertiary OR=11.7 (n=3); amine_primary_saturated OR=8.8 (n=4); alcohol_secondary OR=5.5 (n=10)
SMITH-BR6-ACID-OH-STR,main,group,carboxylic acid,carboxylic_acids,2500.0,3500.0,strong,any,,,0.05,position,1539,48,0.031,48,1382,0,109,1.0,0.073,0.034,1.0,1.07,1.03,1.1,,,0.14,0.01,2.2,False,
SMITH-BR6-ACID-OH-STR,main,group,carboxylic acid,carboxylic_acids,2500.0,3500.0,strong,any,,,0.05,+intensity,1539,48,0.031,5,79,43,1412,0.104,0.947,0.06,0.97,1.97,0.83,4.63,,,0.95,0.86,1.04,False,
SMITH-BR6-ACID-OH-STR,main,group,carboxylic acid,carboxylic_acids,2500.0,3500.0,strong,any,,,0.05,+shape,1539,48,0.031,5,79,43,1412,0.104,0.947,0.06,0.97,1.97,0.83,4.63,,,0.95,0.86,1.04,False,
SMITH-BR6-ACID-OH-STR,main,group,carboxylic acid,carboxylic_acids,2500.0,3500.0,strong,any,,,0.1,position,1539,48,0.031,45,1184,3,307,0.938,0.206,0.037,0.99,1.18,1.09,1.28,,,0.3,0.1,0.91,False,
SMITH-BR6-ACID-OH-STR,main,group,carboxylic acid,carboxylic_acids,2500.0,3500.0,strong,any,,,0.1,+intensity,1539,48,0.031,5,79,43,1412,0.104,0.947,0.06,0.97,1.97,0.83,4.63,,,0.95,0.86,1.04,False,
SMITH-BR6-ACID-OH-STR,main,group,carboxylic acid,carboxylic_acids,2500.0,3500.0,strong,any,,,0.1,+shape,1539,48,0.031,5,79,43,1412,0.104,0.947,0.06,0.97,1.97,0.83,4.63,,,0.95,0.86,1.04,False,
SMITH-BR6-ACID-OH-IPB,main,group,carboxylic acid,carboxylic_acids,1395.0,1440.0,any,any,,,0.01,position,1539,48,0.031,45,1252,3,239,0.938,0.16,0.035,0.988,1.12,1.03,1.21,,,0.39,0.13,1.17,False,
SMITH-BR6-ACID-OH-IPB,main,group,carboxylic acid,carboxylic_acids,1395.0,1440.0,any,any,,,0.01,+intensity,1539,48,0.031,45,1252,3,239,0.938,0.16,0.035,0.988,1.12,1.03,1.21,,,0.39,0.13,1.17,False,
SMITH-BR6-ACID-OH-IPB,main,group,carboxylic acid,carboxylic_acids,1395.0,1440.0,any,any,,,0.01,+shape,1539,48,0.031,45,1252,3,239,0.938,0.16,0.035,0.988,1.12,1.03,1.21,,,0.39,0.13,1.17,False,
SMITH-BR6-ACID-OH-IPB,main,group,carboxylic acid,carboxylic_acids,1395.0,1440.0,any,any,,,0.02,position,1539,48,0.031,45,1207,3,284,0.938,0.19,0.036,0.99,1.16,1.07,1.25,,,0.33,0.11,0.99,False,
SMITH-BR6-ACID-OH-IPB,main,group,carboxylic acid,carboxylic_acids,1395.0,1440.0,any,any,,,0.02,+intensity,1539,48,0.031,45,1207,3,284,0.938,0.19,0.036,0.99,1.16,1.07,1.25,,,0.33,0.11,0.99,False,
SMITH-BR6-ACID-OH-IPB,main,group,carboxylic acid,carboxylic_acids,1395.0,1440.0,any,any,,,0.02,+shape,1539,48,0.031,45,1207,3,284,0.938,0.19,0.036,0.99,1.16,1.07,1.25,1.05,1.24,0.33,0.11,0.99,False,alkene_vinyl OR=5.2 (n=32); aldehyde_aromatic OR=4.3 (n=61); amine_secondary_aromatic OR=3.0 (n=55)
SMITH-BR6-ACID-OH-IPB,main,group,carboxylic acid,carboxylic_acids,1395.0,1440.0,any,any,,,0.05,position,1539,48,0.031,38,1068,10,423,0.792,0.284,0.034,0.977,1.11,0.95,1.28,,,0.73,0.42,1.28,False,
SMITH-BR6-ACID-OH-IPB,main,group,carboxylic acid,carboxylic_acids,1395.0,1440.0,any,any,,,0.05,+intensity,1539,48,0.031,38,1068,10,423,0.792,0.284,0.034,0.977,1.11,0.95,1.28,,,0.73,0.42,1.28,False,
SMITH-BR6-ACID-OH-IPB,main,group,carboxylic acid,carboxylic_acids,1395.0,1440.0,any,any,,,0.05,+shape,1539,48,0.031,38,1068,10,423,0.792,0.284,0.034,0.977,1.11,0.95,1.28,,,0.73,0.42,1.28,False,
SMITH-BR6-ACID-OH-IPB,main,group,carboxylic acid,carboxylic_acids,1395.0,1440.0,any,any,,,0.1,position,1539,48,0.031,33,906,15,585,0.688,0.392,0.035,0.975,1.13,0.93,1.38,,,0.8,0.52,1.22,False,
SMITH-BR6-ACID-OH-IPB,main,group,carboxylic acid,carboxylic_acids,1395.0,1440.0,any,any,,,0.1,+intensity,1539,48,0.031,33,906,15,585,0.688,0.392,0.035,0.975,1.13,0.93,1.38,,,0.8,0.52,1.22,False,
SMITH-BR6-ACID-OH-IPB,main,group,carboxylic acid,carboxylic_acids,1395.0,1440.0,any,any,,,0.1,+shape,1539,48,0.031,33,906,15,585,0.688,0.392,0.035,0.975,1.13,0.93,1.38,,,0.8,0.52,1.22,False,
SMITH-BR6-ACID-OH-OOP,main,group,carboxylic acid,carboxylic_acids,900.0,960.0,any,any,,,0.01,position,1539,48,0.031,44,1334,4,157,0.917,0.105,0.032,0.975,1.02,0.94,1.12,,,0.79,0.31,2.05,False,
SMITH-BR6-ACID-OH-OOP,main,group,carboxylic acid,carboxylic_acids,900.0,960.0,any,any,,,0.01,+intensity,1539,48,0.031,44,1334,4,157,0.917,0.105,0.032,0.975,1.02,0.94,1.12,,,0.79,0.31,2.05,False,
SMITH-BR6-ACID-OH-OOP,main,group,carboxylic acid,carboxylic_acids,900.0,960.0,any,any,,,0.01,+shape,1539,48,0.031,44,1334,4,157,0.917,0.105,0.032,0.975,1.02,0.94,1.12,,,0.79,0.31,2.05,False,
SMITH-BR6-ACID-OH-OOP,main,group,carboxylic acid,carboxylic_acids,900.0,960.0,any,any,,,0.02,position,1539,48,0.031,42,1290,6,201,0.875,0.135,0.032,0.971,1.01,0.91,1.13,,,0.93,0.43,1.98,False,
SMITH-BR6-ACID-OH-OOP,main,group,carboxylic acid,carboxylic_acids,900.0,960.0,any,any,,,0.02,+intensity,1539,48,0.031,42,1290,6,201,0.875,0.135,0.032,0.971,1.01,0.91,1.13,,,0.93,0.43,1.98,False,
SMITH-BR6-ACID-OH-OOP,main,group,carboxylic acid,carboxylic_acids,900.0,960.0,any,any,,,0.02,+shape,1539,48,0.031,42,1290,6,201,0.875,0.135,0.032,0.971,1.01,0.91,1.13,0.96,1.09,0.93,0.43,1.98,False,alkyne_terminal OR=7.1 (n=22); ether_aryl OR=3.9 (n=12); methylene OR=3.6 (n=903)
SMITH-BR6-ACID-OH-OOP,main,group,carboxylic acid,carboxylic_acids,900.0,960.0,any,any,,,0.05,position,1539,48,0.031,38,1150,10,341,0.792,0.229,0.032,0.972,1.03,0.89,1.19,,,0.91,0.52,1.59,False,
SMITH-BR6-ACID-OH-OOP,main,group,carboxylic acid,carboxylic_acids,900.0,960.0,any,any,,,0.05,+intensity,1539,48,0.031,38,1150,10,341,0.792,0.229,0.032,0.972,1.03,0.89,1.19,,,0.91,0.52,1.59,False,
SMITH-BR6-ACID-OH-OOP,main,group,carboxylic acid,carboxylic_acids,900.0,960.0,any,any,,,0.05,+shape,1539,48,0.031,38,1150,10,341,0.792,0.229,0.032,0.972,1.03,0.89,1.19,,,0.91,0.52,1.59,False,
SMITH-BR6-ACID-OH-OOP,main,group,carboxylic acid,carboxylic_acids,900.0,960.0,any,any,,,0.1,position,1539,48,0.031,30,915,18,576,0.625,0.386,0.032,0.97,1.02,0.82,1.27,,,0.97,0.67,1.41,False,
SMITH-BR6-ACID-OH-OOP,main,group,carboxylic acid,carboxylic_acids,900.0,960.0,any,any,,,0.1,+intensity,1539,48,0.031,30,915,18,576,0.625,0.386,0.032,0.97,1.02,0.82,1.27,,,0.97,0.67,1.41,False,
SMITH-BR6-ACID-OH-OOP,main,group,carboxylic acid,carboxylic_acids,900.0,960.0,any,any,,,0.1,+shape,1539,48,0.031,30,915,18,576,0.625,0.386,0.032,0.97,1.02,0.82,1.27,,,0.97,0.67,1.41,False,
SMITH-BR7-EST-SAT-CO,main,group,saturated ester,ester_saturated,1735.0,1755.0,strong,any,,,0.01,position,1539,128,0.083,66,348,62,1063,0.516,0.753,0.159,0.945,2.09,1.73,2.53,,,0.64,0.54,0.77,False,
SMITH-BR7-EST-SAT-CO,main,group,saturated ester,ester_saturated,1735.0,1755.0,strong,any,,,0.01,+intensity,1539,128,0.083,52,13,76,1398,0.406,0.991,0.8,0.948,44.09,24.68,78.77,,,0.6,0.52,0.69,False,
SMITH-BR7-EST-SAT-CO,main,group,saturated ester,ester_saturated,1735.0,1755.0,strong,any,,,0.01,+shape,1539,128,0.083,52,13,76,1398,0.406,0.991,0.8,0.948,44.09,24.68,78.77,,,0.6,0.52,0.69,False,
SMITH-BR7-EST-SAT-CO,main,group,saturated ester,ester_saturated,1735.0,1755.0,strong,any,,,0.02,position,1539,128,0.083,64,244,64,1167,0.5,0.827,0.208,0.948,2.89,2.35,3.56,,,0.6,0.51,0.72,False,
SMITH-BR7-EST-SAT-CO,main,group,saturated ester,ester_saturated,1735.0,1755.0,strong,any,,,0.02,+intensity,1539,128,0.083,51,13,77,1398,0.398,0.991,0.797,0.948,43.25,24.18,77.35,,,0.61,0.53,0.7,False,
SMITH-BR7-EST-SAT-CO,main,group,saturated ester,ester_saturated,1735.0,1755.0,strong,any,,,0.02,+shape,1539,128,0.083,51,13,77,1398,0.398,0.991,0.797,0.948,43.25,24.18,77.35,18.43,116.37,0.61,0.53,0.7,False,ketone_saturated OR=17.3 (n=3); carboxylic_acids OR=15.5 (n=4); esters OR=15.2 (n=8)
SMITH-BR7-EST-SAT-CO,main,group,saturated ester,ester_saturated,1735.0,1755.0,strong,any,,,0.05,position,1539,128,0.083,62,124,66,1287,0.484,0.912,0.333,0.951,5.51,4.31,7.04,,,0.57,0.48,0.67,False,
SMITH-BR7-EST-SAT-CO,main,group,saturated ester,ester_saturated,1735.0,1755.0,strong,any,,,0.05,+intensity,1539,128,0.083,50,12,78,1399,0.391,0.991,0.806,0.947,45.93,25.12,83.99,,,0.61,0.53,0.71,False,
SMITH-BR7-EST-SAT-CO,main,group,saturated ester,ester_saturated,1735.0,1755.0,strong,any,,,0.05,+shape,1539,128,0.083,50,12,78,1399,0.391,0.991,0.806,0.947,45.93,25.12,83.99,,,0.61,0.53,0.71,False,
SMITH-BR7-EST-SAT-CO,main,group,saturated ester,ester_saturated,1735.0,1755.0,strong,any,,,0.1,position,1539,128,0.083,60,64,68,1347,0.469,0.955,0.484,0.952,10.33,7.64,13.98,,,0.56,0.47,0.66,False,
SMITH-BR7-EST-SAT-CO,main,group,saturated ester,ester_saturated,1735.0,1755.0,strong,any,,,0.1,+intensity,1539,128,0.083,49,11,79,1400,0.383,0.992,0.817,0.947,49.1,26.19,92.05,,,0.62,0.54,0.71,False,
SMITH-BR7-EST-SAT-CO,main,group,saturated ester,ester_saturated,1735.0,1755.0,strong,any,,,0.1,+shape,1539,128,0.083,49,11,79,1400,0.383,0.992,0.817,0.947,49.1,26.19,92.05,,,0.62,0.54,0.71,False,
SMITH-BR7-EST-SAT-CCO,main,group,saturated ester,ester_saturated,1160.0,1210.0,strong,any,,,0.01,position,1539,128,0.083,101,1277,27,134,0.789,0.095,0.073,0.832,0.87,0.8,0.96,,,2.22,1.53,3.22,False,
SMITH-BR7-EST-SAT-CCO,main,group,saturated ester,ester_saturated,1160.0,1210.0,strong,any,,,0.01,+intensity,1539,128,0.083,67,362,61,1049,0.523,0.743,0.156,0.945,2.04,1.69,2.46,,,0.64,0.53,0.77,False,
SMITH-BR7-EST-SAT-CCO,main,group,saturated ester,ester_saturated,1160.0,1210.0,strong,any,,,0.01,+shape,1539,128,0.083,67,362,61,1049,0.523,0.743,0.156,0.945,2.04,1.69,2.46,,,0.64,0.53,0.77,False,
SMITH-BR7-EST-SAT-CCO,main,group,saturated ester,ester_saturated,1160.0,1210.0,strong,any,,,0.02,position,1539,128,0.083,97,1248,31,163,0.758,0.116,0.072,0.84,0.86,0.78,0.95,,,2.1,1.49,2.94,False,
SMITH-BR7-EST-SAT-CCO,main,group,saturated ester,ester_saturated,1160.0,1210.0,strong,any,,,0.02,+intensity,1539,128,0.083,65,359,63,1052,0.508,0.746,0.153,0.943,2.0,1.65,2.42,,,0.66,0.55,0.79,False,
SMITH-BR7-EST-SAT-CCO,main,group,saturated ester,ester_saturated,1160.0,1210.0,strong,any,,,0.02,+shape,1539,128,0.083,65,359,63,1052,0.508,0.746,0.153,0.943,2.0,1.65,2.42,1.25,2.75,0.66,0.55,0.79,False,nitrile_saturated OR=20.7 (n=3); amine_secondary_saturated OR=10.9 (n=5); amide_primary OR=4.1 (n=3)
SMITH-BR7-EST-SAT-CCO,main,group,saturated ester,ester_saturated,1160.0,1210.0,strong,any,,,0.05,position,1539,128,0.083,85,1125,43,286,0.664,0.203,0.07,0.869,0.83,0.73,0.94,,,1.66,1.27,2.16,False,
SMITH-BR7-EST-SAT-CCO,main,group,saturated ester,ester_saturated,1160.0,1210.0,strong,any,,,0.05,+intensity,1539,128,0.083,63,348,65,1063,0.492,0.753,0.153,0.942,2.0,1.64,2.43,,,0.67,0.57,0.8,False,
SMITH-BR7-EST-SAT-CCO,main,group,saturated ester,ester_saturated,1160.0,1210.0,strong,any,,,0.05,+shape,1539,128,0.083,63,348,65,1063,0.492,0.753,0.153,0.942,2.0,1.64,2.43,,,0.67,0.57,0.8,False,
SMITH-BR7-EST-SAT-CCO,main,group,saturated ester,ester_saturated,1160.0,1210.0,strong,any,,,0.1,position,1539,128,0.083,79,963,49,448,0.617,0.318,0.076,0.901,0.9,0.79,1.04,,,1.21,0.96,1.52,False,
SMITH-BR7-EST-SAT-CCO,main,group,saturated ester,ester_saturated,1160.0,1210.0,strong,any,,,0.1,+intensity,1539,128,0.083,62,343,66,1068,0.484,0.757,0.153,0.942,1.99,1.63,2.44,,,0.68,0.57,0.81,False,
SMITH-BR7-EST-SAT-CCO,main,group,saturated ester,ester_saturated,1160.0,1210.0,strong,any,,,0.1,+shape,1539,128,0.083,62,343,66,1068,0.484,0.757,0.153,0.942,1.99,1.63,2.44,,,0.68,0.57,0.81,False,
SMITH-BR7-EST-SAT-OCC,main,group,saturated ester,ester_saturated,1030.0,1100.0,strong,any,,,0.01,position,1539,128,0.083,122,1302,6,109,0.953,0.077,0.086,0.948,1.03,0.99,1.08,,,0.61,0.27,1.35,False,
SMITH-BR7-EST-SAT-OCC,main,group,saturated ester,ester_saturated,1030.0,1100.0,strong,any,,,0.01,+intensity,1539,128,0.083,36,403,92,1008,0.281,0.714,0.082,0.916,0.98,0.74,1.31,,,1.01,0.9,1.13,False,
SMITH-BR7-EST-SAT-OCC,main,group,saturated ester,ester_saturated,1030.0,1100.0,strong,any,,,0.01,+shape,1539,128,0.083,36,403,92,1008,0.281,0.714,0.082,0.916,0.98,0.74,1.31,,,1.01,0.9,1.13,False,
SMITH-BR7-EST-SAT-OCC,main,group,saturated ester,ester_saturated,1030.0,1100.0,strong,any,,,0.02,position,1539,128,0.083,118,1262,10,149,0.922,0.106,0.086,0.937,1.03,0.98,1.09,,,0.74,0.4,1.37,False,
SMITH-BR7-EST-SAT-OCC,main,group,saturated ester,ester_saturated,1030.0,1100.0,strong,any,,,0.02,+intensity,1539,128,0.083,36,402,92,1009,0.281,0.715,0.082,0.916,0.99,0.74,1.32,,,1.01,0.9,1.13,False,
SMITH-BR7-EST-SAT-OCC,main,group,saturated ester,ester_saturated,1030.0,1100.0,strong,any,,,0.02,+shape,1539,128,0.083,36,402,92,1009,0.281,0.715,0.082,0.916,0.99,0.74,1.32,0.56,1.43,1.01,0.9,1.13,False,aldehyde_saturated OR=17.7 (n=3); ether_saturated OR=7.7 (n=40); alcohol_tertiary OR=6.6 (n=6)
SMITH-BR7-EST-SAT-OCC,main,group,saturated ester,ester_saturated,1030.0,1100.0,strong,any,,,0.05,position,1539,128,0.083,108,1167,20,244,0.844,0.173,0.085,0.924,1.02,0.94,1.1,,,0.9,0.59,1.37,False,
SMITH-BR7-EST-SAT-OCC,main,group,saturated ester,ester_saturated,1030.0,1100.0,strong,any,,,0.05,+intensity,1539,128,0.083,36,398,92,1013,0.281,0.718,0.083,0.917,1.0,0.75,1.33,,,1.0,0.89,1.12,False,
SMITH-BR7-EST-SAT-OCC,main,group,saturated ester,ester_saturated,1030.0,1100.0,strong,any,,,0.05,+shape,1539,128,0.083,36,398,92,1013,0.281,0.718,0.083,0.917,1.0,0.75,1.33,,,1.0,0.89,1.12,False,
SMITH-BR7-EST-SAT-OCC,main,group,saturated ester,ester_saturated,1030.0,1100.0,strong,any,,,0.1,position,1539,128,0.083,88,997,40,414,0.688,0.293,0.081,0.912,0.97,0.86,1.1,,,1.07,0.81,1.39,False,
SMITH-BR7-EST-SAT-OCC,main,group,saturated ester,ester_saturated,1030.0,1100.0,strong,any,,,0.1,+intensity,1539,128,0.083,35,390,93,1021,0.273,0.724,0.082,0.917,0.99,0.74,1.33,,,1.0,0.9,1.12,False,
SMITH-BR7-EST-SAT-OCC,main,group,saturated ester,ester_saturated,1030.0,1100.0,strong,any,,,0.1,+shape,1539,128,0.083,35,390,93,1021,0.273,0.724,0.082,0.917,0.99,0.74,1.33,,,1.0,0.9,1.12,False,
SMITH-BR7-EST-AR-CO,main,group,aromatic ester,ester_aromatic,1715.0,1730.0,strong,any,,,0.01,position,1539,116,0.075,41,326,75,1097,0.353,0.771,0.112,0.936,1.54,1.18,2.01,,,0.84,0.73,0.96,False,
SMITH-BR7-EST-AR-CO,main,group,aromatic ester,ester_aromatic,1715.0,1730.0,strong,any,,,0.01,+intensity,1539,116,0.075,34,66,82,1357,0.293,0.954,0.34,0.943,6.32,4.37,9.13,,,0.74,0.66,0.83,False,
SMITH-BR7-EST-AR-CO,main,group,aromatic ester,ester_aromatic,1715.0,1730.0,strong,any,,,0.01,+shape,1539,116,0.075,34,66,82,1357,0.293,0.954,0.34,0.943,6.32,4.37,9.13,,,0.74,0.66,0.83,False,
SMITH-BR7-EST-AR-CO,main,group,aromatic ester,ester_aromatic,1715.0,1730.0,strong,any,,,0.02,position,1539,116,0.075,40,221,76,1202,0.345,0.845,0.153,0.941,2.22,1.68,2.93,,,0.78,0.68,0.89,False,
SMITH-BR7-EST-AR-CO,main,group,aromatic ester,ester_aromatic,1715.0,1730.0,strong,any,,,0.02,+intensity,1539,116,0.075,33,66,83,1357,0.284,0.954,0.333,0.942,6.13,4.23,8.9,,,0.75,0.67,0.84,False,
SMITH-BR7-EST-AR-CO,main,group,aromatic ester,ester_aromatic,1715.0,1730.0,strong,any,,,0.02,+shape,1539,116,0.075,33,66,83,1357,0.284,0.954,0.333,0.942,6.13,4.23,8.9,3.62,10.27,0.75,0.67,0.84,False,alcohol_tertiary OR=13.6 (n=3); ketone_saturated OR=13.4 (n=14); esters OR=13.1 (n=36)
SMITH-BR7-EST-AR-CO,main,group,aromatic ester,ester_aromatic,1715.0,1730.0,strong,any,,,0.05,position,1539,116,0.075,39,140,77,1283,0.336,0.902,0.218,0.943,3.42,2.53,4.61,,,0.74,0.65,0.84,False,
SMITH-BR7-EST-AR-CO,main,group,aromatic ester,ester_aromatic,1715.0,1730.0,strong,any,,,0.05,+intensity,1539,116,0.075,33,65,83,1358,0.284,0.954,0.337,0.942,6.23,4.29,9.05,,,0.75,0.67,0.84,False,
SMITH-BR7-EST-AR-CO,main,group,aromatic ester,ester_aromatic,1715.0,1730.0,strong,any,,,0.05,+shape,1539,116,0.075,33,65,83,1358,0.284,0.954,0.337,0.942,6.23,4.29,9.05,,,0.75,0.67,0.84,False,
SMITH-BR7-EST-AR-CO,main,group,aromatic ester,ester_aromatic,1715.0,1730.0,strong,any,,,0.1,position,1539,116,0.075,38,101,78,1322,0.328,0.929,0.273,0.944,4.62,3.35,6.37,,,0.72,0.64,0.82,False,
SMITH-BR7-EST-AR-CO,main,group,aromatic ester,ester_aromatic,1715.0,1730.0,strong,any,,,0.1,+intensity,1539,116,0.075,33,63,83,1360,0.284,0.956,0.344,0.942,6.43,4.41,9.36,,,0.75,0.67,0.84,False,
SMITH-BR7-EST-AR-CO,main,group,aromatic ester,ester_aromatic,1715.0,1730.0,strong,any,,,0.1,+shape,1539,116,0.075,33,63,83,1360,0.284,0.956,0.344,0.942,6.43,4.41,9.36,,,0.75,0.67,0.84,False,
SMITH-BR7-EST-AR-CCO,main,group,aromatic ester,ester_aromatic,1250.0,1310.0,strong,any,,,0.01,position,1539,116,0.075,109,1259,7,164,0.94,0.115,0.08,0.959,1.06,1.01,1.12,,,0.52,0.25,1.09,False,
SMITH-BR7-EST-AR-CCO,main,group,aromatic ester,ester_aromatic,1250.0,1310.0,strong,any,,,0.01,+intensity,1539,116,0.075,92,256,24,1167,0.793,0.82,0.264,0.98,4.41,3.81,5.1,,,0.25,0.18,0.36,False,
SMITH-BR7-EST-AR-CCO,main,group,aromatic ester,ester_aromatic,1250.0,1310.0,strong,any,,,0.01,+shape,1539,116,0.075,92,256,24,1167,0.793,0.82,0.264,0.98,4.41,3.81,5.1,,,0.25,0.18,0.36,False,
SMITH-BR7-EST-AR-CCO,main,group,aromatic ester,ester_aromatic,1250.0,1310.0,strong,any,,,0.02,position,1539,116,0.075,108,1211,8,212,0.931,0.149,0.082,0.964,1.09,1.04,1.15,,,0.46,0.23,0.91,False,
SMITH-BR7-EST-AR-CCO,main,group,aromatic ester,ester_aromatic,1250.0,1310.0,strong,any,,,0.02,+intensity,1539,116,0.075,92,256,24,1167,0.793,0.82,0.264,0.98,4.41,3.81,5.1,,,0.25,0.18,0.36,False,
SMITH-BR7-EST-AR-CCO,main,group,aromatic ester,ester_aromatic,1250.0,1310.0,strong,any,,,0.02,+shape,1539,116,0.075,92,256,24,1167,0.793,0.82,0.264,0.98,4.41,3.81,5.1,3.19,6.47,0.25,0.18,0.36,False,carboxylic_acid_aromatic OR=20.3 (n=22); carboxylic_acids OR=6.4 (n=26); ether_aryl OR=6.4 (n=7)
SMITH-BR7-EST-AR-CCO,main,group,aromatic ester,ester_aromatic,1250.0,1310.0,strong,any,,,0.05,position,1539,116,0.075,104,1089,12,334,0.897,0.235,0.087,0.965,1.17,1.09,1.25,,,0.44,0.26,0.76,False,
SMITH-BR7-EST-AR-CCO,main,group,aromatic ester,ester_aromatic,1250.0,1310.0,strong,any,,,0.05,+intensity,1539,116,0.075,92,254,24,1169,0.793,0.822,0.266,0.98,4.44,3.84,5.14,,,0.25,0.18,0.36,False,
SMITH-BR7-EST-AR-CCO,main,group,aromatic ester,ester_aromatic,1250.0,1310.0,strong,any,,,0.05,+shape,1539,116,0.075,92,254,24,1169,0.793,0.822,0.266,0.98,4.44,3.84,5.14,,,0.25,0.18,0.36,False,
SMITH-BR7-EST-AR-CCO,main,group,aromatic ester,ester_aromatic,1250.0,1310.0,strong,any,,,0.1,position,1539,116,0.075,98,896,18,527,0.845,0.37,0.099,0.967,1.34,1.23,1.46,,,0.42,0.27,0.64,False,
SMITH-BR7-EST-AR-CCO,main,group,aromatic ester,ester_aromatic,1250.0,1310.0,strong,any,,,0.1,+intensity,1539,116,0.075,89,248,27,1175,0.767,0.826,0.264,0.978,4.4,3.78,5.12,,,0.28,0.2,0.39,False,
SMITH-BR7-EST-AR-CCO,main,group,aromatic ester,ester_aromatic,1250.0,1310.0,strong,any,,,0.1,+shape,1539,116,0.075,89,248,27,1175,0.767,0.826,0.264,0.978,4.4,3.78,5.12,,,0.28,0.2,0.39,False,
SMITH-BR7-EST-AR-OCC,main,group,aromatic ester,ester_aromatic,1100.0,1130.0,strong,any,,,0.01,position,1539,116,0.075,91,1093,25,330,0.784,0.232,0.077,0.93,1.02,0.92,1.13,,,0.93,0.65,1.33,False,
SMITH-BR7-EST-AR-OCC,main,group,aromatic ester,ester_aromatic,1100.0,1130.0,strong,any,,,0.01,+intensity,1539,116,0.075,49,239,67,1184,0.422,0.832,0.17,0.946,2.52,1.97,3.2,,,0.69,0.59,0.81,False,
SMITH-BR7-EST-AR-OCC,main,group,aromatic ester,ester_aromatic,1100.0,1130.0,strong,any,,,0.01,+shape,1539,116,0.075,49,239,67,1184,0.422,0.832,0.17,0.946,2.52,1.97,3.2,,,0.69,0.59,0.81,False,
SMITH-BR7-EST-AR-OCC,main,group,aromatic ester,ester_aromatic,1100.0,1130.0,strong,any,,,0.02,position,1539,116,0.075,89,1022,27,401,0.767,0.282,0.08,0.937,1.07,0.96,1.19,,,0.83,0.59,1.16,False,
SMITH-BR7-EST-AR-OCC,main,group,aromatic ester,ester_aromatic,1100.0,1130.0,strong,any,,,0.02,+intensity,1539,116,0.075,48,236,68,1187,0.414,0.834,0.169,0.946,2.5,1.95,3.19,,,0.7,0.6,0.82,False,
SMITH-BR7-EST-AR-OCC,main,group,aromatic ester,ester_aromatic,1100.0,1130.0,strong,any,,,0.02,+shape,1539,116,0.075,48,236,68,1187,0.414,0.834,0.169,0.946,2.5,1.95,3.19,1.85,3.31,0.7,0.6,0.82,False,ether_mixed OR=4.6 (n=83); ether OR=3.4 (n=94); alkane OR=3.1 (n=212)
SMITH-BR7-EST-AR-OCC,main,group,aromatic ester,ester_aromatic,1100.0,1130.0,strong,any,,,0.05,position,1539,116,0.075,77,870,39,553,0.664,0.389,0.081,0.934,1.09,0.95,1.24,,,0.87,0.66,1.13,False,
SMITH-BR7-EST-AR-OCC,main,group,aromatic ester,ester_aromatic,1100.0,1130.0,strong,any,,,0.05,+intensity,1539,116,0.075,42,233,74,1190,0.362,0.836,0.153,0.941,2.21,1.69,2.89,,,0.76,0.66,0.88,False,
SMITH-BR7-EST-AR-OCC,main,group,aromatic ester,ester_aromatic,1100.0,1130.0,strong,any,,,0.05,+shape,1539,116,0.075,42,233,74,1190,0.362,0.836,0.153,0.941,2.21,1.69,2.89,,,0.76,0.66,0.88,False,
SMITH-BR7-EST-AR-OCC,main,group,aromatic ester,ester_aromatic,1100.0,1130.0,strong,any,,,0.1,position,1539,116,0.075,66,651,50,772,0.569,0.543,0.092,0.939,1.24,1.05,1.47,,,0.79,0.64,0.98,False,
SMITH-BR7-EST-AR-OCC,main,group,aromatic ester,ester_aromatic,1100.0,1130.0,strong,any,,,0.1,+intensity,1539,116,0.075,40,226,76,1197,0.345,0.841,0.15,0.94,2.17,1.64,2.87,,,0.78,0.68,0.89,False,
SMITH-BR7-EST-AR-OCC,main,group,aromatic ester,ester_aromatic,1100.0,1130.0,strong,any,,,0.1,+shape,1539,116,0.075,40,226,76,1197,0.345,0.841,0.15,0.94,2.17,1.64,2.87,,,0.78,0.68,0.89,False,
SMITH-BR7-CARB-SAT-CO,main,group,saturated organic carbonate,carbonate_organic,1730.0,1750.0,strong,any,,,0.01,position,1539,2,0.001,0,525,2,1012,0.0,0.658,0.0,0.998,0.49,0.04,6.13,,,1.27,0.76,2.1,True,
SMITH-BR7-CARB-SAT-CO,main,group,saturated organic carbonate,carbonate_organic,1730.0,1750.0,strong,any,,,0.01,+intensity,1539,2,0.001,0,97,2,1440,0.0,0.937,0.0,0.999,2.63,0.21,33.26,,,0.89,0.54,1.48,True,
SMITH-BR7-CARB-SAT-CO,main,group,saturated organic carbonate,carbonate_organic,1730.0,1750.0,strong,any,,,0.01,+shape,1539,2,0.001,0,97,2,1440,0.0,0.937,0.0,0.999,2.63,0.21,33.26,,,0.89,0.54,1.48,True,
SMITH-BR7-CARB-SAT-CO,main,group,saturated organic carbonate,carbonate_organic,1730.0,1750.0,strong,any,,,0.02,position,1539,2,0.001,0,402,2,1135,0.0,0.738,0.0,0.998,0.64,0.05,8.01,,,1.13,0.68,1.87,True,
SMITH-BR7-CARB-SAT-CO,main,group,saturated organic carbonate,carbonate_organic,1730.0,1750.0,strong,any,,,0.02,+intensity,1539,2,0.001,0,97,2,1440,0.0,0.937,0.0,0.999,2.63,0.21,33.26,,,0.89,0.54,1.48,True,
SMITH-BR7-CARB-SAT-CO,main,group,saturated organic carbonate,carbonate_organic,1730.0,1750.0,strong,any,,,0.02,+shape,1539,2,0.001,0,97,2,1440,0.0,0.937,0.0,0.999,2.63,0.21,33.26,,,0.89,0.54,1.48,True,
SMITH-BR7-CARB-SAT-CO,main,group,saturated organic carbonate,carbonate_organic,1730.0,1750.0,strong,any,,,0.05,position,1539,2,0.001,0,253,2,1284,0.0,0.835,0.0,0.998,1.01,0.08,12.73,,,1.0,0.6,1.66,True,
SMITH-BR7-CARB-SAT-CO,main,group,saturated organic carbonate,carbonate_organic,1730.0,1750.0,strong,any,,,0.05,+intensity,1539,2,0.001,0,96,2,1441,0.0,0.938,0.0,0.999,2.66,0.21,33.6,,,0.89,0.54,1.48,True,
SMITH-BR7-CARB-SAT-CO,main,group,saturated organic carbonate,carbonate_organic,1730.0,1750.0,strong,any,,,0.05,+shape,1539,2,0.001,0,96,2,1441,0.0,0.938,0.0,0.999,2.66,0.21,33.6,,,0.89,0.54,1.48,True,
SMITH-BR7-CARB-SAT-CO,main,group,saturated organic carbonate,carbonate_organic,1730.0,1750.0,strong,any,,,0.1,position,1539,2,0.001,0,177,2,1360,0.0,0.885,0.0,0.999,1.44,0.11,18.2,,,0.94,0.57,1.56,True,
SMITH-BR7-CARB-SAT-CO,main,group,saturated organic carbonate,carbonate_organic,1730.0,1750.0,strong,any,,,0.1,+intensity,1539,2,0.001,0,95,2,1442,0.0,0.938,0.0,0.999,2.68,0.21,33.96,,,0.89,0.54,1.47,True,
SMITH-BR7-CARB-SAT-CO,main,group,saturated organic carbonate,carbonate_organic,1730.0,1750.0,strong,any,,,0.1,+shape,1539,2,0.001,0,95,2,1442,0.0,0.938,0.0,0.999,2.68,0.21,33.96,,,0.89,0.54,1.47,True,
SMITH-BR7-CARB-SAT-OCO,main,group,saturated organic carbonate,carbonate_organic,1240.0,1280.0,strong,any,,,0.01,position,1539,2,0.001,2,1220,0,317,1.0,0.206,0.002,1.0,1.05,0.63,1.74,,,0.81,0.06,10.16,True,
SMITH-BR7-CARB-SAT-OCO,main,group,saturated organic carbonate,carbonate_organic,1240.0,1280.0,strong,any,,,0.01,+intensity,1539,2,0.001,1,343,1,1194,0.5,0.777,0.003,0.999,2.24,0.56,8.99,,,0.64,0.16,2.57,True,
SMITH-BR7-CARB-SAT-OCO,main,group,saturated organic carbonate,carbonate_organic,1240.0,1280.0,strong,any,,,0.01,+shape,1539,2,0.001,1,343,1,1194,0.5,0.777,0.003,0.999,2.24,0.56,8.99,,,0.64,0.16,2.57,True,
SMITH-BR7-CARB-SAT-OCO,main,group,saturated organic carbonate,carbonate_organic,1240.0,1280.0,strong,any,,,0.02,position,1539,2,0.001,1,1159,1,378,0.5,0.246,0.001,0.997,0.66,0.17,2.65,,,2.03,0.51,8.15,True,
SMITH-BR7-CARB-SAT-OCO,main,group,saturated organic carbonate,carbonate_organic,1240.0,1280.0,strong,any,,,0.02,+intensity,1539,2,0.001,1,342,1,1195,0.5,0.777,0.003,0.999,2.25,0.56,9.01,,,0.64,0.16,2.57,True,
SMITH-BR7-CARB-SAT-OCO,main,group,saturated organic carbonate,carbonate_organic,1240.0,1280.0,strong,any,,,0.02,+shape,1539,2,0.001,1,342,1,1195,0.5,0.777,0.003,0.999,2.25,0.56,9.01,,,0.64,0.16,2.57,True,
SMITH-BR7-CARB-SAT-OCO,main,group,saturated organic carbonate,carbonate_organic,1240.0,1280.0,strong,any,,,0.05,position,1539,2,0.001,1,1020,1,517,0.5,0.336,0.001,0.998,0.75,0.19,3.01,,,1.49,0.37,5.95,True,
SMITH-BR7-CARB-SAT-OCO,main,group,saturated organic carbonate,carbonate_organic,1240.0,1280.0,strong,any,,,0.05,+intensity,1539,2,0.001,1,341,1,1196,0.5,0.778,0.003,0.999,2.25,0.56,9.04,,,0.64,0.16,2.57,True,
SMITH-BR7-CARB-SAT-OCO,main,group,saturated organic carbonate,carbonate_organic,1240.0,1280.0,strong,any,,,0.05,+shape,1539,2,0.001,1,341,1,1196,0.5,0.778,0.003,0.999,2.25,0.56,9.04,,,0.64,0.16,2.57,True,
SMITH-BR7-CARB-SAT-OCO,main,group,saturated organic carbonate,carbonate_organic,1240.0,1280.0,strong,any,,,0.1,position,1539,2,0.001,1,869,1,668,0.5,0.435,0.001,0.999,0.88,0.22,3.54,,,1.15,0.29,4.61,True,
SMITH-BR7-CARB-SAT-OCO,main,group,saturated organic carbonate,carbonate_organic,1240.0,1280.0,strong,any,,,0.1,+intensity,1539,2,0.001,1,335,1,1202,0.5,0.782,0.003,0.999,2.29,0.57,9.2,,,0.64,0.16,2.56,True,
SMITH-BR7-CARB-SAT-OCO,main,group,saturated organic carbonate,carbonate_organic,1240.0,1280.0,strong,any,,,0.1,+shape,1539,2,0.001,1,335,1,1202,0.5,0.782,0.003,0.999,2.29,0.57,9.2,,,0.64,0.16,2.56,True,
SMITH-BR7-CARB-MIX-CO,main,group,mixed organic carbonate,carbonate_organic,1760.0,1790.0,strong,any,,,0.01,position,1539,2,0.001,0,292,2,1245,0.0,0.81,0.0,0.998,0.88,0.07,11.03,,,1.03,0.62,1.71,True,
SMITH-BR7-CARB-MIX-CO,main,group,mixed organic carbonate,carbonate_organic,1760.0,1790.0,strong,any,,,0.01,+intensity,1539,2,0.001,0,7,2,1530,0.0,0.995,0.0,0.999,34.18,2.47,473.77,,,0.84,0.5,1.39,True,
SMITH-BR7-CARB-MIX-CO,main,group,mixed organic carbonate,carbonate_organic,1760.0,1790.0,strong,any,,,0.01,+shape,1539,2,0.001,0,7,2,1530,0.0,0.995,0.0,0.999,34.18,2.47,473.77,,,0.84,0.5,1.39,True,
SMITH-BR7-CARB-MIX-CO,main,group,mixed organic carbonate,carbonate_organic,1760.0,1790.0,strong,any,,,0.02,position,1539,2,0.001,0,129,2,1408,0.0,0.916,0.0,0.999,1.98,0.16,24.99,,,0.91,0.55,1.51,True,
SMITH-BR7-CARB-MIX-CO,main,group,mixed organic carbonate,carbonate_organic,1760.0,1790.0,strong,any,,,0.02,+intensity,1539,2,0.001,0,7,2,1530,0.0,0.995,0.0,0.999,34.18,2.47,473.77,,,0.84,0.5,1.39,True,
SMITH-BR7-CARB-MIX-CO,main,group,mixed organic carbonate,carbonate_organic,1760.0,1790.0,strong,any,,,0.02,+shape,1539,2,0.001,0,7,2,1530,0.0,0.995,0.0,0.999,34.18,2.47,473.77,,,0.84,0.5,1.39,True,
SMITH-BR7-CARB-MIX-CO,main,group,mixed organic carbonate,carbonate_organic,1760.0,1790.0,strong,any,,,0.05,position,1539,2,0.001,0,44,2,1493,0.0,0.971,0.0,0.999,5.76,0.45,73.54,,,0.86,0.52,1.42,True,
SMITH-BR7-CARB-MIX-CO,main,group,mixed organic carbonate,carbonate_organic,1760.0,1790.0,strong,any,,,0.05,+intensity,1539,2,0.001,0,7,2,1530,0.0,0.995,0.0,0.999,34.18,2.47,473.77,,,0.84,0.5,1.39,True,
SMITH-BR7-CARB-MIX-CO,main,group,mixed organic carbonate,carbonate_organic,1760.0,1790.0,strong,any,,,0.05,+shape,1539,2,0.001,0,7,2,1530,0.0,0.995,0.0,0.999,34.18,2.47,473.77,,,0.84,0.5,1.39,True,
SMITH-BR7-CARB-MIX-CO,main,group,mixed organic carbonate,carbonate_organic,1760.0,1790.0,strong,any,,,0.1,position,1539,2,0.001,0,25,2,1512,0.0,0.984,0.0,0.999,10.05,0.78,129.96,,,0.85,0.51,1.41,True,
SMITH-BR7-CARB-MIX-CO,main,group,mixed organic carbonate,carbonate_organic,1760.0,1790.0,strong,any,,,0.1,+intensity,1539,2,0.001,0,7,2,1530,0.0,0.995,0.0,0.999,34.18,2.47,473.77,,,0.84,0.5,1.39,True,
SMITH-BR7-CARB-MIX-CO,main,group,mixed organic carbonate,carbonate_organic,1760.0,1790.0,strong,any,,,0.1,+shape,1539,2,0.001,0,7,2,1530,0.0,0.995,0.0,0.999,34.18,2.47,473.77,,,0.84,0.5,1.39,True,
SMITH-BR7-CARB-MIX-OCO,main,group,mixed organic carbonate,carbonate_organic,1210.0,1250.0,strong,any,,,0.01,position,1539,2,0.001,2,1241,0,296,1.0,0.193,0.002,1.0,1.03,0.62,1.71,,,0.86,0.07,10.88,True,
SMITH-BR7-CARB-MIX-OCO,main,group,mixed organic carbonate,carbonate_organic,1210.0,1250.0,strong,any,,,0.01,+intensity,1539,2,0.001,2,411,0,1126,1.0,0.733,0.005,1.0,3.11,1.87,5.2,,,0.23,0.02,2.86,True,
SMITH-BR7-CARB-MIX-OCO,main,group,mixed organic carbonate,carbonate_organic,1210.0,1250.0,strong,any,,,0.01,+shape,1539,2,0.001,2,411,0,1126,1.0,0.733,0.005,1.0,3.11,1.87,5.2,,,0.23,0.02,2.86,True,
SMITH-BR7-CARB-MIX-OCO,main,group,mixed organic carbonate,carbonate_organic,1210.0,1250.0,strong,any,,,0.02,position,1539,2,0.001,2,1175,0,362,1.0,0.236,0.002,1.0,1.09,0.66,1.81,,,0.71,0.06,8.89,True,
SMITH-BR7-CARB-MIX-OCO,main,group,mixed organic carbonate,carbonate_organic,1210.0,1250.0,strong,any,,,0.02,+intensity,1539,2,0.001,2,408,0,1129,1.0,0.735,0.005,1.0,3.14,1.88,5.24,,,0.23,0.02,2.85,True,
SMITH-BR7-CARB-MIX-OCO,main,group,mixed organic carbonate,carbonate_organic,1210.0,1250.0,strong,any,,,0.02,+shape,1539,2,0.001,2,408,0,1129,1.0,0.735,0.005,1.0,3.14,1.88,5.24,,,0.23,0.02,2.85,True,
SMITH-BR7-CARB-MIX-OCO,main,group,mixed organic carbonate,carbonate_organic,1210.0,1250.0,strong,any,,,0.05,position,1539,2,0.001,2,1040,0,497,1.0,0.323,0.002,1.0,1.23,0.74,2.05,,,0.52,0.04,6.48,True,
SMITH-BR7-CARB-MIX-OCO,main,group,mixed organic carbonate,carbonate_organic,1210.0,1250.0,strong,any,,,0.05,+intensity,1539,2,0.001,2,393,0,1144,1.0,0.744,0.005,1.0,3.26,1.95,5.44,,,0.22,0.02,2.81,True,
SMITH-BR7-CARB-MIX-OCO,main,group,mixed organic carbonate,carbonate_organic,1210.0,1250.0,strong,any,,,0.05,+shape,1539,2,0.001,2,393,0,1144,1.0,0.744,0.005,1.0,3.26,1.95,5.44,,,0.22,0.02,2.81,True,
SMITH-BR7-CARB-MIX-OCO,main,group,mixed organic carbonate,carbonate_organic,1210.0,1250.0,strong,any,,,0.1,position,1539,2,0.001,2,891,0,646,1.0,0.42,0.002,1.0,1.44,0.87,2.39,,,0.4,0.03,4.98,True,
SMITH-BR7-CARB-MIX-OCO,main,group,mixed organic carbonate,carbonate_organic,1210.0,1250.0,strong,any,,,0.1,+intensity,1539,2,0.001,2,379,0,1158,1.0,0.753,0.005,1.0,3.38,2.02,5.64,,,0.22,0.02,2.78,True,
SMITH-BR7-CARB-MIX-OCO,main,group,mixed organic carbonate,carbonate_organic,1210.0,1250.0,strong,any,,,0.1,+shape,1539,2,0.001,2,379,0,1158,1.0,0.753,0.005,1.0,3.38,2.02,5.64,,,0.22,0.02,2.78,True,
SMITH-BR7-CARB-AR-CO,main,group,aromatic organic carbonate,carbonate_organic,1775.0,1820.0,strong,any,,,0.01,position,1539,2,0.001,0,460,2,1077,0.0,0.701,0.0,0.998,0.56,0.04,7.0,,,1.19,0.72,1.98,True,
SMITH-BR7-CARB-AR-CO,main,group,aromatic organic carbonate,carbonate_organic,1775.0,1820.0,strong,any,,,0.01,+intensity,1539,2,0.001,0,8,2,1529,0.0,0.995,0.0,0.999,30.16,2.2,413.26,,,0.84,0.51,1.39,True,
SMITH-BR7-CARB-AR-CO,main,group,aromatic organic carbonate,carbonate_organic,1775.0,1820.0,strong,any,,,0.01,+shape,1539,2,0.001,0,8,2,1529,0.0,0.995,0.0,0.999,30.16,2.2,413.26,,,0.84,0.51,1.39,True,
SMITH-BR7-CARB-AR-CO,main,group,aromatic organic carbonate,carbonate_organic,1775.0,1820.0,strong,any,,,0.02,position,1539,2,0.001,0,178,2,1359,0.0,0.884,0.0,0.999,1.44,0.11,18.1,,,0.94,0.57,1.56,True,
SMITH-BR7-CARB-AR-CO,main,group,aromatic organic carbonate,carbonate_organic,1775.0,1820.0,strong,any,,,0.02,+intensity,1539,2,0.001,0,8,2,1529,0.0,0.995,0.0,0.999,30.16,2.2,413.26,,,0.84,0.51,1.39,True,
SMITH-BR7-CARB-AR-CO,main,group,aromatic organic carbonate,carbonate_organic,1775.0,1820.0,strong,any,,,0.02,+shape,1539,2,0.001,0,8,2,1529,0.0,0.995,0.0,0.999,30.16,2.2,413.26,,,0.84,0.51,1.39,True,
SMITH-BR7-CARB-AR-CO,main,group,aromatic organic carbonate,carbonate_organic,1775.0,1820.0,strong,any,,,0.05,position,1539,2,0.001,0,43,2,1494,0.0,0.972,0.0,0.999,5.89,0.46,75.26,,,0.86,0.52,1.42,True,
SMITH-BR7-CARB-AR-CO,main,group,aromatic organic carbonate,carbonate_organic,1775.0,1820.0,strong,any,,,0.05,+intensity,1539,2,0.001,0,8,2,1529,0.0,0.995,0.0,0.999,30.16,2.2,413.26,,,0.84,0.51,1.39,True,
SMITH-BR7-CARB-AR-CO,main,group,aromatic organic carbonate,carbonate_organic,1775.0,1820.0,strong,any,,,0.05,+shape,1539,2,0.001,0,8,2,1529,0.0,0.995,0.0,0.999,30.16,2.2,413.26,,,0.84,0.51,1.39,True,
SMITH-BR7-CARB-AR-CO,main,group,aromatic organic carbonate,carbonate_organic,1775.0,1820.0,strong,any,,,0.1,position,1539,2,0.001,0,22,2,1515,0.0,0.986,0.0,0.999,11.39,0.88,147.87,,,0.85,0.51,1.4,True,
SMITH-BR7-CARB-AR-CO,main,group,aromatic organic carbonate,carbonate_organic,1775.0,1820.0,strong,any,,,0.1,+intensity,1539,2,0.001,0,8,2,1529,0.0,0.995,0.0,0.999,30.16,2.2,413.26,,,0.84,0.51,1.39,True,
SMITH-BR7-CARB-AR-CO,main,group,aromatic organic carbonate,carbonate_organic,1775.0,1820.0,strong,any,,,0.1,+shape,1539,2,0.001,0,8,2,1529,0.0,0.995,0.0,0.999,30.16,2.2,413.26,,,0.84,0.51,1.39,True,
SMITH-BR7-CARB-AR-OCO,main,group,aromatic organic carbonate,carbonate_organic,1205.0,1230.0,strong,any,,,0.01,position,1539,2,0.001,2,902,0,635,1.0,0.413,0.002,1.0,1.42,0.85,2.36,,,0.4,0.03,5.07,True,
SMITH-BR7-CARB-AR-OCO,main,group,aromatic organic carbonate,carbonate_organic,1205.0,1230.0,strong,any,,,0.01,+intensity,1539,2,0.001,2,269,0,1268,1.0,0.825,0.007,1.0,4.76,2.83,7.98,,,0.2,0.02,2.54,True,
SMITH-BR7-CARB-AR-OCO,main,group,aromatic organic carbonate,carbonate_organic,1205.0,1230.0,strong,any,,,0.01,+shape,1539,2,0.001,2,269,0,1268,1.0,0.825,0.007,1.0,4.76,2.83,7.98,,,0.2,0.02,2.54,True,
SMITH-BR7-CARB-AR-OCO,main,group,aromatic organic carbonate,carbonate_organic,1205.0,1230.0,strong,any,,,0.02,position,1539,2,0.001,2,849,0,688,1.0,0.448,0.002,1.0,1.51,0.91,2.51,,,0.37,0.03,4.68,True,
SMITH-BR7-CARB-AR-OCO,main,group,aromatic organic carbonate,carbonate_organic,1205.0,1230.0,strong,any,,,0.02,+intensity,1539,2,0.001,2,269,0,1268,1.0,0.825,0.007,1.0,4.76,2.83,7.98,,,0.2,0.02,2.54,True,
SMITH-BR7-CARB-AR-OCO,main,group,aromatic organic carbonate,carbonate_organic,1205.0,1230.0,strong,any,,,0.02,+shape,1539,2,0.001,2,269,0,1268,1.0,0.825,0.007,1.0,4.76,2.83,7.98,,,0.2,0.02,2.54,True,
SMITH-BR7-CARB-AR-OCO,main,group,aromatic organic carbonate,carbonate_organic,1205.0,1230.0,strong,any,,,0.05,position,1539,2,0.001,2,719,0,818,1.0,0.532,0.003,1.0,1.78,1.07,2.96,,,0.31,0.02,3.93,True,
SMITH-BR7-CARB-AR-OCO,main,group,aromatic organic carbonate,carbonate_organic,1205.0,1230.0,strong,any,,,0.05,+intensity,1539,2,0.001,2,254,0,1283,1.0,0.835,0.008,1.0,5.04,3.0,8.46,,,0.2,0.02,2.51,True,
SMITH-BR7-CARB-AR-OCO,main,group,aromatic organic carbonate,carbonate_organic,1205.0,1230.0,strong,any,,,0.05,+shape,1539,2,0.001,2,254,0,1283,1.0,0.835,0.008,1.0,5.04,3.0,8.46,,,0.2,0.02,2.51,True,
SMITH-BR7-CARB-AR-OCO,main,group,aromatic organic carbonate,carbonate_organic,1205.0,1230.0,strong,any,,,0.1,position,1539,2,0.001,2,585,0,952,1.0,0.619,0.003,1.0,2.19,1.31,3.65,,,0.27,0.02,3.38,True,
SMITH-BR7-CARB-AR-OCO,main,group,aromatic organic carbonate,carbonate_organic,1205.0,1230.0,strong,any,,,0.1,+intensity,1539,2,0.001,2,242,0,1295,1.0,0.843,0.008,1.0,5.29,3.15,8.88,,,0.2,0.02,2.48,True,
SMITH-BR7-CARB-AR-OCO,main,group,aromatic organic carbonate,carbonate_organic,1205.0,1230.0,strong,any,,,0.1,+shape,1539,2,0.001,2,242,0,1295,1.0,0.843,0.008,1.0,5.29,3.15,8.88,,,0.2,0.02,2.48,True,
SMITH-BR7-CARB-OCC,main,group,organic carbonate,carbonate_organic,1000.0,1060.0,strong,any,,,0.01,position,1539,2,0.001,2,1469,0,68,1.0,0.044,0.001,1.0,0.87,0.53,1.45,,,3.74,0.29,47.49,True,
SMITH-BR7-CARB-OCC,main,group,organic carbonate,carbonate_organic,1000.0,1060.0,strong,any,,,0.01,+intensity,1539,2,0.001,1,362,1,1175,0.5,0.764,0.003,0.999,2.12,0.53,8.51,,,0.65,0.16,2.62,True,
SMITH-BR7-CARB-OCC,main,group,organic carbonate,carbonate_organic,1000.0,1060.0,strong,any,,,0.01,+shape,1539,2,0.001,1,362,1,1175,0.5,0.764,0.003,0.999,2.12,0.53,8.51,,,0.65,0.16,2.62,True,
SMITH-BR7-CARB-OCC,main,group,organic carbonate,carbonate_organic,1000.0,1060.0,strong,any,,,0.02,position,1539,2,0.001,2,1442,0,95,1.0,0.062,0.001,1.0,0.89,0.54,1.47,,,2.68,0.21,33.96,True,
SMITH-BR7-CARB-OCC,main,group,organic carbonate,carbonate_organic,1000.0,1060.0,strong,any,,,0.02,+intensity,1539,2,0.001,1,361,1,1176,0.5,0.765,0.003,0.999,2.13,0.53,8.54,,,0.65,0.16,2.61,True,
SMITH-BR7-CARB-OCC,main,group,organic carbonate,carbonate_organic,1000.0,1060.0,strong,any,,,0.02,+shape,1539,2,0.001,1,361,1,1176,0.5,0.765,0.003,0.999,2.13,0.53,8.54,,,0.65,0.16,2.61,True,
SMITH-BR7-CARB-OCC,main,group,organic carbonate,carbonate_organic,1000.0,1060.0,strong,any,,,0.05,position,1539,2,0.001,2,1364,0,173,1.0,0.113,0.001,1.0,0.94,0.57,1.56,,,1.48,0.12,18.63,True,
SMITH-BR7-CARB-OCC,main,group,organic carbonate,carbonate_organic,1000.0,1060.0,strong,any,,,0.05,+intensity,1539,2,0.001,1,359,1,1178,0.5,0.766,0.003,0.999,2.14,0.53,8.58,,,0.65,0.16,2.61,True,
SMITH-BR7-CARB-OCC,main,group,organic carbonate,carbonate_organic,1000.0,1060.0,strong,any,,,0.05,+shape,1539,2,0.001,1,359,1,1178,0.5,0.766,0.003,0.999,2.14,0.53,8.58,,,0.65,0.16,2.61,True,
SMITH-BR7-CARB-OCC,main,group,organic carbonate,carbonate_organic,1000.0,1060.0,strong,any,,,0.1,position,1539,2,0.001,2,1208,0,329,1.0,0.214,0.002,1.0,1.06,0.64,1.76,,,0.78,0.06,9.79,True,
SMITH-BR7-CARB-OCC,main,group,organic carbonate,carbonate_organic,1000.0,1060.0,strong,any,,,0.1,+intensity,1539,2,0.001,1,358,1,1179,0.5,0.767,0.003,0.999,2.15,0.54,8.61,,,0.65,0.16,2.61,True,
SMITH-BR7-CARB-OCC,main,group,organic carbonate,carbonate_organic,1000.0,1060.0,strong,any,,,0.1,+shape,1539,2,0.001,1,358,1,1179,0.5,0.767,0.003,0.999,2.15,0.54,8.61,,,0.65,0.16,2.61,True,
SMITH-BR8-AMD1-NH-STR,main,group,primary amide,amide_primary,3170.0,3370.0,any,any,,,0.01,position,1539,5,0.003,3,687,2,847,0.6,0.552,0.004,0.998,1.34,0.65,2.75,,,0.72,0.25,2.12,True,
SMITH-BR8-AMD1-NH-STR,main,group,primary amide,amide_primary,3170.0,3370.0,any,any,,,0.01,+intensity,1539,5,0.003,3,687,2,847,0.6,0.552,0.004,0.998,1.34,0.65,2.75,,,0.72,0.25,2.12,True,
SMITH-BR8-AMD1-NH-STR,main,group,primary amide,amide_primary,3170.0,3370.0,any,any,,,0.01,+shape,1539,5,0.003,3,687,2,847,0.6,0.552,0.004,0.998,1.34,0.65,2.75,,,0.72,0.25,2.12,True,
SMITH-BR8-AMD1-NH-STR,main,group,primary amide,amide_primary,3170.0,3370.0,any,any,,,0.02,position,1539,5,0.003,2,483,3,1051,0.4,0.685,0.004,0.997,1.27,0.43,3.73,,,0.88,0.43,1.79,True,
SMITH-BR8-AMD1-NH-STR,main,group,primary amide,amide_primary,3170.0,3370.0,any,any,,,0.02,+intensity,1539,5,0.003,2,483,3,1051,0.4,0.685,0.004,0.997,1.27,0.43,3.73,,,0.88,0.43,1.79,True,
SMITH-BR8-AMD1-NH-STR,main,group,primary amide,amide_primary,3170.0,3370.0,any,any,,,0.02,+shape,1539,5,0.003,2,483,3,1051,0.4,0.685,0.004,0.997,1.27,0.43,3.73,,,0.88,0.43,1.79,True,
SMITH-BR8-AMD1-NH-STR,main,group,primary amide,amide_primary,3170.0,3370.0,any,any,,,0.05,position,1539,5,0.003,1,367,4,1167,0.2,0.761,0.003,0.997,0.84,0.14,4.84,,,1.05,0.68,1.63,True,
SMITH-BR8-AMD1-NH-STR,main,group,primary amide,amide_primary,3170.0,3370.0,any,any,,,0.05,+intensity,1539,5,0.003,1,367,4,1167,0.2,0.761,0.003,0.997,0.84,0.14,4.84,,,1.05,0.68,1.63,True,
SMITH-BR8-AMD1-NH-STR,main,group,primary amide,amide_primary,3170.0,3370.0,any,any,,,0.05,+shape,1539,5,0.003,1,367,4,1167,0.2,0.761,0.003,0.997,0.84,0.14,4.84,,,1.05,0.68,1.63,True,
SMITH-BR8-AMD1-NH-STR,main,group,primary amide,amide_primary,3170.0,3370.0,any,any,,,0.1,position,1539,5,0.003,1,291,4,1243,0.2,0.81,0.003,0.997,1.05,0.18,6.1,,,0.99,0.64,1.53,True,
SMITH-BR8-AMD1-NH-STR,main,group,primary amide,amide_primary,3170.0,3370.0,any,any,,,0.1,+intensity,1539,5,0.003,1,291,4,1243,0.2,0.81,0.003,0.997,1.05,0.18,6.1,,,0.99,0.64,1.53,True,
SMITH-BR8-AMD1-NH-STR,main,group,primary amide,amide_primary,3170.0,3370.0,any,any,,,0.1,+shape,1539,5,0.003,1,291,4,1243,0.2,0.81,0.003,0.997,1.05,0.18,6.1,,,0.99,0.64,1.53,True,
SMITH-BR8-AMD-CO,main,group,amide,amides,1630.0,1680.0,strong,any,,,0.01,position,1539,223,0.145,181,681,42,635,0.812,0.483,0.21,0.938,1.57,1.45,1.7,,,0.39,0.3,0.52,False,
SMITH-BR8-AMD-CO,main,group,amide,amides,1630.0,1680.0,strong,any,,,0.01,+intensity,1539,223,0.145,105,201,118,1115,0.471,0.847,0.343,0.904,3.08,2.55,3.72,,,0.62,0.55,0.71,False,
SMITH-BR8-AMD-CO,main,group,amide,amides,1630.0,1680.0,strong,any,,,0.01,+shape,1539,223,0.145,105,201,118,1115,0.471,0.847,0.343,0.904,3.08,2.55,3.72,,,0.62,0.55,0.71,False,
SMITH-BR8-AMD-CO,main,group,amide,amides,1630.0,1680.0,strong,any,,,0.02,position,1539,223,0.145,175,541,48,775,0.785,0.589,0.244,0.942,1.91,1.74,2.1,,,0.37,0.28,0.47,False,
SMITH-BR8-AMD-CO,main,group,amide,amides,1630.0,1680.0,strong,any,,,0.02,+intensity,1539,223,0.145,105,199,118,1117,0.471,0.849,0.345,0.904,3.11,2.58,3.76,,,0.62,0.55,0.71,False,
SMITH-BR8-AMD-CO,main,group,amide,amides,1630.0,1680.0,strong,any,,,0.02,+shape,1539,223,0.145,105,199,118,1117,0.471,0.849,0.345,0.904,3.11,2.58,3.76,2.29,4.29,0.62,0.55,0.71,False,ketone_aromatic OR=8.5 (n=75); ketones OR=7.0 (n=83); carbonyl_any OR=6.5 (n=149)
SMITH-BR8-AMD-CO,main,group,amide,amides,1630.0,1680.0,strong,any,,,0.05,position,1539,223,0.145,165,366,58,950,0.74,0.722,0.311,0.942,2.66,2.37,2.99,,,0.36,0.29,0.45,False,
SMITH-BR8-AMD-CO,main,group,amide,amides,1630.0,1680.0,strong,any,,,0.05,+intensity,1539,223,0.145,105,196,118,1120,0.471,0.851,0.349,0.905,3.16,2.61,3.82,,,0.62,0.55,0.71,False,
SMITH-BR8-AMD-CO,main,group,amide,amides,1630.0,1680.0,strong,any,,,0.05,+shape,1539,223,0.145,105,196,118,1120,0.471,0.851,0.349,0.905,3.16,2.61,3.82,,,0.62,0.55,0.71,False,
SMITH-BR8-AMD-CO,main,group,amide,amides,1630.0,1680.0,strong,any,,,0.1,position,1539,223,0.145,163,310,60,1006,0.731,0.764,0.345,0.944,3.1,2.74,3.52,,,0.35,0.28,0.44,False,
SMITH-BR8-AMD-CO,main,group,amide,amides,1630.0,1680.0,strong,any,,,0.1,+intensity,1539,223,0.145,105,195,118,1121,0.471,0.852,0.35,0.905,3.18,2.63,3.84,,,0.62,0.55,0.7,False,
SMITH-BR8-AMD-CO,main,group,amide,amides,1630.0,1680.0,strong,any,,,0.1,+shape,1539,223,0.145,105,195,118,1121,0.471,0.852,0.35,0.905,3.18,2.63,3.84,,,0.62,0.55,0.7,False,
SMITH-BR8-AMD1-SCIS,main,group,primary amide,amide_primary,1620.0,1650.0,any,any,,,0.01,position,1539,5,0.003,2,560,3,974,0.4,0.635,0.004,0.997,1.1,0.37,3.21,,,0.94,0.46,1.93,True,
SMITH-BR8-AMD1-SCIS,main,group,primary amide,amide_primary,1620.0,1650.0,any,any,,,0.01,+intensity,1539,5,0.003,2,560,3,974,0.4,0.635,0.004,0.997,1.1,0.37,3.21,,,0.94,0.46,1.93,True,
SMITH-BR8-AMD1-SCIS,main,group,primary amide,amide_primary,1620.0,1650.0,any,any,,,0.01,+shape,1539,5,0.003,2,560,3,974,0.4,0.635,0.004,0.997,1.1,0.37,3.21,,,0.94,0.46,1.93,True,
SMITH-BR8-AMD1-SCIS,main,group,primary amide,amide_primary,1620.0,1650.0,any,any,,,0.02,position,1539,5,0.003,1,457,4,1077,0.2,0.702,0.002,0.996,0.67,0.12,3.88,,,1.14,0.73,1.77,True,
SMITH-BR8-AMD1-SCIS,main,group,primary amide,amide_primary,1620.0,1650.0,any,any,,,0.02,+intensity,1539,5,0.003,1,457,4,1077,0.2,0.702,0.002,0.996,0.67,0.12,3.88,,,1.14,0.73,1.77,True,
SMITH-BR8-AMD1-SCIS,main,group,primary amide,amide_primary,1620.0,1650.0,any,any,,,0.02,+shape,1539,5,0.003,1,457,4,1077,0.2,0.702,0.002,0.996,0.67,0.12,3.88,,,1.14,0.73,1.77,True,
SMITH-BR8-AMD1-SCIS,main,group,primary amide,amide_primary,1620.0,1650.0,any,any,,,0.05,position,1539,5,0.003,1,288,4,1246,0.2,0.812,0.003,0.997,1.07,0.18,6.17,,,0.98,0.63,1.53,True,
SMITH-BR8-AMD1-SCIS,main,group,primary amide,amide_primary,1620.0,1650.0,any,any,,,0.05,+intensity,1539,5,0.003,1,288,4,1246,0.2,0.812,0.003,0.997,1.07,0.18,6.17,,,0.98,0.63,1.53,True,
SMITH-BR8-AMD1-SCIS,main,group,primary amide,amide_primary,1620.0,1650.0,any,any,,,0.05,+shape,1539,5,0.003,1,288,4,1246,0.2,0.812,0.003,0.997,1.07,0.18,6.17,,,0.98,0.63,1.53,True,
SMITH-BR8-AMD1-SCIS,main,group,primary amide,amide_primary,1620.0,1650.0,any,any,,,0.1,position,1539,5,0.003,1,240,4,1294,0.2,0.844,0.004,0.997,1.28,0.22,7.41,,,0.95,0.61,1.47,True,
SMITH-BR8-AMD1-SCIS,main,group,primary amide,amide_primary,1620.0,1650.0,any,any,,,0.1,+intensity,1539,5,0.003,1,240,4,1294,0.2,0.844,0.004,0.997,1.28,0.22,7.41,,,0.95,0.61,1.47,True,
SMITH-BR8-AMD1-SCIS,main,group,primary amide,amide_primary,1620.0,1650.0,any,any,,,0.1,+shape,1539,5,0.003,1,240,4,1294,0.2,0.844,0.004,0.997,1.28,0.22,7.41,,,0.95,0.61,1.47,True,
SMITH-BR8-AMD1-CN,main,group,primary amide,amide_primary,1390.0,1430.0,any,any,,,0.01,position,1539,5,0.003,3,1223,2,311,0.6,0.203,0.002,0.994,0.75,0.37,1.54,,,1.97,0.67,5.8,True,
SMITH-BR8-AMD1-CN,main,group,primary amide,amide_primary,1390.0,1430.0,any,any,,,0.01,+intensity,1539,5,0.003,3,1223,2,311,0.6,0.203,0.002,0.994,0.75,0.37,1.54,,,1.97,0.67,5.8,True,
SMITH-BR8-AMD1-CN,main,group,primary amide,amide_primary,1390.0,1430.0,any,any,,,0.01,+shape,1539,5,0.003,3,1223,2,311,0.6,0.203,0.002,0.994,0.75,0.37,1.54,,,1.97,0.67,5.8,True,
SMITH-BR8-AMD1-CN,main,group,primary amide,amide_primary,1390.0,1430.0,any,any,,,0.02,position,1539,5,0.003,3,1156,2,378,0.6,0.246,0.003,0.995,0.8,0.39,1.63,,,1.62,0.55,4.77,True,
SMITH-BR8-AMD1-CN,main,group,primary amide,amide_primary,1390.0,1430.0,any,any,,,0.02,+intensity,1539,5,0.003,3,1156,2,378,0.6,0.246,0.003,0.995,0.8,0.39,1.63,,,1.62,0.55,4.77,True,
SMITH-BR8-AMD1-CN,main,group,primary amide,amide_primary,1390.0,1430.0,any,any,,,0.02,+shape,1539,5,0.003,3,1156,2,378,0.6,0.246,0.003,0.995,0.8,0.39,1.63,,,1.62,0.55,4.77,True,
SMITH-BR8-AMD1-CN,main,group,primary amide,amide_primary,1390.0,1430.0,any,any,,,0.05,position,1539,5,0.003,3,1005,2,529,0.6,0.345,0.003,0.996,0.92,0.45,1.88,,,1.16,0.4,3.4,True,
SMITH-BR8-AMD1-CN,main,group,primary amide,amide_primary,1390.0,1430.0,any,any,,,0.05,+intensity,1539,5,0.003,3,1005,2,529,0.6,0.345,0.003,0.996,0.92,0.45,1.88,,,1.16,0.4,3.4,True,
SMITH-BR8-AMD1-CN,main,group,primary amide,amide_primary,1390.0,1430.0,any,any,,,0.05,+shape,1539,5,0.003,3,1005,2,529,0.6,0.345,0.003,0.996,0.92,0.45,1.88,,,1.16,0.4,3.4,True,
SMITH-BR8-AMD1-CN,main,group,primary amide,amide_primary,1390.0,1430.0,any,any,,,0.1,position,1539,5,0.003,2,819,3,715,0.4,0.466,0.002,0.996,0.75,0.26,2.19,,,1.29,0.63,2.64,True,
SMITH-BR8-AMD1-CN,main,group,primary amide,amide_primary,1390.0,1430.0,any,any,,,0.1,+intensity,1539,5,0.003,2,819,3,715,0.4,0.466,0.002,0.996,0.75,0.26,2.19,,,1.29,0.63,2.64,True,
SMITH-BR8-AMD1-CN,main,group,primary amide,amide_primary,1390.0,1430.0,any,any,,,0.1,+shape,1539,5,0.003,2,819,3,715,0.4,0.466,0.002,0.996,0.75,0.26,2.19,,,1.29,0.63,2.64,True,
SMITH-BR8-AMD1-WAG,main,group,primary amide,amide_primary,600.0,750.0,any,any,,,0.01,position,1539,5,0.003,5,1511,0,23,1.0,0.015,0.003,1.0,0.93,0.73,1.19,,,5.44,0.37,79.71,True,
SMITH-BR8-AMD1-WAG,main,group,primary amide,amide_primary,600.0,750.0,any,any,,,0.01,+intensity,1539,5,0.003,5,1511,0,23,1.0,0.015,0.003,1.0,0.93,0.73,1.19,,,5.44,0.37,79.71,True,
SMITH-BR8-AMD1-WAG,main,group,primary amide,amide_primary,600.0,750.0,any,any,,,0.01,+shape,1539,5,0.003,5,1511,0,23,1.0,0.015,0.003,1.0,0.93,0.73,1.19,,,5.44,0.37,79.71,True,
SMITH-BR8-AMD1-WAG,main,group,primary amide,amide_primary,600.0,750.0,any,any,,,0.02,position,1539,5,0.003,5,1501,0,33,1.0,0.022,0.003,1.0,0.94,0.74,1.19,,,3.82,0.26,55.41,True,
SMITH-BR8-AMD1-WAG,main,group,primary amide,amide_primary,600.0,750.0,any,any,,,0.02,+intensity,1539,5,0.003,5,1501,0,33,1.0,0.022,0.003,1.0,0.94,0.74,1.19,,,3.82,0.26,55.41,True,
SMITH-BR8-AMD1-WAG,main,group,primary amide,amide_primary,600.0,750.0,any,any,,,0.02,+shape,1539,5,0.003,5,1501,0,33,1.0,0.022,0.003,1.0,0.94,0.74,1.19,,,3.82,0.26,55.41,True,
SMITH-BR8-AMD1-WAG,main,group,primary amide,amide_primary,600.0,750.0,any,any,,,0.05,position,1539,5,0.003,5,1461,0,73,1.0,0.048,0.003,1.0,0.96,0.76,1.23,,,1.74,0.12,24.96,True,
SMITH-BR8-AMD1-WAG,main,group,primary amide,amide_primary,600.0,750.0,any,any,,,0.05,+intensity,1539,5,0.003,5,1461,0,73,1.0,0.048,0.003,1.0,0.96,0.76,1.23,,,1.74,0.12,24.96,True,
SMITH-BR8-AMD1-WAG,main,group,primary amide,amide_primary,600.0,750.0,any,any,,,0.05,+shape,1539,5,0.003,5,1461,0,73,1.0,0.048,0.003,1.0,0.96,0.76,1.23,,,1.74,0.12,24.96,True,
SMITH-BR8-AMD1-WAG,main,group,primary amide,amide_primary,600.0,750.0,any,any,,,0.1,position,1539,5,0.003,5,1391,0,143,1.0,0.093,0.004,1.0,1.01,0.79,1.29,,,0.89,0.06,12.72,True,
SMITH-BR8-AMD1-WAG,main,group,primary amide,amide_primary,600.0,750.0,any,any,,,0.1,+intensity,1539,5,0.003,5,1391,0,143,1.0,0.093,0.004,1.0,1.01,0.79,1.29,,,0.89,0.06,12.72,True,
SMITH-BR8-AMD1-WAG,main,group,primary amide,amide_primary,600.0,750.0,any,any,,,0.1,+shape,1539,5,0.003,5,1391,0,143,1.0,0.093,0.004,1.0,1.01,0.79,1.29,,,0.89,0.06,12.72,True,
SMITH-BR8-AMD2-NH-STR,main,group,secondary amide,amide_secondary,3170.0,3370.0,any,any,,,0.01,position,1539,147,0.096,141,549,6,843,0.959,0.606,0.204,0.993,2.43,2.26,2.62,,,0.07,0.03,0.15,False,
SMITH-BR8-AMD2-NH-STR,main,group,secondary amide,amide_secondary,3170.0,3370.0,any,any,,,0.01,+intensity,1539,147,0.096,141,549,6,843,0.959,0.606,0.204,0.993,2.43,2.26,2.62,,,0.07,0.03,0.15,False,
SMITH-BR8-AMD2-NH-STR,main,group,secondary amide,amide_secondary,3170.0,3370.0,any,any,,,0.01,+shape,1539,147,0.096,141,549,6,843,0.959,0.606,0.204,0.993,2.43,2.26,2.62,,,0.07,0.03,0.15,False,
SMITH-BR8-AMD2-NH-STR,main,group,secondary amide,amide_secondary,3170.0,3370.0,any,any,,,0.02,position,1539,147,0.096,138,347,9,1045,0.939,0.751,0.285,0.991,3.77,3.41,4.16,,,0.08,0.04,0.15,False,
SMITH-BR8-AMD2-NH-STR,main,group,secondary amide,amide_secondary,3170.0,3370.0,any,any,,,0.02,+intensity,1539,147,0.096,138,347,9,1045,0.939,0.751,0.285,0.991,3.77,3.41,4.16,,,0.08,0.04,0.15,False,
SMITH-BR8-AMD2-NH-STR,main,group,secondary amide,amide_secondary,3170.0,3370.0,any,any,,,0.02,+shape,1539,147,0.096,138,347,9,1045,0.939,0.751,0.285,0.991,3.77,3.41,4.16,3.22,4.51,0.08,0.04,0.15,False,alkyne_terminal OR=41.3 (n=19); amine_primary OR=17.1 (n=63); amine_primary_aromatic OR=15.3 (n=50)
SMITH-BR8-AMD2-NH-STR,main,group,secondary amide,amide_secondary,3170.0,3370.0,any,any,,,0.05,position,1539,147,0.096,131,237,16,1155,0.891,0.83,0.356,0.986,5.23,4.6,5.95,,,0.13,0.08,0.21,False,
SMITH-BR8-AMD2-NH-STR,main,group,secondary amide,amide_secondary,3170.0,3370.0,any,any,,,0.05,+intensity,1539,147,0.096,131,237,16,1155,0.891,0.83,0.356,0.986,5.23,4.6,5.95,,,0.13,0.08,0.21,False,
SMITH-BR8-AMD2-NH-STR,main,group,secondary amide,amide_secondary,3170.0,3370.0,any,any,,,0.05,+shape,1539,147,0.096,131,237,16,1155,0.891,0.83,0.356,0.986,5.23,4.6,5.95,,,0.13,0.08,0.21,False,
SMITH-BR8-AMD2-NH-STR,main,group,secondary amide,amide_secondary,3170.0,3370.0,any,any,,,0.1,position,1539,147,0.096,108,184,39,1208,0.735,0.868,0.37,0.969,5.56,4.71,6.56,,,0.31,0.23,0.4,False,
SMITH-BR8-AMD2-NH-STR,main,group,secondary amide,amide_secondary,3170.0,3370.0,any,any,,,0.1,+intensity,1539,147,0.096,108,184,39,1208,0.735,0.868,0.37,0.969,5.56,4.71,6.56,,,0.31,0.23,0.4,False,
SMITH-BR8-AMD2-NH-STR,main,group,secondary amide,amide_secondary,3170.0,3370.0,any,any,,,0.1,+shape,1539,147,0.096,108,184,39,1208,0.735,0.868,0.37,0.969,5.56,4.71,6.56,,,0.31,0.23,0.4,False,
SMITH-BR8-AMD2-NH-IPB,main,group,secondary amide,amide_secondary,1515.0,1570.0,strong,any,,,0.01,position,1539,147,0.096,139,959,8,433,0.946,0.311,0.127,0.982,1.37,1.3,1.45,,,0.17,0.09,0.34,False,
SMITH-BR8-AMD2-NH-IPB,main,group,secondary amide,amide_secondary,1515.0,1570.0,strong,any,,,0.01,+intensity,1539,147,0.096,65,159,82,1233,0.442,0.886,0.29,0.938,3.87,3.07,4.89,,,0.63,0.54,0.73,False,
SMITH-BR8-AMD2-NH-IPB,main,group,secondary amide,amide_secondary,1515.0,1570.0,strong,any,,,0.01,+shape,1539,147,0.096,65,159,82,1233,0.442,0.886,0.29,0.938,3.87,3.07,4.89,,,0.63,0.54,0.73,False,
SMITH-BR8-AMD2-NH-IPB,main,group,secondary amide,amide_secondary,1515.0,1570.0,strong,any,,,0.02,position,1539,147,0.096,138,870,9,522,0.939,0.375,0.137,0.983,1.5,1.42,1.59,,,0.16,0.09,0.31,False,
SMITH-BR8-AMD2-NH-IPB,main,group,secondary amide,amide_secondary,1515.0,1570.0,strong,any,,,0.02,+intensity,1539,147,0.096,65,159,82,1233,0.442,0.886,0.29,0.938,3.87,3.07,4.89,,,0.63,0.54,0.73,False,
SMITH-BR8-AMD2-NH-IPB,main,group,secondary amide,amide_secondary,1515.0,1570.0,strong,any,,,0.02,+shape,1539,147,0.096,65,159,82,1233,0.442,0.886,0.29,0.938,3.87,3.07,4.89,2.79,5.25,0.63,0.54,0.73,False,nitro OR=9.4 (n=25); ketone_aromatic OR=3.2 (n=38); n_h_any OR=2.9 (n=42)
SMITH-BR8-AMD2-NH-IPB,main,group,secondary amide,amide_secondary,1515.0,1570.0,strong,any,,,0.05,position,1539,147,0.096,136,715,11,677,0.925,0.486,0.16,0.984,1.8,1.68,1.93,,,0.15,0.09,0.27,False,
SMITH-BR8-AMD2-NH-IPB,main,group,secondary amide,amide_secondary,1515.0,1570.0,strong,any,,,0.05,+intensity,1539,147,0.096,64,159,83,1233,0.435,0.886,0.287,0.937,3.81,3.01,4.82,,,0.64,0.55,0.74,False,
SMITH-BR8-AMD2-NH-IPB,main,group,secondary amide,amide_secondary,1515.0,1570.0,strong,any,,,0.05,+shape,1539,147,0.096,64,159,83,1233,0.435,0.886,0.287,0.937,3.81,3.01,4.82,,,0.64,0.55,0.74,False,
SMITH-BR8-AMD2-NH-IPB,main,group,secondary amide,amide_secondary,1515.0,1570.0,strong,any,,,0.1,position,1539,147,0.096,130,564,17,828,0.884,0.595,0.187,0.98,2.18,2.0,2.38,,,0.19,0.12,0.3,False,
SMITH-BR8-AMD2-NH-IPB,main,group,secondary amide,amide_secondary,1515.0,1570.0,strong,any,,,0.1,+intensity,1539,147,0.096,63,156,84,1236,0.429,0.888,0.288,0.936,3.82,3.01,4.85,,,0.64,0.56,0.74,False,
SMITH-BR8-AMD2-NH-IPB,main,group,secondary amide,amide_secondary,1515.0,1570.0,strong,any,,,0.1,+shape,1539,147,0.096,63,156,84,1236,0.429,0.888,0.288,0.936,3.82,3.01,4.85,,,0.64,0.56,0.74,False,
SMITH-BR8-AMD2-CN,main,group,secondary amide,amide_secondary,1230.0,1310.0,any,any,,,0.01,position,1539,147,0.096,134,1328,13,64,0.912,0.046,0.092,0.831,0.96,0.91,1.01,,,1.92,1.09,3.41,False,
SMITH-BR8-AMD2-CN,main,group,secondary amide,amide_secondary,1230.0,1310.0,any,any,,,0.01,+intensity,1539,147,0.096,134,1328,13,64,0.912,0.046,0.092,0.831,0.96,0.91,1.01,,,1.92,1.09,3.41,False,
SMITH-BR8-AMD2-CN,main,group,secondary amide,amide_secondary,1230.0,1310.0,any,any,,,0.01,+shape,1539,147,0.096,134,1328,13,64,0.912,0.046,0.092,0.831,0.96,0.91,1.01,,,1.92,1.09,3.41,False,
SMITH-BR8-AMD2-CN,main,group,secondary amide,amide_secondary,1230.0,1310.0,any,any,,,0.02,position,1539,147,0.096,133,1303,14,89,0.905,0.064,0.093,0.864,0.97,0.92,1.02,,,1.49,0.87,2.55,False,
SMITH-BR8-AMD2-CN,main,group,secondary amide,amide_secondary,1230.0,1310.0,any,any,,,0.02,+intensity,1539,147,0.096,133,1303,14,89,0.905,0.064,0.093,0.864,0.97,0.92,1.02,,,1.49,0.87,2.55,False,
SMITH-BR8-AMD2-CN,main,group,secondary amide,amide_secondary,1230.0,1310.0,any,any,,,0.02,+shape,1539,147,0.096,133,1303,14,89,0.905,0.064,0.093,0.864,0.97,0.92,1.02,0.86,1.04,1.49,0.87,2.55,False,alkene_trisubstituted OR=5.3 (n=37); aromatics OR=5.2 (n=1229); ketone_saturated OR=4.6 (n=32)
SMITH-BR8-AMD2-CN,main,group,secondary amide,amide_secondary,1230.0,1310.0,any,any,,,0.05,position,1539,147,0.096,126,1217,21,175,0.857,0.126,0.094,0.893,0.98,0.92,1.05,,,1.14,0.75,1.73,False,
SMITH-BR8-AMD2-CN,main,group,secondary amide,amide_secondary,1230.0,1310.0,any,any,,,0.05,+intensity,1539,147,0.096,126,1217,21,175,0.857,0.126,0.094,0.893,0.98,0.92,1.05,,,1.14,0.75,1.73,False,
SMITH-BR8-AMD2-CN,main,group,secondary amide,amide_secondary,1230.0,1310.0,any,any,,,0.05,+shape,1539,147,0.096,126,1217,21,175,0.857,0.126,0.094,0.893,0.98,0.92,1.05,,,1.14,0.75,1.73,False,
SMITH-BR8-AMD2-CN,main,group,secondary amide,amide_secondary,1230.0,1310.0,any,any,,,0.1,position,1539,147,0.096,116,1069,31,323,0.789,0.232,0.098,0.912,1.03,0.94,1.12,,,0.91,0.66,1.26,False,
SMITH-BR8-AMD2-CN,main,group,secondary amide,amide_secondary,1230.0,1310.0,any,any,,,0.1,+intensity,1539,147,0.096,116,1069,31,323,0.789,0.232,0.098,0.912,1.03,0.94,1.12,,,0.91,0.66,1.26,False,
SMITH-BR8-AMD2-CN,main,group,secondary amide,amide_secondary,1230.0,1310.0,any,any,,,0.1,+shape,1539,147,0.096,116,1069,31,323,0.789,0.232,0.098,0.912,1.03,0.94,1.12,,,0.91,0.66,1.26,False,
SMITH-BR8-AMD2-WAG,main,group,secondary amide,amide_secondary,680.0,750.0,any,any,,,0.01,position,1539,147,0.096,145,1343,2,49,0.986,0.035,0.097,0.961,1.02,1.0,1.04,,,0.39,0.09,1.57,False,
SMITH-BR8-AMD2-WAG,main,group,secondary amide,amide_secondary,680.0,750.0,any,any,,,0.01,+intensity,1539,147,0.096,145,1343,2,49,0.986,0.035,0.097,0.961,1.02,1.0,1.04,,,0.39,0.09,1.57,False,
SMITH-BR8-AMD2-WAG,main,group,secondary amide,amide_secondary,680.0,750.0,any,any,,,0.01,+shape,1539,147,0.096,145,1343,2,49,0.986,0.035,0.097,0.961,1.02,1.0,1.04,,,0.39,0.09,1.57,False,
SMITH-BR8-AMD2-WAG,main,group,secondary amide,amide_secondary,680.0,750.0,any,any,,,0.02,position,1539,147,0.096,143,1326,4,66,0.973,0.047,0.097,0.943,1.02,0.99,1.05,,,0.57,0.21,1.55,False,
SMITH-BR8-AMD2-WAG,main,group,secondary amide,amide_secondary,680.0,750.0,any,any,,,0.02,+intensity,1539,147,0.096,143,1326,4,66,0.973,0.047,0.097,0.943,1.02,0.99,1.05,,,0.57,0.21,1.55,False,
SMITH-BR8-AMD2-WAG,main,group,secondary amide,amide_secondary,680.0,750.0,any,any,,,0.02,+shape,1539,147,0.096,143,1326,4,66,0.973,0.047,0.097,0.943,1.02,0.99,1.05,0.98,1.06,0.57,0.21,1.55,False,aromatic_mono OR=37.8 (n=293); ketone_aromatic OR=16.9 (n=149); alkyne OR=10.9 (n=100)
SMITH-BR8-AMD2-WAG,main,group,secondary amide,amide_secondary,680.0,750.0,any,any,,,0.05,position,1539,147,0.096,142,1265,5,127,0.966,0.091,0.101,0.962,1.06,1.03,1.1,,,0.37,0.16,0.9,False,
SMITH-BR8-AMD2-WAG,main,group,secondary amide,amide_secondary,680.0,750.0,any,any,,,0.05,+intensity,1539,147,0.096,142,1265,5,127,0.966,0.091,0.101,0.962,1.06,1.03,1.1,,,0.37,0.16,0.9,False,
SMITH-BR8-AMD2-WAG,main,group,secondary amide,amide_secondary,680.0,750.0,any,any,,,0.05,+shape,1539,147,0.096,142,1265,5,127,0.966,0.091,0.101,0.962,1.06,1.03,1.1,,,0.37,0.16,0.9,False,
SMITH-BR8-AMD2-WAG,main,group,secondary amide,amide_secondary,680.0,750.0,any,any,,,0.1,position,1539,147,0.096,135,1181,12,211,0.918,0.152,0.103,0.946,1.08,1.03,1.14,,,0.54,0.31,0.94,False,
SMITH-BR8-AMD2-WAG,main,group,secondary amide,amide_secondary,680.0,750.0,any,any,,,0.1,+intensity,1539,147,0.096,135,1181,12,211,0.918,0.152,0.103,0.946,1.08,1.03,1.14,,,0.54,0.31,0.94,False,
SMITH-BR8-AMD2-WAG,main,group,secondary amide,amide_secondary,680.0,750.0,any,any,,,0.1,+shape,1539,147,0.096,135,1181,12,211,0.918,0.152,0.103,0.946,1.08,1.03,1.14,,,0.54,0.31,0.94,False,
SMITH-BR8-AMN1-SAT-ASYM,main,group,primary saturated amine,amine_primary_saturated,3350.0,3380.0,any,any,,,0.01,position,1539,13,0.008,9,187,4,1339,0.692,0.877,0.046,0.997,5.65,3.84,8.31,,,0.35,0.16,0.79,False,
SMITH-BR8-AMN1-SAT-ASYM,main,group,primary saturated amine,amine_primary_saturated,3350.0,3380.0,any,any,,,0.01,+intensity,1539,13,0.008,9,187,4,1339,0.692,0.877,0.046,0.997,5.65,3.84,8.31,,,0.35,0.16,0.79,False,
SMITH-BR8-AMN1-SAT-ASYM,main,group,primary saturated amine,amine_primary_saturated,3350.0,3380.0,any,any,,,0.01,+shape,1539,13,0.008,9,187,4,1339,0.692,0.877,0.046,0.997,5.65,3.84,8.31,,,0.35,0.16,0.79,False,
SMITH-BR8-AMN1-SAT-ASYM,main,group,primary saturated amine,amine_primary_saturated,3350.0,3380.0,any,any,,,0.02,position,1539,13,0.008,9,122,4,1404,0.692,0.92,0.069,0.997,8.66,5.8,12.92,,,0.33,0.15,0.76,False,
SMITH-BR8-AMN1-SAT-ASYM,main,group,primary saturated amine,amine_primary_saturated,3350.0,3380.0,any,any,,,0.02,+intensity,1539,13,0.008,9,122,4,1404,0.692,0.92,0.069,0.997,8.66,5.8,12.92,,,0.33,0.15,0.76,False,
SMITH-BR8-AMN1-SAT-ASYM,main,group,primary saturated amine,amine_primary_saturated,3350.0,3380.0,any,any,,,0.02,+shape,1539,13,0.008,9,122,4,1404,0.692,0.92,0.069,0.997,8.66,5.8,12.92,6.03,13.06,0.33,0.15,0.76,False,amine_primary OR=9.3 (n=25); amine_primary_aromatic OR=9.1 (n=24); amines OR=7.5 (n=48)
SMITH-BR8-AMN1-SAT-ASYM,main,group,primary saturated amine,amine_primary_saturated,3350.0,3380.0,any,any,,,0.05,position,1539,13,0.008,5,70,8,1456,0.385,0.954,0.067,0.995,8.38,4.06,17.31,,,0.64,0.42,0.99,False,
SMITH-BR8-AMN1-SAT-ASYM,main,group,primary saturated amine,amine_primary_saturated,3350.0,3380.0,any,any,,,0.05,+intensity,1539,13,0.008,5,70,8,1456,0.385,0.954,0.067,0.995,8.38,4.06,17.31,,,0.64,0.42,0.99,False,
SMITH-BR8-AMN1-SAT-ASYM,main,group,primary saturated amine,amine_primary_saturated,3350.0,3380.0,any,any,,,0.05,+shape,1539,13,0.008,5,70,8,1456,0.385,0.954,0.067,0.995,8.38,4.06,17.31,,,0.64,0.42,0.99,False,
SMITH-BR8-AMN1-SAT-ASYM,main,group,primary saturated amine,amine_primary_saturated,3350.0,3380.0,any,any,,,0.1,position,1539,13,0.008,2,57,11,1469,0.154,0.963,0.034,0.993,4.12,1.12,15.11,,,0.88,0.7,1.11,False,
SMITH-BR8-AMN1-SAT-ASYM,main,group,primary saturated amine,amine_primary_saturated,3350.0,3380.0,any,any,,,0.1,+intensity,1539,13,0.008,2,57,11,1469,0.154,0.963,0.034,0.993,4.12,1.12,15.11,,,0.88,0.7,1.11,False,
SMITH-BR8-AMN1-SAT-ASYM,main,group,primary saturated amine,amine_primary_saturated,3350.0,3380.0,any,any,,,0.1,+shape,1539,13,0.008,2,57,11,1469,0.154,0.963,0.034,0.993,4.12,1.12,15.11,,,0.88,0.7,1.11,False,
SMITH-BR8-AMN1-AR-ASYM,main,group,primary aromatic amine,amine_primary_aromatic,3420.0,3500.0,any,any,,,0.01,position,1539,61,0.04,40,374,21,1104,0.656,0.747,0.097,0.981,2.59,2.12,3.17,,,0.46,0.33,0.65,False,
SMITH-BR8-AMN1-AR-ASYM,main,group,primary aromatic amine,amine_primary_aromatic,3420.0,3500.0,any,any,,,0.01,+intensity,1539,61,0.04,40,374,21,1104,0.656,0.747,0.097,0.981,2.59,2.12,3.17,,,0.46,0.33,0.65,False,
SMITH-BR8-AMN1-AR-ASYM,main,group,primary aromatic amine,amine_primary_aromatic,3420.0,3500.0,any,any,,,0.01,+shape,1539,61,0.04,40,374,21,1104,0.656,0.747,0.097,0.981,2.59,2.12,3.17,,,0.46,0.33,0.65,False,
SMITH-BR8-AMN1-AR-ASYM,main,group,primary aromatic amine,amine_primary_aromatic,3420.0,3500.0,any,any,,,0.02,position,1539,61,0.04,39,139,22,1339,0.639,0.906,0.219,0.984,6.8,5.32,8.7,,,0.4,0.28,0.56,False,
SMITH-BR8-AMN1-AR-ASYM,main,group,primary aromatic amine,amine_primary_aromatic,3420.0,3500.0,any,any,,,0.02,+intensity,1539,61,0.04,39,139,22,1339,0.639,0.906,0.219,0.984,6.8,5.32,8.7,,,0.4,0.28,0.56,False,
SMITH-BR8-AMN1-AR-ASYM,main,group,primary aromatic amine,amine_primary_aromatic,3420.0,3500.0,any,any,,,0.02,+shape,1539,61,0.04,39,139,22,1339,0.639,0.906,0.219,0.984,6.8,5.32,8.7,4.64,10.75,0.4,0.28,0.56,False,alcohol_tertiary OR=9.9 (n=4); carboxylic_acid_saturated OR=6.8 (n=4); alcohol_secondary OR=3.6 (n=12)
SMITH-BR8-AMN1-AR-ASYM,main,group,primary aromatic amine,amine_primary_aromatic,3420.0,3500.0,any,any,,,0.05,position,1539,61,0.04,37,64,24,1414,0.607,0.957,0.366,0.983,14.01,10.24,19.17,,,0.41,0.3,0.56,False,
SMITH-BR8-AMN1-AR-ASYM,main,group,primary aromatic amine,amine_primary_aromatic,3420.0,3500.0,any,any,,,0.05,+intensity,1539,61,0.04,37,64,24,1414,0.607,0.957,0.366,0.983,14.01,10.24,19.17,,,0.41,0.3,0.56,False,
SMITH-BR8-AMN1-AR-ASYM,main,group,primary aromatic amine,amine_primary_aromatic,3420.0,3500.0,any,any,,,0.05,+shape,1539,61,0.04,37,64,24,1414,0.607,0.957,0.366,0.983,14.01,10.24,19.17,,,0.41,0.3,0.56,False,
SMITH-BR8-AMN1-AR-ASYM,main,group,primary aromatic amine,amine_primary_aromatic,3420.0,3500.0,any,any,,,0.1,position,1539,61,0.04,24,27,37,1451,0.393,0.982,0.471,0.975,21.54,13.24,35.04,,,0.62,0.5,0.76,False,
SMITH-BR8-AMN1-AR-ASYM,main,group,primary aromatic amine,amine_primary_aromatic,3420.0,3500.0,any,any,,,0.1,+intensity,1539,61,0.04,24,27,37,1451,0.393,0.982,0.471,0.975,21.54,13.24,35.04,,,0.62,0.5,0.76,False,
SMITH-BR8-AMN1-AR-ASYM,main,group,primary aromatic amine,amine_primary_aromatic,3420.0,3500.0,any,any,,,0.1,+shape,1539,61,0.04,24,27,37,1451,0.393,0.982,0.471,0.975,21.54,13.24,35.04,,,0.62,0.5,0.76,False,
SMITH-BR8-AMN1-SAT-SYM,main,group,primary saturated amine,amine_primary_saturated,3280.0,3310.0,any,any,,,0.01,position,1539,13,0.008,6,269,7,1257,0.462,0.824,0.022,0.994,2.62,1.44,4.76,,,0.65,0.39,1.08,False,
SMITH-BR8-AMN1-SAT-SYM,main,group,primary saturated amine,amine_primary_saturated,3280.0,3310.0,any,any,,,0.01,+intensity,1539,13,0.008,6,269,7,1257,0.462,0.824,0.022,0.994,2.62,1.44,4.76,,,0.65,0.39,1.08,False,
SMITH-BR8-AMN1-SAT-SYM,main,group,primary saturated amine,amine_primary_saturated,3280.0,3310.0,any,any,,,0.01,+shape,1539,13,0.008,6,269,7,1257,0.462,0.824,0.022,0.994,2.62,1.44,4.76,,,0.65,0.39,1.08,False,
SMITH-BR8-AMN1-SAT-SYM,main,group,primary saturated amine,amine_primary_saturated,3280.0,3310.0,any,any,,,0.02,position,1539,13,0.008,5,169,8,1357,0.385,0.889,0.029,0.994,3.47,1.72,7.01,,,0.69,0.45,1.06,False,
SMITH-BR8-AMN1-SAT-SYM,main,group,primary saturated amine,amine_primary_saturated,3280.0,3310.0,any,any,,,0.02,+intensity,1539,13,0.008,5,169,8,1357,0.385,0.889,0.029,0.994,3.47,1.72,7.01,,,0.69,0.45,1.06,False,
SMITH-BR8-AMN1-SAT-SYM,main,group,primary saturated amine,amine_primary_saturated,3280.0,3310.0,any,any,,,0.02,+shape,1539,13,0.008,5,169,8,1357,0.385,0.889,0.029,0.994,3.47,1.72,7.01,0.69,5.78,0.69,0.45,1.06,False,alkyne_terminal OR=13.2 (n=14); n_h_any OR=6.8 (n=95); amide_secondary OR=6.6 (n=55)
SMITH-BR8-AMN1-SAT-SYM,main,group,primary saturated amine,amine_primary_saturated,3280.0,3310.0,any,any,,,0.05,position,1539,13,0.008,2,129,11,1397,0.154,0.915,0.015,0.992,1.82,0.5,6.58,,,0.92,0.73,1.17,False,
SMITH-BR8-AMN1-SAT-SYM,main,group,primary saturated amine,amine_primary_saturated,3280.0,3310.0,any,any,,,0.05,+intensity,1539,13,0.008,2,129,11,1397,0.154,0.915,0.015,0.992,1.82,0.5,6.58,,,0.92,0.73,1.17,False,
SMITH-BR8-AMN1-SAT-SYM,main,group,primary saturated amine,amine_primary_saturated,3280.0,3310.0,any,any,,,0.05,+shape,1539,13,0.008,2,129,11,1397,0.154,0.915,0.015,0.992,1.82,0.5,6.58,,,0.92,0.73,1.17,False,
SMITH-BR8-AMN1-SAT-SYM,main,group,primary saturated amine,amine_primary_saturated,3280.0,3310.0,any,any,,,0.1,position,1539,13,0.008,0,93,13,1433,0.0,0.939,0.0,0.991,0.58,0.04,8.93,,,1.03,0.93,1.14,False,
SMITH-BR8-AMN1-SAT-SYM,main,group,primary saturated amine,amine_primary_saturated,3280.0,3310.0,any,any,,,0.1,+intensity,1539,13,0.008,0,93,13,1433,0.0,0.939,0.0,0.991,0.58,0.04,8.93,,,1.03,0.93,1.14,False,
SMITH-BR8-AMN1-SAT-SYM,main,group,primary saturated amine,amine_primary_saturated,3280.0,3310.0,any,any,,,0.1,+shape,1539,13,0.008,0,93,13,1433,0.0,0.939,0.0,0.991,0.58,0.04,8.93,,,1.03,0.93,1.14,False,
SMITH-BR8-AMN1-AR-SYM,main,group,primary aromatic amine,amine_primary_aromatic,3340.0,3420.0,any,any,,,0.01,position,1539,61,0.04,45,529,16,949,0.738,0.642,0.078,0.983,2.06,1.75,2.43,,,0.41,0.27,0.62,False,
SMITH-BR8-AMN1-AR-SYM,main,group,primary aromatic amine,amine_primary_aromatic,3340.0,3420.0,any,any,,,0.01,+intensity,1539,61,0.04,45,529,16,949,0.738,0.642,0.078,0.983,2.06,1.75,2.43,,,0.41,0.27,0.62,False,
SMITH-BR8-AMN1-AR-SYM,main,group,primary aromatic amine,amine_primary_aromatic,3340.0,3420.0,any,any,,,0.01,+shape,1539,61,0.04,45,529,16,949,0.738,0.642,0.078,0.983,2.06,1.75,2.43,,,0.41,0.27,0.62,False,
SMITH-BR8-AMN1-AR-SYM,main,group,primary aromatic amine,amine_primary_aromatic,3340.0,3420.0,any,any,,,0.02,position,1539,61,0.04,44,294,17,1184,0.721,0.801,0.13,0.986,3.63,3.01,4.37,,,0.35,0.23,0.52,False,
SMITH-BR8-AMN1-AR-SYM,main,group,primary aromatic amine,amine_primary_aromatic,3340.0,3420.0,any,any,,,0.02,+intensity,1539,61,0.04,44,294,17,1184,0.721,0.801,0.13,0.986,3.63,3.01,4.37,,,0.35,0.23,0.52,False,
SMITH-BR8-AMN1-AR-SYM,main,group,primary aromatic amine,amine_primary_aromatic,3340.0,3420.0,any,any,,,0.02,+shape,1539,61,0.04,44,294,17,1184,0.721,0.801,0.13,0.986,3.63,3.01,4.37,2.57,4.81,0.35,0.23,0.52,False,amine_primary_saturated OR=8.7 (n=9); amine_primary OR=7.9 (n=10); amine_secondary_aromatic OR=7.0 (n=36)
SMITH-BR8-AMN1-AR-SYM,main,group,primary aromatic amine,amine_primary_aromatic,3340.0,3420.0,any,any,,,0.05,position,1539,61,0.04,39,141,22,1337,0.639,0.905,0.217,0.984,6.7,5.24,8.56,,,0.4,0.29,0.56,False,
SMITH-BR8-AMN1-AR-SYM,main,group,primary aromatic amine,amine_primary_aromatic,3340.0,3420.0,any,any,,,0.05,+intensity,1539,61,0.04,39,141,22,1337,0.639,0.905,0.217,0.984,6.7,5.24,8.56,,,0.4,0.29,0.56,False,
SMITH-BR8-AMN1-AR-SYM,main,group,primary aromatic amine,amine_primary_aromatic,3340.0,3420.0,any,any,,,0.05,+shape,1539,61,0.04,39,141,22,1337,0.639,0.905,0.217,0.984,6.7,5.24,8.56,,,0.4,0.29,0.56,False,
SMITH-BR8-AMN1-AR-SYM,main,group,primary aromatic amine,amine_primary_aromatic,3340.0,3420.0,any,any,,,0.1,position,1539,61,0.04,36,110,25,1368,0.59,0.926,0.247,0.982,7.93,6.02,10.45,,,0.44,0.33,0.6,False,
SMITH-BR8-AMN1-AR-SYM,main,group,primary aromatic amine,amine_primary_aromatic,3340.0,3420.0,any,any,,,0.1,+intensity,1539,61,0.04,36,110,25,1368,0.59,0.926,0.247,0.982,7.93,6.02,10.45,,,0.44,0.33,0.6,False,
SMITH-BR8-AMN1-AR-SYM,main,group,primary aromatic amine,amine_primary_aromatic,3340.0,3420.0,any,any,,,0.1,+shape,1539,61,0.04,36,110,25,1368,0.59,0.926,0.247,0.982,7.93,6.02,10.45,,,0.44,0.33,0.6,False,
SMITH-BR8-AMN1-SCIS,main,group,primary amine,amine_primary,1580.0,1650.0,any,any,,,0.01,position,1539,76,0.049,73,1323,3,140,0.961,0.096,0.052,0.979,1.06,1.01,1.11,,,0.41,0.13,1.26,False,
SMITH-BR8-AMN1-SCIS,main,group,primary amine,amine_primary,1580.0,1650.0,any,any,,,0.01,+intensity,1539,76,0.049,73,1323,3,140,0.961,0.096,0.052,0.979,1.06,1.01,1.11,,,0.41,0.13,1.26,False,
SMITH-BR8-AMN1-SCIS,main,group,primary amine,amine_primary,1580.0,1650.0,any,any,,,0.01,+shape,1539,76,0.049,73,1323,3,140,0.961,0.096,0.052,0.979,1.06,1.01,1.11,,,0.41,0.13,1.26,False,
SMITH-BR8-AMN1-SCIS,main,group,primary amine,amine_primary,1580.0,1650.0,any,any,,,0.02,position,1539,76,0.049,68,1274,8,189,0.895,0.129,0.051,0.959,1.03,0.95,1.11,,,0.81,0.42,1.59,False,
SMITH-BR8-AMN1-SCIS,main,group,primary amine,amine_primary,1580.0,1650.0,any,any,,,0.02,+intensity,1539,76,0.049,68,1274,8,189,0.895,0.129,0.051,0.959,1.03,0.95,1.11,,,0.81,0.42,1.59,False,
SMITH-BR8-AMN1-SCIS,main,group,primary amine,amine_primary,1580.0,1650.0,any,any,,,0.02,+shape,1539,76,0.049,68,1274,8,189,0.895,0.129,0.051,0.959,1.03,0.95,1.11,0.94,1.11,0.81,0.42,1.59,False,phenol OR=19.9 (n=63); amine_secondary_aromatic OR=18.6 (n=59); aromatics OR=17.3 (n=1241)
SMITH-BR8-AMN1-SCIS,main,group,primary amine,amine_primary,1580.0,1650.0,any,any,,,0.05,position,1539,76,0.049,64,1125,12,338,0.842,0.231,0.054,0.966,1.1,0.99,1.21,,,0.68,0.4,1.16,False,
SMITH-BR8-AMN1-SCIS,main,group,primary amine,amine_primary,1580.0,1650.0,any,any,,,0.05,+intensity,1539,76,0.049,64,1125,12,338,0.842,0.231,0.054,0.966,1.1,0.99,1.21,,,0.68,0.4,1.16,False,
SMITH-BR8-AMN1-SCIS,main,group,primary amine,amine_primary,1580.0,1650.0,any,any,,,0.05,+shape,1539,76,0.049,64,1125,12,338,0.842,0.231,0.054,0.966,1.1,0.99,1.21,,,0.68,0.4,1.16,False,
SMITH-BR8-AMN1-SCIS,main,group,primary amine,amine_primary,1580.0,1650.0,any,any,,,0.1,position,1539,76,0.049,60,964,16,499,0.789,0.341,0.059,0.969,1.2,1.06,1.35,,,0.62,0.4,0.96,False,
SMITH-BR8-AMN1-SCIS,main,group,primary amine,amine_primary,1580.0,1650.0,any,any,,,0.1,+intensity,1539,76,0.049,60,964,16,499,0.789,0.341,0.059,0.969,1.2,1.06,1.35,,,0.62,0.4,0.96,False,
SMITH-BR8-AMN1-SCIS,main,group,primary amine,amine_primary,1580.0,1650.0,any,any,,,0.1,+shape,1539,76,0.049,60,964,16,499,0.789,0.341,0.059,0.969,1.2,1.06,1.35,,,0.62,0.4,0.96,False,
SMITH-BR8-AMN1-SAT-CN,main,group,primary saturated amine,amine_primary_saturated,1020.0,1250.0,any,any,,,0.01,position,1539,13,0.008,13,1523,0,3,1.0,0.002,0.008,1.0,0.97,0.87,1.07,,,15.58,0.84,287.79,False,
SMITH-BR8-AMN1-SAT-CN,main,group,primary saturated amine,amine_primary_saturated,1020.0,1250.0,any,any,,,0.01,+intensity,1539,13,0.008,13,1523,0,3,1.0,0.002,0.008,1.0,0.97,0.87,1.07,,,15.58,0.84,287.79,False,
SMITH-BR8-AMN1-SAT-CN,main,group,primary saturated amine,amine_primary_saturated,1020.0,1250.0,any,any,,,0.01,+shape,1539,13,0.008,13,1523,0,3,1.0,0.002,0.008,1.0,0.97,0.87,1.07,,,15.58,0.84,287.79,False,
SMITH-BR8-AMN1-SAT-CN,main,group,primary saturated amine,amine_primary_saturated,1020.0,1250.0,any,any,,,0.02,position,1539,13,0.008,13,1523,0,3,1.0,0.002,0.008,1.0,0.97,0.87,1.07,,,15.58,0.84,287.79,False,
SMITH-BR8-AMN1-SAT-CN,main,group,primary saturated amine,amine_primary_saturated,1020.0,1250.0,any,any,,,0.02,+intensity,1539,13,0.008,13,1523,0,3,1.0,0.002,0.008,1.0,0.97,0.87,1.07,,,15.58,0.84,287.79,False,
SMITH-BR8-AMN1-SAT-CN,main,group,primary saturated amine,amine_primary_saturated,1020.0,1250.0,any,any,,,0.02,+shape,1539,13,0.008,13,1523,0,3,1.0,0.002,0.008,1.0,0.97,0.87,1.07,0.89,0.99,15.58,0.84,287.79,False,methyl OR=15.9 (n=1058); carbonyl_any OR=6.2 (n=717); c_o_single_any OR=3.3 (n=485)
SMITH-BR8-AMN1-SAT-CN,main,group,primary saturated amine,amine_primary_saturated,1020.0,1250.0,any,any,,,0.05,position,1539,13,0.008,11,1521,2,5,0.846,0.003,0.007,0.714,0.85,0.67,1.07,,,46.95,10.0,220.41,False,
SMITH-BR8-AMN1-SAT-CN,main,group,primary saturated amine,amine_primary_saturated,1020.0,1250.0,any,any,,,0.05,+intensity,1539,13,0.008,11,1521,2,5,0.846,0.003,0.007,0.714,0.85,0.67,1.07,,,46.95,10.0,220.41,False,
SMITH-BR8-AMN1-SAT-CN,main,group,primary saturated amine,amine_primary_saturated,1020.0,1250.0,any,any,,,0.05,+shape,1539,13,0.008,11,1521,2,5,0.846,0.003,0.007,0.714,0.85,0.67,1.07,,,46.95,10.0,220.41,False,
SMITH-BR8-AMN1-SAT-CN,main,group,primary saturated amine,amine_primary_saturated,1020.0,1250.0,any,any,,,0.1,position,1539,13,0.008,10,1508,3,18,0.769,0.012,0.007,0.857,0.78,0.58,1.05,,,19.56,6.55,58.4,False,
SMITH-BR8-AMN1-SAT-CN,main,group,primary saturated amine,amine_primary_saturated,1020.0,1250.0,any,any,,,0.1,+intensity,1539,13,0.008,10,1508,3,18,0.769,0.012,0.007,0.857,0.78,0.58,1.05,,,19.56,6.55,58.4,False,
SMITH-BR8-AMN1-SAT-CN,main,group,primary saturated amine,amine_primary_saturated,1020.0,1250.0,any,any,,,0.1,+shape,1539,13,0.008,10,1508,3,18,0.769,0.012,0.007,0.857,0.78,0.58,1.05,,,19.56,6.55,58.4,False,
SMITH-BR8-AMN1-AR-CN,main,group,primary aromatic amine,amine_primary_aromatic,1250.0,1350.0,any,any,,,0.01,position,1539,61,0.04,58,1418,3,60,0.951,0.041,0.039,0.952,0.99,0.94,1.05,,,1.21,0.39,3.75,False,
SMITH-BR8-AMN1-AR-CN,main,group,primary aromatic amine,amine_primary_aromatic,1250.0,1350.0,any,any,,,0.01,+intensity,1539,61,0.04,58,1418,3,60,0.951,0.041,0.039,0.952,0.99,0.94,1.05,,,1.21,0.39,3.75,False,
SMITH-BR8-AMN1-AR-CN,main,group,primary aromatic amine,amine_primary_aromatic,1250.0,1350.0,any,any,,,0.01,+shape,1539,61,0.04,58,1418,3,60,0.951,0.041,0.039,0.952,0.99,0.94,1.05,,,1.21,0.39,3.75,False,
SMITH-BR8-AMN1-AR-CN,main,group,primary aromatic amine,amine_primary_aromatic,1250.0,1350.0,any,any,,,0.02,position,1539,61,0.04,58,1391,3,87,0.951,0.059,0.04,0.967,1.01,0.95,1.07,,,0.84,0.27,2.57,False,
SMITH-BR8-AMN1-AR-CN,main,group,primary aromatic amine,amine_primary_aromatic,1250.0,1350.0,any,any,,,0.02,+intensity,1539,61,0.04,58,1391,3,87,0.951,0.059,0.04,0.967,1.01,0.95,1.07,,,0.84,0.27,2.57,False,
SMITH-BR8-AMN1-AR-CN,main,group,primary aromatic amine,amine_primary_aromatic,1250.0,1350.0,any,any,,,0.02,+shape,1539,61,0.04,58,1391,3,87,0.951,0.059,0.04,0.967,1.01,0.95,1.07,0.95,1.07,0.84,0.27,2.57,False,ether_mixed OR=33.3 (n=222); ester_aromatic OR=14.2 (n=104); ketone_aromatic OR=7.2 (n=154)
SMITH-BR8-AMN1-AR-CN,main,group,primary aromatic amine,amine_primary_aromatic,1250.0,1350.0,any,any,,,0.05,position,1539,61,0.04,53,1312,8,166,0.869,0.112,0.039,0.954,0.98,0.89,1.08,,,1.17,0.6,2.26,False,
SMITH-BR8-AMN1-AR-CN,main,group,primary aromatic amine,amine_primary_aromatic,1250.0,1350.0,any,any,,,0.05,+intensity,1539,61,0.04,53,1312,8,166,0.869,0.112,0.039,0.954,0.98,0.89,1.08,,,1.17,0.6,2.26,False,
SMITH-BR8-AMN1-AR-CN,main,group,primary aromatic amine,amine_primary_aromatic,1250.0,1350.0,any,any,,,0.05,+shape,1539,61,0.04,53,1312,8,166,0.869,0.112,0.039,0.954,0.98,0.89,1.08,,,1.17,0.6,2.26,False,
SMITH-BR8-AMN1-AR-CN,main,group,primary aromatic amine,amine_primary_aromatic,1250.0,1350.0,any,any,,,0.1,position,1539,61,0.04,48,1139,13,339,0.787,0.229,0.04,0.963,1.02,0.89,1.17,,,0.93,0.57,1.52,False,
SMITH-BR8-AMN1-AR-CN,main,group,primary aromatic amine,amine_primary_aromatic,1250.0,1350.0,any,any,,,0.1,+intensity,1539,61,0.04,48,1139,13,339,0.787,0.229,0.04,0.963,1.02,0.89,1.17,,,0.93,0.57,1.52,False,
SMITH-BR8-AMN1-AR-CN,main,group,primary aromatic amine,amine_primary_aromatic,1250.0,1350.0,any,any,,,0.1,+shape,1539,61,0.04,48,1139,13,339,0.787,0.229,0.04,0.963,1.02,0.89,1.17,,,0.93,0.57,1.52,False,
SMITH-BR8-AMN1-WAG,main,group,primary amine,amine_primary,750.0,850.0,any,any,,,0.01,position,1539,76,0.049,75,1446,1,17,0.987,0.012,0.049,0.944,1.0,0.97,1.03,,,1.13,0.15,8.4,False,
SMITH-BR8-AMN1-WAG,main,group,primary amine,amine_primary,750.0,850.0,any,any,,,0.01,+intensity,1539,76,0.049,75,1446,1,17,0.987,0.012,0.049,0.944,1.0,0.97,1.03,,,1.13,0.15,8.4,False,
SMITH-BR8-AMN1-WAG,main,group,primary amine,amine_primary,750.0,850.0,any,any,,,0.01,+shape,1539,76,0.049,75,1446,1,17,0.987,0.012,0.049,0.944,1.0,0.97,1.03,,,1.13,0.15,8.4,False,
SMITH-BR8-AMN1-WAG,main,group,primary amine,amine_primary,750.0,850.0,any,any,,,0.02,position,1539,76,0.049,72,1437,4,26,0.947,0.018,0.048,0.867,0.96,0.91,1.02,,,2.96,1.06,8.27,False,
SMITH-BR8-AMN1-WAG,main,group,primary amine,amine_primary,750.0,850.0,any,any,,,0.02,+intensity,1539,76,0.049,72,1437,4,26,0.947,0.018,0.048,0.867,0.96,0.91,1.02,,,2.96,1.06,8.27,False,
SMITH-BR8-AMN1-WAG,main,group,primary amine,amine_primary,750.0,850.0,any,any,,,0.02,+shape,1539,76,0.049,72,1437,4,26,0.947,0.018,0.048,0.867,0.96,0.91,1.02,0.93,1.01,2.96,1.06,8.27,False,aromatics OR=10.3 (n=1354); ether_mixed OR=9.7 (n=222); alkene_disubstituted OR=4.0 (n=100)
SMITH-BR8-AMN1-WAG,main,group,primary amine,amine_primary,750.0,850.0,any,any,,,0.05,position,1539,76,0.049,70,1396,6,67,0.921,0.046,0.048,0.918,0.97,0.9,1.03,,,1.72,0.77,3.85,False,
SMITH-BR8-AMN1-WAG,main,group,primary amine,amine_primary,750.0,850.0,any,any,,,0.05,+intensity,1539,76,0.049,70,1396,6,67,0.921,0.046,0.048,0.918,0.97,0.9,1.03,,,1.72,0.77,3.85,False,
SMITH-BR8-AMN1-WAG,main,group,primary amine,amine_primary,750.0,850.0,any,any,,,0.05,+shape,1539,76,0.049,70,1396,6,67,0.921,0.046,0.048,0.918,0.97,0.9,1.03,,,1.72,0.77,3.85,False,
SMITH-BR8-AMN1-WAG,main,group,primary amine,amine_primary,750.0,850.0,any,any,,,0.1,position,1539,76,0.049,69,1329,7,134,0.908,0.092,0.049,0.95,1.0,0.93,1.08,,,1.01,0.49,2.07,False,
SMITH-BR8-AMN1-WAG,main,group,primary amine,amine_primary,750.0,850.0,any,any,,,0.1,+intensity,1539,76,0.049,69,1329,7,134,0.908,0.092,0.049,0.95,1.0,0.93,1.08,,,1.01,0.49,2.07,False,
SMITH-BR8-AMN1-WAG,main,group,primary amine,amine_primary,750.0,850.0,any,any,,,0.1,+shape,1539,76,0.049,69,1329,7,134,0.908,0.092,0.049,0.95,1.0,0.93,1.08,,,1.01,0.49,2.07,False,
SMITH-BR8-AMN2-SAT-NH,main,group,secondary saturated amine,amine_secondary_saturated,3280.0,3320.0,any,any,,,0.01,position,1539,24,0.016,12,302,12,1213,0.5,0.801,0.038,0.99,2.51,1.66,3.79,,,0.62,0.42,0.93,False,
SMITH-BR8-AMN2-SAT-NH,main,group,secondary saturated amine,amine_secondary_saturated,3280.0,3320.0,any,any,,,0.01,+intensity,1539,24,0.016,12,302,12,1213,0.5,0.801,0.038,0.99,2.51,1.66,3.79,,,0.62,0.42,0.93,False,
SMITH-BR8-AMN2-SAT-NH,main,group,secondary saturated amine,amine_secondary_saturated,3280.0,3320.0,any,any,,,0.01,+shape,1539,24,0.016,12,302,12,1213,0.5,0.801,0.038,0.99,2.51,1.66,3.79,,,0.62,0.42,0.93,False,
SMITH-BR8-AMN2-SAT-NH,main,group,secondary saturated amine,amine_secondary_saturated,3280.0,3320.0,any,any,,,0.02,position,1539,24,0.016,3,205,21,1310,0.125,0.865,0.014,0.984,0.92,0.32,2.68,,,1.01,0.87,1.18,False,
SMITH-BR8-AMN2-SAT-NH,main,group,secondary saturated amine,amine_secondary_saturated,3280.0,3320.0,any,any,,,0.02,+intensity,1539,24,0.016,3,205,21,1310,0.125,0.865,0.014,0.984,0.92,0.32,2.68,,,1.01,0.87,1.18,False,
SMITH-BR8-AMN2-SAT-NH,main,group,secondary saturated amine,amine_secondary_saturated,3280.0,3320.0,any,any,,,0.02,+shape,1539,24,0.016,3,205,21,1310,0.125,0.865,0.014,0.984,0.92,0.32,2.68,0.19,2.25,1.01,0.87,1.18,False,alkyne_terminal OR=10.4 (n=14); amide_secondary OR=7.5 (n=67); n_h_any OR=7.4 (n=113)
SMITH-BR8-AMN2-SAT-NH,main,group,secondary saturated amine,amine_secondary_saturated,3280.0,3320.0,any,any,,,0.05,position,1539,24,0.016,0,156,24,1359,0.0,0.897,0.0,0.983,0.19,0.01,3.02,,,1.09,1.03,1.16,False,
SMITH-BR8-AMN2-SAT-NH,main,group,secondary saturated amine,amine_secondary_saturated,3280.0,3320.0,any,any,,,0.05,+intensity,1539,24,0.016,0,156,24,1359,0.0,0.897,0.0,0.983,0.19,0.01,3.02,,,1.09,1.03,1.16,False,
SMITH-BR8-AMN2-SAT-NH,main,group,secondary saturated amine,amine_secondary_saturated,3280.0,3320.0,any,any,,,0.05,+shape,1539,24,0.016,0,156,24,1359,0.0,0.897,0.0,0.983,0.19,0.01,3.02,,,1.09,1.03,1.16,False,
SMITH-BR8-AMN2-SAT-NH,main,group,secondary saturated amine,amine_secondary_saturated,3280.0,3320.0,any,any,,,0.1,position,1539,24,0.016,0,109,24,1406,0.0,0.928,0.0,0.983,0.28,0.02,4.33,,,1.06,1.0,1.12,False,
SMITH-BR8-AMN2-SAT-NH,main,group,secondary saturated amine,amine_secondary_saturated,3280.0,3320.0,any,any,,,0.1,+intensity,1539,24,0.016,0,109,24,1406,0.0,0.928,0.0,0.983,0.28,0.02,4.33,,,1.06,1.0,1.12,False,
SMITH-BR8-AMN2-SAT-NH,main,group,secondary saturated amine,amine_secondary_saturated,3280.0,3320.0,any,any,,,0.1,+shape,1539,24,0.016,0,109,24,1406,0.0,0.928,0.0,0.983,0.28,0.02,4.33,,,1.06,1.0,1.12,False,
SMITH-BR8-AMN2-AR-NH,main,group,secondary aromatic amine,amine_secondary_aromatic,3380.0,3420.0,any,any,,,0.01,position,1539,60,0.039,17,373,43,1106,0.283,0.748,0.044,0.963,1.12,0.74,1.7,,,0.96,0.82,1.13,False,
SMITH-BR8-AMN2-AR-NH,main,group,secondary aromatic amine,amine_secondary_aromatic,3380.0,3420.0,any,any,,,0.01,+intensity,1539,60,0.039,17,373,43,1106,0.283,0.748,0.044,0.963,1.12,0.74,1.7,,,0.96,0.82,1.13,False,
SMITH-BR8-AMN2-AR-NH,main,group,secondary aromatic amine,amine_secondary_aromatic,3380.0,3420.0,any,any,,,0.01,+shape,1539,60,0.039,17,373,43,1106,0.283,0.748,0.044,0.963,1.12,0.74,1.7,,,0.96,0.82,1.13,False,
SMITH-BR8-AMN2-AR-NH,main,group,secondary aromatic amine,amine_secondary_aromatic,3380.0,3420.0,any,any,,,0.02,position,1539,60,0.039,17,179,43,1300,0.283,0.879,0.087,0.968,2.34,1.53,3.58,,,0.82,0.69,0.96,False,
SMITH-BR8-AMN2-AR-NH,main,group,secondary aromatic amine,amine_secondary_aromatic,3380.0,3420.0,any,any,,,0.02,+intensity,1539,60,0.039,17,179,43,1300,0.283,0.879,0.087,0.968,2.34,1.53,3.58,,,0.82,0.69,0.96,False,
SMITH-BR8-AMN2-AR-NH,main,group,secondary aromatic amine,amine_secondary_aromatic,3380.0,3420.0,any,any,,,0.02,+shape,1539,60,0.039,17,179,43,1300,0.283,0.879,0.087,0.968,2.34,1.53,3.58,1.21,3.66,0.82,0.69,0.96,False,alcohol_primary OR=3.3 (n=6); amine_primary_aromatic OR=3.1 (n=17); alkene_trisubstituted OR=2.8 (n=11)
SMITH-BR8-AMN2-AR-NH,main,group,secondary aromatic amine,amine_secondary_aromatic,3380.0,3420.0,any,any,,,0.05,position,1539,60,0.039,15,77,45,1402,0.25,0.948,0.163,0.969,4.8,2.94,7.83,,,0.79,0.68,0.92,False,
SMITH-BR8-AMN2-AR-NH,main,group,secondary aromatic amine,amine_secondary_aromatic,3380.0,3420.0,any,any,,,0.05,+intensity,1539,60,0.039,15,77,45,1402,0.25,0.948,0.163,0.969,4.8,2.94,7.83,,,0.79,0.68,0.92,False,
SMITH-BR8-AMN2-AR-NH,main,group,secondary aromatic amine,amine_secondary_aromatic,3380.0,3420.0,any,any,,,0.05,+shape,1539,60,0.039,15,77,45,1402,0.25,0.948,0.163,0.969,4.8,2.94,7.83,,,0.79,0.68,0.92,False,
SMITH-BR8-AMN2-AR-NH,main,group,secondary aromatic amine,amine_secondary_aromatic,3380.0,3420.0,any,any,,,0.1,position,1539,60,0.039,11,63,49,1416,0.183,0.957,0.149,0.967,4.3,2.39,7.73,,,0.85,0.76,0.96,False,
SMITH-BR8-AMN2-AR-NH,main,group,secondary aromatic amine,amine_secondary_aromatic,3380.0,3420.0,any,any,,,0.1,+intensity,1539,60,0.039,11,63,49,1416,0.183,0.957,0.149,0.967,4.3,2.39,7.73,,,0.85,0.76,0.96,False,
SMITH-BR8-AMN2-AR-NH,main,group,secondary aromatic amine,amine_secondary_aromatic,3380.0,3420.0,any,any,,,0.1,+shape,1539,60,0.039,11,63,49,1416,0.183,0.957,0.149,0.967,4.3,2.39,7.73,,,0.85,0.76,0.96,False,
SMITH-BR8-AMN2-SAT-CNC,main,group,secondary saturated amine,amine_secondary_saturated,1130.0,1180.0,any,any,,,0.01,position,1539,24,0.016,24,1377,0,138,1.0,0.091,0.017,1.0,1.08,1.02,1.14,,,0.22,0.01,3.42,False,
SMITH-BR8-AMN2-SAT-CNC,main,group,secondary saturated amine,amine_secondary_saturated,1130.0,1180.0,any,any,,,0.01,+intensity,1539,24,0.016,24,1377,0,138,1.0,0.091,0.017,1.0,1.08,1.02,1.14,,,0.22,0.01,3.42,False,
SMITH-BR8-AMN2-SAT-CNC,main,group,secondary saturated amine,amine_secondary_saturated,1130.0,1180.0,any,any,,,0.01,+shape,1539,24,0.016,24,1377,0,138,1.0,0.091,0.017,1.0,1.08,1.02,1.14,,,0.22,0.01,3.42,False,
SMITH-BR8-AMN2-SAT-CNC,main,group,secondary saturated amine,amine_secondary_saturated,1130.0,1180.0,any,any,,,0.02,position,1539,24,0.016,24,1349,0,166,1.0,0.11,0.017,1.0,1.1,1.04,1.17,,,0.18,0.01,2.84,False,
SMITH-BR8-AMN2-SAT-CNC,main,group,secondary saturated amine,amine_secondary_saturated,1130.0,1180.0,any,any,,,0.02,+intensity,1539,24,0.016,24,1349,0,166,1.0,0.11,0.017,1.0,1.1,1.04,1.17,,,0.18,0.01,2.84,False,
SMITH-BR8-AMN2-SAT-CNC,main,group,secondary saturated amine,amine_secondary_saturated,1130.0,1180.0,any,any,,,0.02,+shape,1539,24,0.016,24,1349,0,166,1.0,0.11,0.017,1.0,1.1,1.04,1.17,1.04,1.14,0.18,0.01,2.84,False,alkene_disubstituted OR=8.8 (n=99); amides OR=3.2 (n=199); ether_mixed OR=3.2 (n=218)
SMITH-BR8-AMN2-SAT-CNC,main,group,secondary saturated amine,amine_secondary_saturated,1130.0,1180.0,any,any,,,0.05,position,1539,24,0.016,24,1236,0,279,1.0,0.184,0.019,1.0,1.2,1.13,1.28,,,0.11,0.01,1.69,False,
SMITH-BR8-AMN2-SAT-CNC,main,group,secondary saturated amine,amine_secondary_saturated,1130.0,1180.0,any,any,,,0.05,+intensity,1539,24,0.016,24,1236,0,279,1.0,0.184,0.019,1.0,1.2,1.13,1.28,,,0.11,0.01,1.69,False,
SMITH-BR8-AMN2-SAT-CNC,main,group,secondary saturated amine,amine_secondary_saturated,1130.0,1180.0,any,any,,,0.05,+shape,1539,24,0.016,24,1236,0,279,1.0,0.184,0.019,1.0,1.2,1.13,1.28,,,0.11,0.01,1.69,False,
SMITH-BR8-AMN2-SAT-CNC,main,group,secondary saturated amine,amine_secondary_saturated,1130.0,1180.0,any,any,,,0.1,position,1539,24,0.016,24,1046,0,469,1.0,0.31,0.022,1.0,1.42,1.33,1.52,,,0.06,0.0,1.01,False,
SMITH-BR8-AMN2-SAT-CNC,main,group,secondary saturated amine,amine_secondary_saturated,1130.0,1180.0,any,any,,,0.1,+intensity,1539,24,0.016,24,1046,0,469,1.0,0.31,0.022,1.0,1.42,1.33,1.52,,,0.06,0.0,1.01,False,
SMITH-BR8-AMN2-SAT-CNC,main,group,secondary saturated amine,amine_secondary_saturated,1130.0,1180.0,any,any,,,0.1,+shape,1539,24,0.016,24,1046,0,469,1.0,0.31,0.022,1.0,1.42,1.33,1.52,,,0.06,0.0,1.01,False,
SMITH-BR8-AMN2-AR-CNC,main,group,secondary aromatic amine,amine_secondary_aromatic,1250.0,1350.0,any,any,,,0.01,position,1539,60,0.039,59,1417,1,62,0.983,0.042,0.04,0.984,1.03,0.99,1.06,,,0.4,0.06,2.82,False,
SMITH-BR8-AMN2-AR-CNC,main,group,secondary aromatic amine,amine_secondary_aromatic,1250.0,1350.0,any,any,,,0.01,+intensity,1539,60,0.039,59,1417,1,62,0.983,0.042,0.04,0.984,1.03,0.99,1.06,,,0.4,0.06,2.82,False,
SMITH-BR8-AMN2-AR-CNC,main,group,secondary aromatic amine,amine_secondary_aromatic,1250.0,1350.0,any,any,,,0.01,+shape,1539,60,0.039,59,1417,1,62,0.983,0.042,0.04,0.984,1.03,0.99,1.06,,,0.4,0.06,2.82,False,
SMITH-BR8-AMN2-AR-CNC,main,group,secondary aromatic amine,amine_secondary_aromatic,1250.0,1350.0,any,any,,,0.02,position,1539,60,0.039,59,1390,1,89,0.983,0.06,0.041,0.989,1.05,1.01,1.08,,,0.28,0.04,1.95,False,
SMITH-BR8-AMN2-AR-CNC,main,group,secondary aromatic amine,amine_secondary_aromatic,1250.0,1350.0,any,any,,,0.02,+intensity,1539,60,0.039,59,1390,1,89,0.983,0.06,0.041,0.989,1.05,1.01,1.08,,,0.28,0.04,1.95,False,
SMITH-BR8-AMN2-AR-CNC,main,group,secondary aromatic amine,amine_secondary_aromatic,1250.0,1350.0,any,any,,,0.02,+shape,1539,60,0.039,59,1390,1,89,0.983,0.06,0.041,0.989,1.05,1.01,1.08,1.0,1.07,0.28,0.04,1.95,False,ether_mixed OR=34.6 (n=225); phenol OR=8.6 (n=63); ketone_aromatic OR=7.5 (n=156)
SMITH-BR8-AMN2-AR-CNC,main,group,secondary aromatic amine,amine_secondary_aromatic,1250.0,1350.0,any,any,,,0.05,position,1539,60,0.039,57,1308,3,171,0.95,0.116,0.042,0.983,1.07,1.01,1.14,,,0.43,0.14,1.31,False,
SMITH-BR8-AMN2-AR-CNC,main,group,secondary aromatic amine,amine_secondary_aromatic,1250.0,1350.0,any,any,,,0.05,+intensity,1539,60,0.039,57,1308,3,171,0.95,0.116,0.042,0.983,1.07,1.01,1.14,,,0.43,0.14,1.31,False,
SMITH-BR8-AMN2-AR-CNC,main,group,secondary aromatic amine,amine_secondary_aromatic,1250.0,1350.0,any,any,,,0.05,+shape,1539,60,0.039,57,1308,3,171,0.95,0.116,0.042,0.983,1.07,1.01,1.14,,,0.43,0.14,1.31,False,
SMITH-BR8-AMN2-AR-CNC,main,group,secondary aromatic amine,amine_secondary_aromatic,1250.0,1350.0,any,any,,,0.1,position,1539,60,0.039,57,1130,3,349,0.95,0.236,0.048,0.991,1.24,1.17,1.33,,,0.21,0.07,0.64,False,
SMITH-BR8-AMN2-AR-CNC,main,group,secondary aromatic amine,amine_secondary_aromatic,1250.0,1350.0,any,any,,,0.1,+intensity,1539,60,0.039,57,1130,3,349,0.95,0.236,0.048,0.991,1.24,1.17,1.33,,,0.21,0.07,0.64,False,
SMITH-BR8-AMN2-AR-CNC,main,group,secondary aromatic amine,amine_secondary_aromatic,1250.0,1350.0,any,any,,,0.1,+shape,1539,60,0.039,57,1130,3,349,0.95,0.236,0.048,0.991,1.24,1.17,1.33,,,0.21,0.07,0.64,False,
SMITH-BR8-AMN2-WAG,main,group,secondary amine,amine_secondary,700.0,750.0,any,any,,,0.01,position,1539,85,0.055,83,1330,2,124,0.976,0.085,0.059,0.984,1.07,1.03,1.11,,,0.28,0.07,1.1,False,
SMITH-BR8-AMN2-WAG,main,group,secondary amine,amine_secondary,700.0,750.0,any,any,,,0.01,+intensity,1539,85,0.055,83,1330,2,124,0.976,0.085,0.059,0.984,1.07,1.03,1.11,,,0.28,0.07,1.1,False,
SMITH-BR8-AMN2-WAG,main,group,secondary amine,amine_secondary,700.0,750.0,any,any,,,0.01,+shape,1539,85,0.055,83,1330,2,124,0.976,0.085,0.059,0.984,1.07,1.03,1.11,,,0.28,0.07,1.1,False,
SMITH-BR8-AMN2-WAG,main,group,secondary amine,amine_secondary,700.0,750.0,any,any,,,0.02,position,1539,85,0.055,82,1297,3,157,0.965,0.108,0.059,0.981,1.08,1.03,1.13,,,0.33,0.11,1.0,False,
SMITH-BR8-AMN2-WAG,main,group,secondary amine,amine_secondary,700.0,750.0,any,any,,,0.02,+intensity,1539,85,0.055,82,1297,3,157,0.965,0.108,0.059,0.981,1.08,1.03,1.13,,,0.33,0.11,1.0,False,
SMITH-BR8-AMN2-WAG,main,group,secondary amine,amine_secondary,700.0,750.0,any,any,,,0.02,+shape,1539,85,0.055,82,1297,3,157,0.965,0.108,0.059,0.981,1.08,1.03,1.13,1.02,1.13,0.33,0.11,1.0,False,ketone_aromatic OR=6.0 (n=154); aromatics OR=5.0 (n=1234); nitro OR=4.0 (n=48)
SMITH-BR8-AMN2-WAG,main,group,secondary amine,amine_secondary,700.0,750.0,any,any,,,0.05,position,1539,85,0.055,78,1218,7,236,0.918,0.162,0.06,0.971,1.1,1.02,1.17,,,0.51,0.25,1.04,False,
SMITH-BR8-AMN2-WAG,main,group,secondary amine,amine_secondary,700.0,750.0,any,any,,,0.05,+intensity,1539,85,0.055,78,1218,7,236,0.918,0.162,0.06,0.971,1.1,1.02,1.17,,,0.51,0.25,1.04,False,
SMITH-BR8-AMN2-WAG,main,group,secondary amine,amine_secondary,700.0,750.0,any,any,,,0.05,+shape,1539,85,0.055,78,1218,7,236,0.918,0.162,0.06,0.971,1.1,1.02,1.17,,,0.51,0.25,1.04,False,
SMITH-BR8-AMN2-WAG,main,group,secondary amine,amine_secondary,700.0,750.0,any,any,,,0.1,position,1539,85,0.055,71,1114,14,340,0.835,0.234,0.06,0.96,1.09,0.99,1.2,,,0.7,0.43,1.15,False,
SMITH-BR8-AMN2-WAG,main,group,secondary amine,amine_secondary,700.0,750.0,any,any,,,0.1,+intensity,1539,85,0.055,71,1114,14,340,0.835,0.234,0.06,0.96,1.09,0.99,1.2,,,0.7,0.43,1.15,False,
SMITH-BR8-AMN2-WAG,main,group,secondary amine,amine_secondary,700.0,750.0,any,any,,,0.1,+shape,1539,85,0.055,71,1114,14,340,0.835,0.234,0.06,0.96,1.09,0.99,1.2,,,0.7,0.43,1.15,False,
SMITH-BR8-NH-ANY,main,class,N-H bond,n_h_any,3300.0,3500.0,any,any,,,0.01,position,1539,324,0.211,220,728,104,487,0.679,0.401,0.232,0.824,1.13,1.04,1.24,,,0.8,0.67,0.95,False,
SMITH-BR8-NH-ANY,main,class,N-H bond,n_h_any,3300.0,3500.0,any,any,,,0.01,+intensity,1539,324,0.211,220,728,104,487,0.679,0.401,0.232,0.824,1.13,1.04,1.24,,,0.8,0.67,0.95,False,
SMITH-BR8-NH-ANY,main,class,N-H bond,n_h_any,3300.0,3500.0,any,any,,,0.01,+shape,1539,324,0.211,220,728,104,487,0.679,0.401,0.232,0.824,1.13,1.04,1.24,,,0.8,0.67,0.95,False,
SMITH-BR8-NH-ANY,main,class,N-H bond,n_h_any,3300.0,3500.0,any,any,,,0.02,position,1539,324,0.211,195,385,129,830,0.602,0.683,0.336,0.865,1.9,1.68,2.14,,,0.58,0.51,0.67,False,
SMITH-BR8-NH-ANY,main,class,N-H bond,n_h_any,3300.0,3500.0,any,any,,,0.02,+intensity,1539,324,0.211,195,385,129,830,0.602,0.683,0.336,0.865,1.9,1.68,2.14,,,0.58,0.51,0.67,False,
SMITH-BR8-NH-ANY,main,class,N-H bond,n_h_any,3300.0,3500.0,any,any,,,0.02,+shape,1539,324,0.211,195,385,129,830,0.602,0.683,0.336,0.865,1.9,1.68,2.14,1.61,2.37,0.58,0.51,0.67,False,alcohol_primary OR=24.7 (n=16); alcohol_secondary OR=5.0 (n=31); alcohol_tertiary OR=3.4 (n=5)
SMITH-BR8-NH-ANY,main,class,N-H bond,n_h_any,3300.0,3500.0,any,any,,,0.05,position,1539,324,0.211,167,184,157,1031,0.515,0.849,0.476,0.868,3.4,2.87,4.03,,,0.57,0.51,0.64,False,
SMITH-BR8-NH-ANY,main,class,N-H bond,n_h_any,3300.0,3500.0,any,any,,,0.05,+intensity,1539,324,0.211,167,184,157,1031,0.515,0.849,0.476,0.868,3.4,2.87,4.03,,,0.57,0.51,0.64,False,
SMITH-BR8-NH-ANY,main,class,N-H bond,n_h_any,3300.0,3500.0,any,any,,,0.05,+shape,1539,324,0.211,167,184,157,1031,0.515,0.849,0.476,0.868,3.4,2.87,4.03,,,0.57,0.51,0.64,False,
SMITH-BR8-NH-ANY,main,class,N-H bond,n_h_any,3300.0,3500.0,any,any,,,0.1,position,1539,324,0.211,132,112,192,1103,0.407,0.908,0.541,0.852,4.42,3.55,5.51,,,0.65,0.6,0.72,False,
SMITH-BR8-NH-ANY,main,class,N-H bond,n_h_any,3300.0,3500.0,any,any,,,0.1,+intensity,1539,324,0.211,132,112,192,1103,0.407,0.908,0.541,0.852,4.42,3.55,5.51,,,0.65,0.6,0.72,False,
SMITH-BR8-NH-ANY,main,class,N-H bond,n_h_any,3300.0,3500.0,any,any,,,0.1,+shape,1539,324,0.211,132,112,192,1103,0.407,0.908,0.541,0.852,4.42,3.55,5.51,,,0.65,0.6,0.72,False,
SMITH-ALD17-SAT-CO,main,group,saturated aldehyde,aldehyde_saturated,1720.0,1740.0,strong,any,,,0.01,position,1539,3,0.002,0,509,3,1027,0.0,0.669,0.0,0.997,0.38,0.03,5.05,,,1.31,0.9,1.9,True,
SMITH-ALD17-SAT-CO,main,group,saturated aldehyde,aldehyde_saturated,1720.0,1740.0,strong,any,,,0.01,+intensity,1539,3,0.002,0,114,3,1422,0.0,0.926,0.0,0.998,1.68,0.12,22.56,,,0.95,0.65,1.37,True,
SMITH-ALD17-SAT-CO,main,group,saturated aldehyde,aldehyde_saturated,1720.0,1740.0,strong,any,,,0.01,+shape,1539,3,0.002,0,114,3,1422,0.0,0.926,0.0,0.998,1.68,0.12,22.56,,,0.95,0.65,1.37,True,
SMITH-ALD17-SAT-CO,main,group,saturated aldehyde,aldehyde_saturated,1720.0,1740.0,strong,any,,,0.02,position,1539,3,0.002,0,378,3,1158,0.0,0.754,0.0,0.997,0.51,0.04,6.8,,,1.16,0.8,1.68,True,
SMITH-ALD17-SAT-CO,main,group,saturated aldehyde,aldehyde_saturated,1720.0,1740.0,strong,any,,,0.02,+intensity,1539,3,0.002,0,111,3,1425,0.0,0.928,0.0,0.998,1.72,0.13,23.18,,,0.94,0.65,1.37,True,
SMITH-ALD17-SAT-CO,main,group,saturated aldehyde,aldehyde_saturated,1720.0,1740.0,strong,any,,,0.02,+shape,1539,3,0.002,0,111,3,1425,0.0,0.928,0.0,0.998,1.72,0.13,23.18,,,0.94,0.65,1.37,True,
SMITH-ALD17-SAT-CO,main,group,saturated aldehyde,aldehyde_saturated,1720.0,1740.0,strong,any,,,0.05,position,1539,3,0.002,0,254,3,1282,0.0,0.835,0.0,0.998,0.75,0.06,10.12,,,1.05,0.72,1.52,True,
SMITH-ALD17-SAT-CO,main,group,saturated aldehyde,aldehyde_saturated,1720.0,1740.0,strong,any,,,0.05,+intensity,1539,3,0.002,0,109,3,1427,0.0,0.929,0.0,0.998,1.75,0.13,23.6,,,0.94,0.65,1.36,True,
SMITH-ALD17-SAT-CO,main,group,saturated aldehyde,aldehyde_saturated,1720.0,1740.0,strong,any,,,0.05,+shape,1539,3,0.002,0,109,3,1427,0.0,0.929,0.0,0.998,1.75,0.13,23.6,,,0.94,0.65,1.36,True,
SMITH-ALD17-SAT-CO,main,group,saturated aldehyde,aldehyde_saturated,1720.0,1740.0,strong,any,,,0.1,position,1539,3,0.002,0,185,3,1351,0.0,0.88,0.0,0.998,1.04,0.08,13.89,,,1.0,0.69,1.44,True,
SMITH-ALD17-SAT-CO,main,group,saturated aldehyde,aldehyde_saturated,1720.0,1740.0,strong,any,,,0.1,+intensity,1539,3,0.002,0,108,3,1428,0.0,0.93,0.0,0.998,1.77,0.13,23.82,,,0.94,0.65,1.36,True,
SMITH-ALD17-SAT-CO,main,group,saturated aldehyde,aldehyde_saturated,1720.0,1740.0,strong,any,,,0.1,+shape,1539,3,0.002,0,108,3,1428,0.0,0.93,0.0,0.998,1.77,0.13,23.82,,,0.94,0.65,1.36,True,
SMITH-ALD17-AR-CO,main,group,aromatic aldehyde,aldehyde_aromatic,1685.0,1710.0,strong,any,,,0.01,position,1539,64,0.042,24,409,40,1066,0.375,0.723,0.055,0.964,1.35,0.98,1.88,,,0.86,0.71,1.05,False,
SMITH-ALD17-AR-CO,main,group,aromatic aldehyde,aldehyde_aromatic,1685.0,1710.0,strong,any,,,0.01,+intensity,1539,64,0.042,10,159,54,1316,0.156,0.892,0.059,0.961,1.45,0.81,2.61,,,0.95,0.85,1.05,False,
SMITH-ALD17-AR-CO,main,group,aromatic aldehyde,aldehyde_aromatic,1685.0,1710.0,strong,any,,,0.01,+shape,1539,64,0.042,10,159,54,1316,0.156,0.892,0.059,0.961,1.45,0.81,2.61,,,0.95,0.85,1.05,False,
SMITH-ALD17-AR-CO,main,group,aromatic aldehyde,aldehyde_aromatic,1685.0,1710.0,strong,any,,,0.02,position,1539,64,0.042,23,332,41,1143,0.359,0.775,0.065,0.965,1.6,1.14,2.24,,,0.83,0.69,1.0,False,
SMITH-ALD17-AR-CO,main,group,aromatic aldehyde,aldehyde_aromatic,1685.0,1710.0,strong,any,,,0.02,+intensity,1539,64,0.042,10,157,54,1318,0.156,0.894,0.06,0.961,1.47,0.82,2.64,,,0.94,0.85,1.05,False,
SMITH-ALD17-AR-CO,main,group,aromatic aldehyde,aldehyde_aromatic,1685.0,1710.0,strong,any,,,0.02,+shape,1539,64,0.042,10,157,54,1318,0.156,0.894,0.06,0.961,1.47,0.82,2.64,0.65,3.95,0.94,0.85,1.05,False,carboxylic_acid_saturated OR=5.9 (n=4); ketone_saturated OR=4.7 (n=14); carbonyl_any OR=4.2 (n=117)
SMITH-ALD17-AR-CO,main,group,aromatic aldehyde,aldehyde_aromatic,1685.0,1710.0,strong,any,,,0.05,position,1539,64,0.042,22,245,42,1230,0.344,0.834,0.082,0.967,2.07,1.45,2.96,,,0.79,0.66,0.94,False,
SMITH-ALD17-AR-CO,main,group,aromatic aldehyde,aldehyde_aromatic,1685.0,1710.0,strong,any,,,0.05,+intensity,1539,64,0.042,10,156,54,1319,0.156,0.894,0.06,0.961,1.48,0.82,2.66,,,0.94,0.85,1.05,False,
SMITH-ALD17-AR-CO,main,group,aromatic aldehyde,aldehyde_aromatic,1685.0,1710.0,strong,any,,,0.05,+shape,1539,64,0.042,10,156,54,1319,0.156,0.894,0.06,0.961,1.48,0.82,2.66,,,0.94,0.85,1.05,False,
SMITH-ALD17-AR-CO,main,group,aromatic aldehyde,aldehyde_aromatic,1685.0,1710.0,strong,any,,,0.1,position,1539,64,0.042,22,210,42,1265,0.344,0.858,0.095,0.968,2.41,1.68,3.46,,,0.77,0.64,0.91,False,
SMITH-ALD17-AR-CO,main,group,aromatic aldehyde,aldehyde_aromatic,1685.0,1710.0,strong,any,,,0.1,+intensity,1539,64,0.042,10,153,54,1322,0.156,0.896,0.061,0.961,1.51,0.84,2.71,,,0.94,0.85,1.05,False,
SMITH-ALD17-AR-CO,main,group,aromatic aldehyde,aldehyde_aromatic,1685.0,1710.0,strong,any,,,0.1,+shape,1539,64,0.042,10,153,54,1322,0.156,0.896,0.061,0.961,1.51,0.84,2.71,,,0.94,0.85,1.05,False,
SMITH-ALD17-CH-STR,main,group,aldehyde,aldehydes,2700.0,2850.0,any,any,,,0.01,position,1539,68,0.044,53,587,15,884,0.779,0.601,0.083,0.983,1.95,1.7,2.25,,,0.37,0.23,0.57,False,
SMITH-ALD17-CH-STR,main,group,aldehyde,aldehydes,2700.0,2850.0,any,any,,,0.01,+intensity,1539,68,0.044,53,587,15,884,0.779,0.601,0.083,0.983,1.95,1.7,2.25,,,0.37,0.23,0.57,False,
SMITH-ALD17-CH-STR,main,group,aldehyde,aldehydes,2700.0,2850.0,any,any,,,0.01,+shape,1539,68,0.044,53,587,15,884,0.779,0.601,0.083,0.983,1.95,1.7,2.25,,,0.37,0.23,0.57,False,
SMITH-ALD17-CH-STR,main,group,aldehyde,aldehydes,2700.0,2850.0,any,any,,,0.02,position,1539,68,0.044,41,420,27,1051,0.603,0.714,0.089,0.975,2.11,1.71,2.6,,,0.56,0.41,0.75,False,
SMITH-ALD17-CH-STR,main,group,aldehyde,aldehydes,2700.0,2850.0,any,any,,,0.02,+intensity,1539,68,0.044,41,420,27,1051,0.603,0.714,0.089,0.975,2.11,1.71,2.6,,,0.56,0.41,0.75,False,
SMITH-ALD17-CH-STR,main,group,aldehyde,aldehydes,2700.0,2850.0,any,any,,,0.02,+shape,1539,68,0.044,41,420,27,1051,0.603,0.714,0.089,0.975,2.11,1.71,2.6,1.55,2.97,0.56,0.41,0.75,False,ether_mixed OR=4.2 (n=116); ether OR=2.8 (n=133); c_o_single_any OR=2.6 (n=192)
SMITH-ALD17-CH-STR,main,group,aldehyde,aldehydes,2700.0,2850.0,any,any,,,0.05,position,1539,68,0.044,24,247,44,1224,0.353,0.832,0.089,0.965,2.1,1.49,2.96,,,0.78,0.65,0.93,False,
SMITH-ALD17-CH-STR,main,group,aldehyde,aldehydes,2700.0,2850.0,any,any,,,0.05,+intensity,1539,68,0.044,24,247,44,1224,0.353,0.832,0.089,0.965,2.1,1.49,2.96,,,0.78,0.65,0.93,False,
SMITH-ALD17-CH-STR,main,group,aldehyde,aldehydes,2700.0,2850.0,any,any,,,0.05,+shape,1539,68,0.044,24,247,44,1224,0.353,0.832,0.089,0.965,2.1,1.49,2.96,,,0.78,0.65,0.93,False,
SMITH-ALD17-CH-STR,main,group,aldehyde,aldehydes,2700.0,2850.0,any,any,,,0.1,position,1539,68,0.044,16,137,52,1334,0.235,0.907,0.105,0.962,2.53,1.6,3.99,,,0.84,0.74,0.96,False,
SMITH-ALD17-CH-STR,main,group,aldehyde,aldehydes,2700.0,2850.0,any,any,,,0.1,+intensity,1539,68,0.044,16,137,52,1334,0.235,0.907,0.105,0.962,2.53,1.6,3.99,,,0.84,0.74,0.96,False,
SMITH-ALD17-CH-STR,main,group,aldehyde,aldehydes,2700.0,2850.0,any,any,,,0.1,+shape,1539,68,0.044,16,137,52,1334,0.235,0.907,0.105,0.962,2.53,1.6,3.99,,,0.84,0.74,0.96,False,
SMITH-ALD17-CH-BEND,main,group,aldehyde,aldehydes,1380.0,1400.0,any,any,,,0.01,position,1539,68,0.044,41,691,27,780,0.603,0.53,0.056,0.967,1.28,1.05,1.57,,,0.75,0.56,1.01,False,
SMITH-ALD17-CH-BEND,main,group,aldehyde,aldehydes,1380.0,1400.0,any,any,,,0.01,+intensity,1539,68,0.044,41,691,27,780,0.603,0.53,0.056,0.967,1.28,1.05,1.57,,,0.75,0.56,1.01,False,
SMITH-ALD17-CH-BEND,main,group,aldehyde,aldehydes,1380.0,1400.0,any,any,,,0.01,+shape,1539,68,0.044,41,691,27,780,0.603,0.53,0.056,0.967,1.28,1.05,1.57,,,0.75,0.56,1.01,False,
SMITH-ALD17-CH-BEND,main,group,aldehyde,aldehydes,1380.0,1400.0,any,any,,,0.02,position,1539,68,0.044,40,619,28,852,0.588,0.579,0.061,0.968,1.4,1.14,1.72,,,0.71,0.53,0.95,False,
SMITH-ALD17-CH-BEND,main,group,aldehyde,aldehydes,1380.0,1400.0,any,any,,,0.02,+intensity,1539,68,0.044,40,619,28,852,0.588,0.579,0.061,0.968,1.4,1.14,1.72,,,0.71,0.53,0.95,False,
SMITH-ALD17-CH-BEND,main,group,aldehyde,aldehydes,1380.0,1400.0,any,any,,,0.02,+shape,1539,68,0.044,40,619,28,852,0.588,0.579,0.061,0.968,1.4,1.14,1.72,1.14,2.18,0.71,0.53,0.95,False,nitrile_saturated OR=9.7 (n=3); ketone_aromatic OR=2.2 (n=94); ester_aromatic OR=2.2 (n=68)
SMITH-ALD17-CH-BEND,main,group,aldehyde,aldehydes,1380.0,1400.0,any,any,,,0.05,position,1539,68,0.044,30,490,38,981,0.441,0.667,0.058,0.963,1.32,1.0,1.75,,,0.84,0.68,1.04,False,
SMITH-ALD17-CH-BEND,main,group,aldehyde,aldehydes,1380.0,1400.0,any,any,,,0.05,+intensity,1539,68,0.044,30,490,38,981,0.441,0.667,0.058,0.963,1.32,1.0,1.75,,,0.84,0.68,1.04,False,
SMITH-ALD17-CH-BEND,main,group,aldehyde,aldehydes,1380.0,1400.0,any,any,,,0.05,+shape,1539,68,0.044,30,490,38,981,0.441,0.667,0.058,0.963,1.32,1.0,1.75,,,0.84,0.68,1.04,False,
SMITH-ALD17-CH-BEND,main,group,aldehyde,aldehydes,1380.0,1400.0,any,any,,,0.1,position,1539,68,0.044,21,355,47,1116,0.309,0.759,0.056,0.96,1.28,0.89,1.85,,,0.91,0.78,1.07,False,
SMITH-ALD17-CH-BEND,main,group,aldehyde,aldehydes,1380.0,1400.0,any,any,,,0.1,+intensity,1539,68,0.044,21,355,47,1116,0.309,0.759,0.056,0.96,1.28,0.89,1.85,,,0.91,0.78,1.07,False,
SMITH-ALD17-CH-BEND,main,group,aldehyde,aldehydes,1380.0,1400.0,any,any,,,0.1,+shape,1539,68,0.044,21,355,47,1116,0.309,0.759,0.056,0.96,1.28,0.89,1.85,,,0.91,0.78,1.07,False,
SMITH-ALK16-CH-STR,main,class,alkene,alkene,3000.0,3100.0,any,any,,,0.01,position,1539,228,0.148,172,1017,56,294,0.754,0.224,0.145,0.84,0.97,0.9,1.05,,,1.1,0.85,1.4,False,
SMITH-ALK16-CH-STR,main,class,alkene,alkene,3000.0,3100.0,any,any,,,0.01,+intensity,1539,228,0.148,172,1017,56,294,0.754,0.224,0.145,0.84,0.97,0.9,1.05,,,1.1,0.85,1.4,False,
SMITH-ALK16-CH-STR,main,class,alkene,alkene,3000.0,3100.0,any,any,,,0.01,+shape,1539,228,0.148,172,1017,56,294,0.754,0.224,0.145,0.84,0.97,0.9,1.05,,,1.1,0.85,1.4,False,
SMITH-ALK16-CH-STR,main,class,alkene,alkene,3000.0,3100.0,any,any,,,0.02,position,1539,228,0.148,131,793,97,518,0.575,0.395,0.142,0.842,0.95,0.84,1.07,,,1.08,0.91,1.27,False,
SMITH-ALK16-CH-STR,main,class,alkene,alkene,3000.0,3100.0,any,any,,,0.02,+intensity,1539,228,0.148,131,793,97,518,0.575,0.395,0.142,0.842,0.95,0.84,1.07,,,1.08,0.91,1.27,False,
SMITH-ALK16-CH-STR,main,class,alkene,alkene,3000.0,3100.0,any,any,,,0.02,+shape,1539,228,0.148,131,793,97,518,0.575,0.395,0.142,0.842,0.95,0.84,1.07,0.78,1.11,1.08,0.91,1.27,False,ether_aryl OR=9.9 (n=7); aromatics OR=6.8 (n=778); aromatic_mono OR=4.8 (n=245)
SMITH-ALK16-CH-STR,main,class,alkene,alkene,3000.0,3100.0,any,any,,,0.05,position,1539,228,0.148,37,335,191,976,0.162,0.744,0.099,0.836,0.64,0.47,0.87,,,1.13,1.05,1.2,False,
SMITH-ALK16-CH-STR,main,class,alkene,alkene,3000.0,3100.0,any,any,,,0.05,+intensity,1539,228,0.148,37,335,191,976,0.162,0.744,0.099,0.836,0.64,0.47,0.87,,,1.13,1.05,1.2,False,
SMITH-ALK16-CH-STR,main,class,alkene,alkene,3000.0,3100.0,any,any,,,0.05,+shape,1539,228,0.148,37,335,191,976,0.162,0.744,0.099,0.836,0.64,0.47,0.87,,,1.13,1.05,1.2,False,
SMITH-ALK16-CH-STR,main,class,alkene,alkene,3000.0,3100.0,any,any,,,0.1,position,1539,228,0.148,8,70,220,1241,0.035,0.947,0.103,0.849,0.66,0.32,1.35,,,1.02,0.99,1.05,False,
SMITH-ALK16-CH-STR,main,class,alkene,alkene,3000.0,3100.0,any,any,,,0.1,+intensity,1539,228,0.148,8,70,220,1241,0.035,0.947,0.103,0.849,0.66,0.32,1.35,,,1.02,0.99,1.05,False,
SMITH-ALK16-CH-STR,main,class,alkene,alkene,3000.0,3100.0,any,any,,,0.1,+shape,1539,228,0.148,8,70,220,1241,0.035,0.947,0.103,0.849,0.66,0.32,1.35,,,1.02,0.99,1.05,False,
SMITH-ALK16-CC-STR,main,class,alkene,alkene,1630.0,1680.0,any,any,,,0.01,position,1539,228,0.148,142,720,86,591,0.623,0.451,0.165,0.873,1.13,1.01,1.27,,,0.84,0.7,1.0,False,
SMITH-ALK16-CC-STR,main,class,alkene,alkene,1630.0,1680.0,any,any,,,0.01,+intensity,1539,228,0.148,142,720,86,591,0.623,0.451,0.165,0.873,1.13,1.01,1.27,,,0.84,0.7,1.0,False,
SMITH-ALK16-CC-STR,main,class,alkene,alkene,1630.0,1680.0,any,any,,,0.01,+shape,1539,228,0.148,142,720,86,591,0.623,0.451,0.165,0.873,1.13,1.01,1.27,,,0.84,0.7,1.0,False,
SMITH-ALK16-CC-STR,main,class,alkene,alkene,1630.0,1680.0,any,any,,,0.02,position,1539,228,0.148,129,587,99,724,0.566,0.552,0.18,0.88,1.26,1.11,1.44,,,0.79,0.67,0.92,False,
SMITH-ALK16-CC-STR,main,class,alkene,alkene,1630.0,1680.0,any,any,,,0.02,+intensity,1539,228,0.148,129,587,99,724,0.566,0.552,0.18,0.88,1.26,1.11,1.44,,,0.79,0.67,0.92,False,
SMITH-ALK16-CC-STR,main,class,alkene,alkene,1630.0,1680.0,any,any,,,0.02,+shape,1539,228,0.148,129,587,99,724,0.566,0.552,0.18,0.88,1.26,1.11,1.44,0.99,1.56,0.79,0.67,0.92,False,amide_secondary OR=9.0 (n=107); nitrile_saturated OR=8.7 (n=3); amides OR=5.0 (n=146)
SMITH-ALK16-CC-STR,main,class,alkene,alkene,1630.0,1680.0,any,any,,,0.05,position,1539,228,0.148,103,428,125,883,0.452,0.674,0.194,0.876,1.38,1.18,1.63,,,0.81,0.72,0.92,False,
SMITH-ALK16-CC-STR,main,class,alkene,alkene,1630.0,1680.0,any,any,,,0.05,+intensity,1539,228,0.148,103,428,125,883,0.452,0.674,0.194,0.876,1.38,1.18,1.63,,,0.81,0.72,0.92,False,
SMITH-ALK16-CC-STR,main,class,alkene,alkene,1630.0,1680.0,any,any,,,0.05,+shape,1539,228,0.148,103,428,125,883,0.452,0.674,0.194,0.876,1.38,1.18,1.63,,,0.81,0.72,0.92,False,
SMITH-ALK16-CC-STR,main,class,alkene,alkene,1630.0,1680.0,any,any,,,0.1,position,1539,228,0.148,96,377,132,934,0.421,0.712,0.203,0.876,1.46,1.23,1.74,,,0.81,0.72,0.91,False,
SMITH-ALK16-CC-STR,main,class,alkene,alkene,1630.0,1680.0,any,any,,,0.1,+intensity,1539,228,0.148,96,377,132,934,0.421,0.712,0.203,0.876,1.46,1.23,1.74,,,0.81,0.72,0.91,False,
SMITH-ALK16-CC-STR,main,class,alkene,alkene,1630.0,1680.0,any,any,,,0.1,+shape,1539,228,0.148,96,377,132,934,0.421,0.712,0.203,0.876,1.46,1.23,1.74,,,0.81,0.72,0.91,False,
SMITH-ALK16-VINYL-CC,main,group,vinyl alkene,alkene_vinyl,1630.0,1660.0,any,any,,,0.01,position,1539,34,0.022,29,574,5,931,0.853,0.619,0.048,0.995,2.24,1.92,2.61,,,0.24,0.11,0.53,False,
SMITH-ALK16-VINYL-CC,main,group,vinyl alkene,alkene_vinyl,1630.0,1660.0,any,any,,,0.01,+intensity,1539,34,0.022,29,574,5,931,0.853,0.619,0.048,0.995,2.24,1.92,2.61,,,0.24,0.11,0.53,False,
SMITH-ALK16-VINYL-CC,main,group,vinyl alkene,alkene_vinyl,1630.0,1660.0,any,any,,,0.01,+shape,1539,34,0.022,29,574,5,931,0.853,0.619,0.048,0.995,2.24,1.92,2.61,,,0.24,0.11,0.53,False,
SMITH-ALK16-VINYL-CC,main,group,vinyl alkene,alkene_vinyl,1630.0,1660.0,any,any,,,0.02,position,1539,34,0.022,26,469,8,1036,0.765,0.688,0.053,0.992,2.45,2.01,3.0,,,0.34,0.19,0.63,False,
SMITH-ALK16-VINYL-CC,main,group,vinyl alkene,alkene_vinyl,1630.0,1660.0,any,any,,,0.02,+intensity,1539,34,0.022,26,469,8,1036,0.765,0.688,0.053,0.992,2.45,2.01,3.0,,,0.34,0.19,0.63,False,
SMITH-ALK16-VINYL-CC,main,group,vinyl alkene,alkene_vinyl,1630.0,1660.0,any,any,,,0.02,+shape,1539,34,0.022,26,469,8,1036,0.765,0.688,0.053,0.992,2.45,2.01,3.0,2.06,2.98,0.34,0.19,0.63,False,amide_secondary OR=4.0 (n=81); amine_secondary_saturated OR=3.7 (n=15); amides OR=3.4 (n=112)
SMITH-ALK16-VINYL-CC,main,group,vinyl alkene,alkene_vinyl,1630.0,1660.0,any,any,,,0.05,position,1539,34,0.022,16,314,18,1191,0.471,0.791,0.048,0.985,2.26,1.56,3.26,,,0.67,0.49,0.92,False,
SMITH-ALK16-VINYL-CC,main,group,vinyl alkene,alkene_vinyl,1630.0,1660.0,any,any,,,0.05,+intensity,1539,34,0.022,16,314,18,1191,0.471,0.791,0.048,0.985,2.26,1.56,3.26,,,0.67,0.49,0.92,False,
SMITH-ALK16-VINYL-CC,main,group,vinyl alkene,alkene_vinyl,1630.0,1660.0,any,any,,,0.05,+shape,1539,34,0.022,16,314,18,1191,0.471,0.791,0.048,0.985,2.26,1.56,3.26,,,0.67,0.49,0.92,False,
SMITH-ALK16-VINYL-CC,main,group,vinyl alkene,alkene_vinyl,1630.0,1660.0,any,any,,,0.1,position,1539,34,0.022,15,267,19,1238,0.441,0.823,0.053,0.985,2.49,1.68,3.69,,,0.68,0.5,0.92,False,
SMITH-ALK16-VINYL-CC,main,group,vinyl alkene,alkene_vinyl,1630.0,1660.0,any,any,,,0.1,+intensity,1539,34,0.022,15,267,19,1238,0.441,0.823,0.053,0.985,2.49,1.68,3.69,,,0.68,0.5,0.92,False,
SMITH-ALK16-VINYL-CC,main,group,vinyl alkene,alkene_vinyl,1630.0,1660.0,any,any,,,0.1,+shape,1539,34,0.022,15,267,19,1238,0.441,0.823,0.053,0.985,2.49,1.68,3.69,,,0.68,0.5,0.92,False,
SMITH-ALK16-VINYL-WAG1,main,group,vinyl alkene,alkene_vinyl,985.0,995.0,any,any,,,0.01,position,1539,34,0.022,14,293,20,1212,0.412,0.805,0.046,0.984,2.12,1.4,3.2,,,0.73,0.55,0.97,False,
SMITH-ALK16-VINYL-WAG1,main,group,vinyl alkene,alkene_vinyl,985.0,995.0,any,any,,,0.01,+intensity,1539,34,0.022,14,293,20,1212,0.412,0.805,0.046,0.984,2.12,1.4,3.2,,,0.73,0.55,0.97,False,
SMITH-ALK16-VINYL-WAG1,main,group,vinyl alkene,alkene_vinyl,985.0,995.0,any,any,,,0.01,+shape,1539,34,0.022,14,293,20,1212,0.412,0.805,0.046,0.984,2.12,1.4,3.2,,,0.73,0.55,0.97,False,
SMITH-ALK16-VINYL-WAG1,main,group,vinyl alkene,alkene_vinyl,985.0,995.0,any,any,,,0.02,position,1539,34,0.022,12,245,22,1260,0.353,0.837,0.047,0.983,2.17,1.36,3.47,,,0.77,0.6,0.99,False,
SMITH-ALK16-VINYL-WAG1,main,group,vinyl alkene,alkene_vinyl,985.0,995.0,any,any,,,0.02,+intensity,1539,34,0.022,12,245,22,1260,0.353,0.837,0.047,0.983,2.17,1.36,3.47,,,0.77,0.6,0.99,False,
SMITH-ALK16-VINYL-WAG1,main,group,vinyl alkene,alkene_vinyl,985.0,995.0,any,any,,,0.02,+shape,1539,34,0.022,12,245,22,1260,0.353,0.837,0.047,0.983,2.17,1.36,3.47,0.84,3.8,0.77,0.6,0.99,False,aromatic_meta OR=1.6 (n=9); alkene_trisubstituted OR=1.5 (n=9); ketone_saturated OR=1.5 (n=7)
SMITH-ALK16-VINYL-WAG1,main,group,vinyl alkene,alkene_vinyl,985.0,995.0,any,any,,,0.05,position,1539,34,0.022,11,192,23,1313,0.324,0.872,0.054,0.983,2.54,1.53,4.2,,,0.78,0.61,0.98,False,
SMITH-ALK16-VINYL-WAG1,main,group,vinyl alkene,alkene_vinyl,985.0,995.0,any,any,,,0.05,+intensity,1539,34,0.022,11,192,23,1313,0.324,0.872,0.054,0.983,2.54,1.53,4.2,,,0.78,0.61,0.98,False,
SMITH-ALK16-VINYL-WAG1,main,group,vinyl alkene,alkene_vinyl,985.0,995.0,any,any,,,0.05,+shape,1539,34,0.022,11,192,23,1313,0.324,0.872,0.054,0.983,2.54,1.53,4.2,,,0.78,0.61,0.98,False,
SMITH-ALK16-VINYL-WAG1,main,group,vinyl alkene,alkene_vinyl,985.0,995.0,any,any,,,0.1,position,1539,34,0.022,10,141,24,1364,0.294,0.906,0.066,0.983,3.14,1.82,5.41,,,0.78,0.63,0.97,False,
SMITH-ALK16-VINYL-WAG1,main,group,vinyl alkene,alkene_vinyl,985.0,995.0,any,any,,,0.1,+intensity,1539,34,0.022,10,141,24,1364,0.294,0.906,0.066,0.983,3.14,1.82,5.41,,,0.78,0.63,0.97,False,
SMITH-ALK16-VINYL-WAG1,main,group,vinyl alkene,alkene_vinyl,985.0,995.0,any,any,,,0.1,+shape,1539,34,0.022,10,141,24,1364,0.294,0.906,0.066,0.983,3.14,1.82,5.41,,,0.78,0.63,0.97,False,
SMITH-ALK16-VINYL-WAG2,main,group,vinyl alkene,alkene_vinyl,905.0,915.0,any,any,,,0.01,position,1539,34,0.022,13,430,21,1075,0.382,0.714,0.029,0.981,1.34,0.87,2.07,,,0.86,0.66,1.13,False,
SMITH-ALK16-VINYL-WAG2,main,group,vinyl alkene,alkene_vinyl,905.0,915.0,any,any,,,0.01,+intensity,1539,34,0.022,13,430,21,1075,0.382,0.714,0.029,0.981,1.34,0.87,2.07,,,0.86,0.66,1.13,False,
SMITH-ALK16-VINYL-WAG2,main,group,vinyl alkene,alkene_vinyl,905.0,915.0,any,any,,,0.01,+shape,1539,34,0.022,13,430,21,1075,0.382,0.714,0.029,0.981,1.34,0.87,2.07,,,0.86,0.66,1.13,False,
SMITH-ALK16-VINYL-WAG2,main,group,vinyl alkene,alkene_vinyl,905.0,915.0,any,any,,,0.02,position,1539,34,0.022,13,392,21,1113,0.382,0.74,0.032,0.981,1.47,0.95,2.27,,,0.84,0.64,1.09,False,
SMITH-ALK16-VINYL-WAG2,main,group,vinyl alkene,alkene_vinyl,905.0,915.0,any,any,,,0.02,+intensity,1539,34,0.022,13,392,21,1113,0.382,0.74,0.032,0.981,1.47,0.95,2.27,,,0.84,0.64,1.09,False,
SMITH-ALK16-VINYL-WAG2,main,group,vinyl alkene,alkene_vinyl,905.0,915.0,any,any,,,0.02,+shape,1539,34,0.022,13,392,21,1113,0.382,0.74,0.032,0.981,1.47,0.95,2.27,0.61,2.34,0.84,0.64,1.09,False,alcohol_tertiary OR=4.5 (n=5); ether_aryl OR=4.5 (n=8); amine_secondary_saturated OR=4.0 (n=14)
SMITH-ALK16-VINYL-WAG2,main,group,vinyl alkene,alkene_vinyl,905.0,915.0,any,any,,,0.05,position,1539,34,0.022,11,333,23,1172,0.324,0.779,0.032,0.981,1.46,0.89,2.4,,,0.87,0.69,1.1,False,
SMITH-ALK16-VINYL-WAG2,main,group,vinyl alkene,alkene_vinyl,905.0,915.0,any,any,,,0.05,+intensity,1539,34,0.022,11,333,23,1172,0.324,0.779,0.032,0.981,1.46,0.89,2.4,,,0.87,0.69,1.1,False,
SMITH-ALK16-VINYL-WAG2,main,group,vinyl alkene,alkene_vinyl,905.0,915.0,any,any,,,0.05,+shape,1539,34,0.022,11,333,23,1172,0.324,0.779,0.032,0.981,1.46,0.89,2.4,,,0.87,0.69,1.1,False,
SMITH-ALK16-VINYL-WAG2,main,group,vinyl alkene,alkene_vinyl,905.0,915.0,any,any,,,0.1,position,1539,34,0.022,4,259,30,1246,0.118,0.828,0.015,0.976,0.68,0.27,1.73,,,1.07,0.94,1.21,False,
SMITH-ALK16-VINYL-WAG2,main,group,vinyl alkene,alkene_vinyl,905.0,915.0,any,any,,,0.1,+intensity,1539,34,0.022,4,259,30,1246,0.118,0.828,0.015,0.976,0.68,0.27,1.73,,,1.07,0.94,1.21,False,
SMITH-ALK16-VINYL-WAG2,main,group,vinyl alkene,alkene_vinyl,905.0,915.0,any,any,,,0.1,+shape,1539,34,0.022,4,259,30,1246,0.118,0.828,0.015,0.976,0.68,0.27,1.73,,,1.07,0.94,1.21,False,
SMITH-ALK16-TRISUB-CC,main,group,trisubstituted alkene,alkene_trisubstituted,1660.0,1680.0,any,any,,,0.01,position,1539,41,0.027,23,384,18,1114,0.561,0.744,0.057,0.984,2.19,1.65,2.91,,,0.59,0.42,0.84,False,
SMITH-ALK16-TRISUB-CC,main,group,trisubstituted alkene,alkene_trisubstituted,1660.0,1680.0,any,any,,,0.01,+intensity,1539,41,0.027,23,384,18,1114,0.561,0.744,0.057,0.984,2.19,1.65,2.91,,,0.59,0.42,0.84,False,
SMITH-ALK16-TRISUB-CC,main,group,trisubstituted alkene,alkene_trisubstituted,1660.0,1680.0,any,any,,,0.01,+shape,1539,41,0.027,23,384,18,1114,0.561,0.744,0.057,0.984,2.19,1.65,2.91,,,0.59,0.42,0.84,False,
SMITH-ALK16-TRISUB-CC,main,group,trisubstituted alkene,alkene_trisubstituted,1660.0,1680.0,any,any,,,0.02,position,1539,41,0.027,17,291,24,1207,0.415,0.806,0.055,0.981,2.13,1.46,3.12,,,0.73,0.56,0.94,False,
SMITH-ALK16-TRISUB-CC,main,group,trisubstituted alkene,alkene_trisubstituted,1660.0,1680.0,any,any,,,0.02,+intensity,1539,41,0.027,17,291,24,1207,0.415,0.806,0.055,0.981,2.13,1.46,3.12,,,0.73,0.56,0.94,False,
SMITH-ALK16-TRISUB-CC,main,group,trisubstituted alkene,alkene_trisubstituted,1660.0,1680.0,any,any,,,0.02,+shape,1539,41,0.027,17,291,24,1207,0.415,0.806,0.055,0.981,2.13,1.46,3.12,0.69,3.29,0.73,0.56,0.94,False,nitrile_saturated OR=29.3 (n=3); amide_primary OR=5.8 (n=3); ketone_aromatic OR=3.6 (n=58)
SMITH-ALK16-TRISUB-CC,main,group,trisubstituted alkene,alkene_trisubstituted,1660.0,1680.0,any,any,,,0.05,position,1539,41,0.027,15,237,26,1261,0.366,0.842,0.06,0.98,2.31,1.52,3.52,,,0.75,0.6,0.95,False,
SMITH-ALK16-TRISUB-CC,main,group,trisubstituted alkene,alkene_trisubstituted,1660.0,1680.0,any,any,,,0.05,+intensity,1539,41,0.027,15,237,26,1261,0.366,0.842,0.06,0.98,2.31,1.52,3.52,,,0.75,0.6,0.95,False,
SMITH-ALK16-TRISUB-CC,main,group,trisubstituted alkene,alkene_trisubstituted,1660.0,1680.0,any,any,,,0.05,+shape,1539,41,0.027,15,237,26,1261,0.366,0.842,0.06,0.98,2.31,1.52,3.52,,,0.75,0.6,0.95,False,
SMITH-ALK16-TRISUB-CC,main,group,trisubstituted alkene,alkene_trisubstituted,1660.0,1680.0,any,any,,,0.1,position,1539,41,0.027,13,212,28,1286,0.317,0.858,0.058,0.979,2.24,1.41,3.57,,,0.8,0.65,0.98,False,
SMITH-ALK16-TRISUB-CC,main,group,trisubstituted alkene,alkene_trisubstituted,1660.0,1680.0,any,any,,,0.1,+intensity,1539,41,0.027,13,212,28,1286,0.317,0.858,0.058,0.979,2.24,1.41,3.57,,,0.8,0.65,0.98,False,
SMITH-ALK16-TRISUB-CC,main,group,trisubstituted alkene,alkene_trisubstituted,1660.0,1680.0,any,any,,,0.1,+shape,1539,41,0.027,13,212,28,1286,0.317,0.858,0.058,0.979,2.24,1.41,3.57,,,0.8,0.65,0.98,False,
SMITH-ALK16-TRISUB-WAG,main,group,trisubstituted alkene,alkene_trisubstituted,790.0,840.0,any,any,,,0.01,position,1539,41,0.027,38,1318,3,180,0.927,0.12,0.028,0.984,1.05,0.96,1.15,,,0.61,0.2,1.83,False,
SMITH-ALK16-TRISUB-WAG,main,group,trisubstituted alkene,alkene_trisubstituted,790.0,840.0,any,any,,,0.01,+intensity,1539,41,0.027,38,1318,3,180,0.927,0.12,0.028,0.984,1.05,0.96,1.15,,,0.61,0.2,1.83,False,
SMITH-ALK16-TRISUB-WAG,main,group,trisubstituted alkene,alkene_trisubstituted,790.0,840.0,any,any,,,0.01,+shape,1539,41,0.027,38,1318,3,180,0.927,0.12,0.028,0.984,1.05,0.96,1.15,,,0.61,0.2,1.83,False,
SMITH-ALK16-TRISUB-WAG,main,group,trisubstituted alkene,alkene_trisubstituted,790.0,840.0,any,any,,,0.02,position,1539,41,0.027,38,1259,3,239,0.927,0.16,0.029,0.988,1.1,1.01,1.21,,,0.46,0.15,1.37,False,
SMITH-ALK16-TRISUB-WAG,main,group,trisubstituted alkene,alkene_trisubstituted,790.0,840.0,any,any,,,0.02,+intensity,1539,41,0.027,38,1259,3,239,0.927,0.16,0.029,0.988,1.1,1.01,1.21,,,0.46,0.15,1.37,False,
SMITH-ALK16-TRISUB-WAG,main,group,trisubstituted alkene,alkene_trisubstituted,790.0,840.0,any,any,,,0.02,+shape,1539,41,0.027,38,1259,3,239,0.927,0.16,0.029,0.988,1.1,1.01,1.21,0.97,1.2,0.46,0.15,1.37,False,aromatic_para OR=8.3 (n=394); ether_aryl OR=5.2 (n=13); ester_aromatic OR=4.1 (n=111)
SMITH-ALK16-TRISUB-WAG,main,group,trisubstituted alkene,alkene_trisubstituted,790.0,840.0,any,any,,,0.05,position,1539,41,0.027,36,1158,5,340,0.878,0.227,0.03,0.986,1.14,1.01,1.28,,,0.54,0.24,1.23,False,
SMITH-ALK16-TRISUB-WAG,main,group,trisubstituted alkene,alkene_trisubstituted,790.0,840.0,any,any,,,0.05,+intensity,1539,41,0.027,36,1158,5,340,0.878,0.227,0.03,0.986,1.14,1.01,1.28,,,0.54,0.24,1.23,False,
SMITH-ALK16-TRISUB-WAG,main,group,trisubstituted alkene,alkene_trisubstituted,790.0,840.0,any,any,,,0.05,+shape,1539,41,0.027,36,1158,5,340,0.878,0.227,0.03,0.986,1.14,1.01,1.28,,,0.54,0.24,1.23,False,
SMITH-ALK16-TRISUB-WAG,main,group,trisubstituted alkene,alkene_trisubstituted,790.0,840.0,any,any,,,0.1,position,1539,41,0.027,34,1028,7,470,0.829,0.314,0.032,0.985,1.21,1.05,1.39,,,0.54,0.28,1.07,False,
SMITH-ALK16-TRISUB-WAG,main,group,trisubstituted alkene,alkene_trisubstituted,790.0,840.0,any,any,,,0.1,+intensity,1539,41,0.027,34,1028,7,470,0.829,0.314,0.032,0.985,1.21,1.05,1.39,,,0.54,0.28,1.07,False,
SMITH-ALK16-TRISUB-WAG,main,group,trisubstituted alkene,alkene_trisubstituted,790.0,840.0,any,any,,,0.1,+shape,1539,41,0.027,34,1028,7,470,0.829,0.314,0.032,0.985,1.21,1.05,1.39,,,0.54,0.28,1.07,False,
SMITH-ALY17-TERM-CH,main,group,terminal alkyne,alkyne_terminal,3250.0,3350.0,any,any,,,0.01,position,1539,23,0.015,20,518,3,998,0.87,0.658,0.037,0.997,2.54,2.14,3.03,,,0.2,0.07,0.57,False,
SMITH-ALY17-TERM-CH,main,group,terminal alkyne,alkyne_terminal,3250.0,3350.0,any,any,,,0.01,+intensity,1539,23,0.015,20,518,3,998,0.87,0.658,0.037,0.997,2.54,2.14,3.03,,,0.2,0.07,0.57,False,
SMITH-ALY17-TERM-CH,main,group,terminal alkyne,alkyne_terminal,3250.0,3350.0,any,any,,,0.01,+shape,1539,23,0.015,20,518,3,998,0.87,0.658,0.037,0.997,2.54,2.14,3.03,,,0.2,0.07,0.57,False,
SMITH-ALY17-TERM-CH,main,group,terminal alkyne,alkyne_terminal,3250.0,3350.0,any,any,,,0.02,position,1539,23,0.015,20,346,3,1170,0.87,0.772,0.055,0.997,3.81,3.17,4.58,,,0.17,0.06,0.49,False,
SMITH-ALY17-TERM-CH,main,group,terminal alkyne,alkyne_terminal,3250.0,3350.0,any,any,,,0.02,+intensity,1539,23,0.015,20,346,3,1170,0.87,0.772,0.055,0.997,3.81,3.17,4.58,,,0.17,0.06,0.49,False,
SMITH-ALY17-TERM-CH,main,group,terminal alkyne,alkyne_terminal,3250.0,3350.0,any,any,,,0.02,+shape,1539,23,0.015,20,346,3,1170,0.87,0.772,0.055,0.997,3.81,3.17,4.58,3.0,4.63,0.17,0.06,0.49,False,amide_secondary OR=17.6 (n=113); n_h_any OR=11.6 (n=199); amine_primary OR=6.9 (n=49)
SMITH-ALY17-TERM-CH,main,group,terminal alkyne,alkyne_terminal,3250.0,3350.0,any,any,,,0.05,position,1539,23,0.015,18,261,5,1255,0.783,0.828,0.065,0.996,4.55,3.57,5.79,,,0.26,0.12,0.57,False,
SMITH-ALY17-TERM-CH,main,group,terminal alkyne,alkyne_terminal,3250.0,3350.0,any,any,,,0.05,+intensity,1539,23,0.015,18,261,5,1255,0.783,0.828,0.065,0.996,4.55,3.57,5.79,,,0.26,0.12,0.57,False,
SMITH-ALY17-TERM-CH,main,group,terminal alkyne,alkyne_terminal,3250.0,3350.0,any,any,,,0.05,+shape,1539,23,0.015,18,261,5,1255,0.783,0.828,0.065,0.996,4.55,3.57,5.79,,,0.26,0.12,0.57,False,
SMITH-ALY17-TERM-CH,main,group,terminal alkyne,alkyne_terminal,3250.0,3350.0,any,any,,,0.1,position,1539,23,0.015,17,197,6,1319,0.739,0.87,0.079,0.995,5.69,4.32,7.49,,,0.3,0.15,0.6,False,
SMITH-ALY17-TERM-CH,main,group,terminal alkyne,alkyne_terminal,3250.0,3350.0,any,any,,,0.1,+intensity,1539,23,0.015,17,197,6,1319,0.739,0.87,0.079,0.995,5.69,4.32,7.49,,,0.3,0.15,0.6,False,
SMITH-ALY17-TERM-CH,main,group,terminal alkyne,alkyne_terminal,3250.0,3350.0,any,any,,,0.1,+shape,1539,23,0.015,17,197,6,1319,0.739,0.87,0.079,0.995,5.69,4.32,7.49,,,0.3,0.15,0.6,False,
SMITH-ALY17-TERM-CC,main,group,terminal alkyne,alkyne_terminal,2100.0,2140.0,any,any,,,0.01,position,1539,23,0.015,19,822,4,694,0.826,0.458,0.023,0.994,1.52,1.26,1.85,,,0.38,0.16,0.93,False,
SMITH-ALY17-TERM-CC,main,group,terminal alkyne,alkyne_terminal,2100.0,2140.0,any,any,,,0.01,+intensity,1539,23,0.015,19,822,4,694,0.826,0.458,0.023,0.994,1.52,1.26,1.85,,,0.38,0.16,0.93,False,
SMITH-ALY17-TERM-CC,main,group,terminal alkyne,alkyne_terminal,2100.0,2140.0,any,any,,,0.01,+shape,1539,23,0.015,19,822,4,694,0.826,0.458,0.023,0.994,1.52,1.26,1.85,,,0.38,0.16,0.93,False,
SMITH-ALY17-TERM-CC,main,group,terminal alkyne,alkyne_terminal,2100.0,2140.0,any,any,,,0.02,position,1539,23,0.015,16,394,7,1122,0.696,0.74,0.039,0.994,2.68,2.02,3.55,,,0.41,0.22,0.76,False,
SMITH-ALY17-TERM-CC,main,group,terminal alkyne,alkyne_terminal,2100.0,2140.0,any,any,,,0.02,+intensity,1539,23,0.015,16,394,7,1122,0.696,0.74,0.039,0.994,2.68,2.02,3.55,,,0.41,0.22,0.76,False,
SMITH-ALY17-TERM-CC,main,group,terminal alkyne,alkyne_terminal,2100.0,2140.0,any,any,,,0.02,+shape,1539,23,0.015,16,394,7,1122,0.696,0.74,0.039,0.994,2.68,2.02,3.55,1.67,3.56,0.41,0.22,0.76,False,amine_secondary_saturated OR=4.8 (n=15); alcohol_secondary OR=3.0 (n=23); alcohol_tertiary OR=2.9 (n=4)
SMITH-ALY17-TERM-CC,main,group,terminal alkyne,alkyne_terminal,2100.0,2140.0,any,any,,,0.05,position,1539,23,0.015,11,50,12,1466,0.478,0.967,0.18,0.992,14.5,8.74,24.06,,,0.54,0.36,0.8,False,
SMITH-ALY17-TERM-CC,main,group,terminal alkyne,alkyne_terminal,2100.0,2140.0,any,any,,,0.05,+intensity,1539,23,0.015,11,50,12,1466,0.478,0.967,0.18,0.992,14.5,8.74,24.06,,,0.54,0.36,0.8,False,
SMITH-ALY17-TERM-CC,main,group,terminal alkyne,alkyne_terminal,2100.0,2140.0,any,any,,,0.05,+shape,1539,23,0.015,11,50,12,1466,0.478,0.967,0.18,0.992,14.5,8.74,24.06,,,0.54,0.36,0.8,False,
SMITH-ALY17-TERM-CC,main,group,terminal alkyne,alkyne_terminal,2100.0,2140.0,any,any,,,0.1,position,1539,23,0.015,6,25,17,1491,0.261,0.984,0.194,0.989,15.82,7.18,34.86,,,0.75,0.59,0.96,False,
SMITH-ALY17-TERM-CC,main,group,terminal alkyne,alkyne_terminal,2100.0,2140.0,any,any,,,0.1,+intensity,1539,23,0.015,6,25,17,1491,0.261,0.984,0.194,0.989,15.82,7.18,34.86,,,0.75,0.59,0.96,False,
SMITH-ALY17-TERM-CC,main,group,terminal alkyne,alkyne_terminal,2100.0,2140.0,any,any,,,0.1,+shape,1539,23,0.015,6,25,17,1491,0.261,0.984,0.194,0.989,15.82,7.18,34.86,,,0.75,0.59,0.96,False,
SMITH-ALY17-INT-CC,main,group,internal alkyne,alkyne_internal,2190.0,2260.0,any,any,,,0.01,position,1539,79,0.051,72,798,7,662,0.911,0.453,0.083,0.99,1.67,1.53,1.81,,,0.2,0.1,0.4,False,
SMITH-ALY17-INT-CC,main,group,internal alkyne,alkyne_internal,2190.0,2260.0,any,any,,,0.01,+intensity,1539,79,0.051,72,798,7,662,0.911,0.453,0.083,0.99,1.67,1.53,1.81,,,0.2,0.1,0.4,False,
SMITH-ALY17-INT-CC,main,group,internal alkyne,alkyne_internal,2190.0,2260.0,any,any,,,0.01,+shape,1539,79,0.051,72,798,7,662,0.911,0.453,0.083,0.99,1.67,1.53,1.81,,,0.2,0.1,0.4,False,
SMITH-ALY17-INT-CC,main,group,internal alkyne,alkyne_internal,2190.0,2260.0,any,any,,,0.02,position,1539,79,0.051,62,335,17,1125,0.785,0.771,0.156,0.985,3.42,2.95,3.97,,,0.28,0.18,0.43,False,
SMITH-ALY17-INT-CC,main,group,internal alkyne,alkyne_internal,2190.0,2260.0,any,any,,,0.02,+intensity,1539,79,0.051,62,335,17,1125,0.785,0.771,0.156,0.985,3.42,2.95,3.97,,,0.28,0.18,0.43,False,
SMITH-ALY17-INT-CC,main,group,internal alkyne,alkyne_internal,2190.0,2260.0,any,any,,,0.02,+shape,1539,79,0.051,62,335,17,1125,0.785,0.771,0.156,0.985,3.42,2.95,3.97,2.68,4.18,0.28,0.18,0.43,False,nitriles OR=57.0 (n=62); nitrile_aromatic OR=57.0 (n=62); amine_secondary_saturated OR=2.5 (n=10)
SMITH-ALY17-INT-CC,main,group,internal alkyne,alkyne_internal,2190.0,2260.0,any,any,,,0.05,position,1539,79,0.051,33,83,46,1377,0.418,0.943,0.284,0.968,7.35,5.26,10.26,,,0.62,0.51,0.74,False,
SMITH-ALY17-INT-CC,main,group,internal alkyne,alkyne_internal,2190.0,2260.0,any,any,,,0.05,+intensity,1539,79,0.051,33,83,46,1377,0.418,0.943,0.284,0.968,7.35,5.26,10.26,,,0.62,0.51,0.74,False,
SMITH-ALY17-INT-CC,main,group,internal alkyne,alkyne_internal,2190.0,2260.0,any,any,,,0.05,+shape,1539,79,0.051,33,83,46,1377,0.418,0.943,0.284,0.968,7.35,5.26,10.26,,,0.62,0.51,0.74,False,
SMITH-ALY17-INT-CC,main,group,internal alkyne,alkyne_internal,2190.0,2260.0,any,any,,,0.1,position,1539,79,0.051,18,49,61,1411,0.228,0.966,0.269,0.959,6.79,4.16,11.09,,,0.8,0.71,0.9,False,
SMITH-ALY17-INT-CC,main,group,internal alkyne,alkyne_internal,2190.0,2260.0,any,any,,,0.1,+intensity,1539,79,0.051,18,49,61,1411,0.228,0.966,0.269,0.959,6.79,4.16,11.09,,,0.8,0.71,0.9,False,
SMITH-ALY17-INT-CC,main,group,internal alkyne,alkyne_internal,2190.0,2260.0,any,any,,,0.1,+shape,1539,79,0.051,18,49,61,1411,0.228,0.966,0.269,0.959,6.79,4.16,11.09,,,0.8,0.71,0.9,False,
SMITH-ALY17-TERM-CH-BEND,main,group,terminal alkyne,alkyne_terminal,600.0,700.0,any,any,,,0.01,position,1539,23,0.015,21,1335,2,181,0.913,0.119,0.015,0.989,1.04,0.91,1.18,,,0.73,0.19,2.76,False,
SMITH-ALY17-TERM-CH-BEND,main,group,terminal alkyne,alkyne_terminal,600.0,700.0,any,any,,,0.01,+intensity,1539,23,0.015,21,1335,2,181,0.913,0.119,0.015,0.989,1.04,0.91,1.18,,,0.73,0.19,2.76,False,
SMITH-ALY17-TERM-CH-BEND,main,group,terminal alkyne,alkyne_terminal,600.0,700.0,any,any,,,0.01,+shape,1539,23,0.015,21,1335,2,181,0.913,0.119,0.015,0.989,1.04,0.91,1.18,,,0.73,0.19,2.76,False,
SMITH-ALY17-TERM-CH-BEND,main,group,terminal alkyne,alkyne_terminal,600.0,700.0,any,any,,,0.02,position,1539,23,0.015,21,1275,2,241,0.913,0.159,0.016,0.992,1.09,0.96,1.23,,,0.55,0.14,2.07,False,
SMITH-ALY17-TERM-CH-BEND,main,group,terminal alkyne,alkyne_terminal,600.0,700.0,any,any,,,0.02,+intensity,1539,23,0.015,21,1275,2,241,0.913,0.159,0.016,0.992,1.09,0.96,1.23,,,0.55,0.14,2.07,False,
SMITH-ALY17-TERM-CH-BEND,main,group,terminal alkyne,alkyne_terminal,600.0,700.0,any,any,,,0.02,+shape,1539,23,0.015,21,1275,2,241,0.913,0.159,0.016,0.992,1.09,0.96,1.23,0.91,1.19,0.55,0.14,2.07,False,aromatic_meta OR=16.6 (n=42); aromatic_mono OR=6.4 (n=329); ether_aryl OR=5.2 (n=13)
SMITH-ALY17-TERM-CH-BEND,main,group,terminal alkyne,alkyne_terminal,600.0,700.0,any,any,,,0.05,position,1539,23,0.015,20,1152,3,364,0.87,0.24,0.017,0.992,1.14,0.97,1.34,,,0.54,0.19,1.57,False,
SMITH-ALY17-TERM-CH-BEND,main,group,terminal alkyne,alkyne_terminal,600.0,700.0,any,any,,,0.05,+intensity,1539,23,0.015,20,1152,3,364,0.87,0.24,0.017,0.992,1.14,0.97,1.34,,,0.54,0.19,1.57,False,
SMITH-ALY17-TERM-CH-BEND,main,group,terminal alkyne,alkyne_terminal,600.0,700.0,any,any,,,0.05,+shape,1539,23,0.015,20,1152,3,364,0.87,0.24,0.017,0.992,1.14,0.97,1.34,,,0.54,0.19,1.57,False,
SMITH-ALY17-TERM-CH-BEND,main,group,terminal alkyne,alkyne_terminal,600.0,700.0,any,any,,,0.1,position,1539,23,0.015,17,1000,6,516,0.739,0.34,0.017,0.989,1.12,0.88,1.43,,,0.77,0.38,1.53,False,
SMITH-ALY17-TERM-CH-BEND,main,group,terminal alkyne,alkyne_terminal,600.0,700.0,any,any,,,0.1,+intensity,1539,23,0.015,17,1000,6,516,0.739,0.34,0.017,0.989,1.12,0.88,1.43,,,0.77,0.38,1.53,False,
SMITH-ALY17-TERM-CH-BEND,main,group,terminal alkyne,alkyne_terminal,600.0,700.0,any,any,,,0.1,+shape,1539,23,0.015,17,1000,6,516,0.739,0.34,0.017,0.989,1.12,0.88,1.43,,,0.77,0.38,1.53,False,
SMITH-NIT19-SAT-CN,main,group,saturated nitrile,nitrile_saturated,2240.0,2260.0,strong,any,,,0.01,position,1539,3,0.002,3,345,0,1191,1.0,0.775,0.009,1.0,3.89,2.66,5.7,,,0.16,0.01,2.16,True,
SMITH-NIT19-SAT-CN,main,group,saturated nitrile,nitrile_saturated,2240.0,2260.0,strong,any,,,0.01,+intensity,1539,3,0.002,0,0,3,1536,0.0,1.0,,0.998,384.25,8.64,17094.09,,,0.88,0.6,1.27,True,
SMITH-NIT19-SAT-CN,main,group,saturated nitrile,nitrile_saturated,2240.0,2260.0,strong,any,,,0.01,+shape,1539,3,0.002,0,0,3,1536,0.0,1.0,,0.998,384.25,8.64,17094.09,,,0.88,0.6,1.27,True,
SMITH-NIT19-SAT-CN,main,group,saturated nitrile,nitrile_saturated,2240.0,2260.0,strong,any,,,0.02,position,1539,3,0.002,3,104,0,1432,1.0,0.932,0.028,1.0,12.87,8.51,19.47,,,0.13,0.01,1.79,True,
SMITH-NIT19-SAT-CN,main,group,saturated nitrile,nitrile_saturated,2240.0,2260.0,strong,any,,,0.02,+intensity,1539,3,0.002,0,0,3,1536,0.0,1.0,,0.998,384.25,8.64,17094.09,,,0.88,0.6,1.27,True,
SMITH-NIT19-SAT-CN,main,group,saturated nitrile,nitrile_saturated,2240.0,2260.0,strong,any,,,0.02,+shape,1539,3,0.002,0,0,3,1536,0.0,1.0,,0.998,384.25,8.64,17094.09,,,0.88,0.6,1.27,True,
SMITH-NIT19-SAT-CN,main,group,saturated nitrile,nitrile_saturated,2240.0,2260.0,strong,any,,,0.05,position,1539,3,0.002,2,13,1,1523,0.667,0.992,0.133,0.999,78.77,29.98,206.97,,,0.34,0.07,1.67,True,
SMITH-NIT19-SAT-CN,main,group,saturated nitrile,nitrile_saturated,2240.0,2260.0,strong,any,,,0.05,+intensity,1539,3,0.002,0,0,3,1536,0.0,1.0,,0.998,384.25,8.64,17094.09,,,0.88,0.6,1.27,True,
SMITH-NIT19-SAT-CN,main,group,saturated nitrile,nitrile_saturated,2240.0,2260.0,strong,any,,,0.05,+shape,1539,3,0.002,0,0,3,1536,0.0,1.0,,0.998,384.25,8.64,17094.09,,,0.88,0.6,1.27,True,
SMITH-NIT19-SAT-CN,main,group,saturated nitrile,nitrile_saturated,2240.0,2260.0,strong,any,,,0.1,position,1539,3,0.002,1,1,2,1535,0.333,0.999,0.5,0.999,512.0,40.79,6426.46,,,0.67,0.3,1.48,True,
SMITH-NIT19-SAT-CN,main,group,saturated nitrile,nitrile_saturated,2240.0,2260.0,strong,any,,,0.1,+intensity,1539,3,0.002,0,0,3,1536,0.0,1.0,,0.998,384.25,8.64,17094.09,,,0.88,0.6,1.27,True,
SMITH-NIT19-SAT-CN,main,group,saturated nitrile,nitrile_saturated,2240.0,2260.0,strong,any,,,0.1,+shape,1539,3,0.002,0,0,3,1536,0.0,1.0,,0.998,384.25,8.64,17094.09,,,0.88,0.6,1.27,True,
SMITH-NIT19-AR-CN,main,group,aromatic nitrile,nitrile_aromatic,2220.0,2240.0,strong,any,,,0.01,position,1539,69,0.045,57,320,12,1150,0.826,0.782,0.151,0.99,3.79,3.28,4.39,,,0.22,0.13,0.37,False,
SMITH-NIT19-AR-CN,main,group,aromatic nitrile,nitrile_aromatic,2220.0,2240.0,strong,any,,,0.01,+intensity,1539,69,0.045,4,0,65,1470,0.058,1.0,1.0,0.958,189.13,10.28,3478.54,,,0.94,0.88,1.0,False,
SMITH-NIT19-AR-CN,main,group,aromatic nitrile,nitrile_aromatic,2220.0,2240.0,strong,any,,,0.01,+shape,1539,69,0.045,4,0,65,1470,0.058,1.0,1.0,0.958,189.13,10.28,3478.54,,,0.94,0.88,1.0,False,
SMITH-NIT19-AR-CN,main,group,aromatic nitrile,nitrile_aromatic,2220.0,2240.0,strong,any,,,0.02,position,1539,69,0.045,54,114,15,1356,0.783,0.922,0.321,0.989,10.09,8.13,12.52,,,0.24,0.15,0.37,False,
SMITH-NIT19-AR-CN,main,group,aromatic nitrile,nitrile_aromatic,2220.0,2240.0,strong,any,,,0.02,+intensity,1539,69,0.045,4,0,65,1470,0.058,1.0,1.0,0.958,189.13,10.28,3478.54,,,0.94,0.88,1.0,False,
SMITH-NIT19-AR-CN,main,group,aromatic nitrile,nitrile_aromatic,2220.0,2240.0,strong,any,,,0.02,+shape,1539,69,0.045,4,0,65,1470,0.058,1.0,1.0,0.958,189.13,10.28,3478.54,28.3,390.32,0.94,0.88,1.0,False,
SMITH-NIT19-AR-CN,main,group,aromatic nitrile,nitrile_aromatic,2220.0,2240.0,strong,any,,,0.05,position,1539,69,0.045,38,14,31,1456,0.551,0.99,0.731,0.979,57.83,32.92,101.56,,,0.45,0.35,0.59,False,
SMITH-NIT19-AR-CN,main,group,aromatic nitrile,nitrile_aromatic,2220.0,2240.0,strong,any,,,0.05,+intensity,1539,69,0.045,4,0,65,1470,0.058,1.0,1.0,0.958,189.13,10.28,3478.54,,,0.94,0.88,1.0,False,
SMITH-NIT19-AR-CN,main,group,aromatic nitrile,nitrile_aromatic,2220.0,2240.0,strong,any,,,0.05,+shape,1539,69,0.045,4,0,65,1470,0.058,1.0,1.0,0.958,189.13,10.28,3478.54,,,0.94,0.88,1.0,False,
SMITH-NIT19-AR-CN,main,group,aromatic nitrile,nitrile_aromatic,2220.0,2240.0,strong,any,,,0.1,position,1539,69,0.045,36,2,33,1468,0.522,0.999,0.947,0.978,383.48,94.25,1560.21,,,0.48,0.37,0.61,False,
SMITH-NIT19-AR-CN,main,group,aromatic nitrile,nitrile_aromatic,2220.0,2240.0,strong,any,,,0.1,+intensity,1539,69,0.045,4,0,65,1470,0.058,1.0,1.0,0.958,189.13,10.28,3478.54,,,0.94,0.88,1.0,False,
SMITH-NIT19-AR-CN,main,group,aromatic nitrile,nitrile_aromatic,2220.0,2240.0,strong,any,,,0.1,+shape,1539,69,0.045,4,0,65,1470,0.058,1.0,1.0,0.958,189.13,10.28,3478.54,,,0.94,0.88,1.0,False,
SMITH-NO2-20-ASYM,main,group,aromatic nitro,nitro,1500.0,1550.0,strong,any,,,0.01,position,1539,50,0.032,49,971,1,518,0.98,0.348,0.048,0.998,1.5,1.42,1.59,,,0.06,0.01,0.4,False,
SMITH-NO2-20-ASYM,main,group,aromatic nitro,nitro,1500.0,1550.0,strong,any,,,0.01,+intensity,1539,50,0.032,41,232,9,1257,0.82,0.844,0.15,0.993,5.26,4.42,6.27,,,0.21,0.12,0.39,False,
SMITH-NO2-20-ASYM,main,group,aromatic nitro,nitro,1500.0,1550.0,strong,any,,,0.01,+shape,1539,50,0.032,41,232,9,1257,0.82,0.844,0.15,0.993,5.26,4.42,6.27,,,0.21,0.12,0.39,False,
SMITH-NO2-20-ASYM,main,group,aromatic nitro,nitro,1500.0,1550.0,strong,any,,,0.02,position,1539,50,0.032,49,889,1,600,0.98,0.403,0.052,0.998,1.64,1.55,1.74,,,0.05,0.01,0.35,False,
SMITH-NO2-20-ASYM,main,group,aromatic nitro,nitro,1500.0,1550.0,strong,any,,,0.02,+intensity,1539,50,0.032,41,231,9,1258,0.82,0.845,0.151,0.993,5.29,4.43,6.3,,,0.21,0.12,0.39,False,
SMITH-NO2-20-ASYM,main,group,aromatic nitro,nitro,1500.0,1550.0,strong,any,,,0.02,+shape,1539,50,0.032,41,231,9,1258,0.82,0.845,0.151,0.993,5.29,4.43,6.3,4.07,7.11,0.21,0.12,0.39,False,nitrile_saturated OR=38.6 (n=3); amide_secondary OR=5.5 (n=64); n_h_any OR=4.8 (n=113)
SMITH-NO2-20-ASYM,main,group,aromatic nitro,nitro,1500.0,1550.0,strong,any,,,0.05,position,1539,50,0.032,49,752,1,737,0.98,0.495,0.061,0.999,1.94,1.82,2.07,,,0.04,0.01,0.28,False,
SMITH-NO2-20-ASYM,main,group,aromatic nitro,nitro,1500.0,1550.0,strong,any,,,0.05,+intensity,1539,50,0.032,41,231,9,1258,0.82,0.845,0.151,0.993,5.29,4.43,6.3,,,0.21,0.12,0.39,False,
SMITH-NO2-20-ASYM,main,group,aromatic nitro,nitro,1500.0,1550.0,strong,any,,,0.05,+shape,1539,50,0.032,41,231,9,1258,0.82,0.845,0.151,0.993,5.29,4.43,6.3,,,0.21,0.12,0.39,False,
SMITH-NO2-20-ASYM,main,group,aromatic nitro,nitro,1500.0,1550.0,strong,any,,,0.1,position,1539,50,0.032,49,657,1,832,0.98,0.559,0.069,0.999,2.22,2.07,2.38,,,0.04,0.01,0.25,False,
SMITH-NO2-20-ASYM,main,group,aromatic nitro,nitro,1500.0,1550.0,strong,any,,,0.1,+intensity,1539,50,0.032,41,229,9,1260,0.82,0.846,0.152,0.993,5.33,4.47,6.36,,,0.21,0.12,0.38,False,
SMITH-NO2-20-ASYM,main,group,aromatic nitro,nitro,1500.0,1550.0,strong,any,,,0.1,+shape,1539,50,0.032,41,229,9,1260,0.82,0.846,0.152,0.993,5.33,4.47,6.36,,,0.21,0.12,0.38,False,
SMITH-NO2-20-SYM,main,group,aromatic nitro,nitro,1330.0,1390.0,strong,any,,,0.01,position,1539,50,0.032,50,1329,0,160,1.0,0.107,0.036,1.0,1.11,1.07,1.15,,,0.09,0.01,1.44,False,
SMITH-NO2-20-SYM,main,group,aromatic nitro,nitro,1330.0,1390.0,strong,any,,,0.01,+intensity,1539,50,0.032,36,230,14,1259,0.72,0.846,0.135,0.989,4.66,3.78,5.75,,,0.33,0.21,0.52,False,
SMITH-NO2-20-SYM,main,group,aromatic nitro,nitro,1330.0,1390.0,strong,any,,,0.01,+shape,1539,50,0.032,36,230,14,1259,0.72,0.846,0.135,0.989,4.66,3.78,5.75,,,0.33,0.21,0.52,False,
SMITH-NO2-20-SYM,main,group,aromatic nitro,nitro,1330.0,1390.0,strong,any,,,0.02,position,1539,50,0.032,50,1293,0,196,1.0,0.132,0.037,1.0,1.14,1.1,1.18,,,0.07,0.0,1.18,False,
SMITH-NO2-20-SYM,main,group,aromatic nitro,nitro,1330.0,1390.0,strong,any,,,0.02,+intensity,1539,50,0.032,36,230,14,1259,0.72,0.846,0.135,0.989,4.66,3.78,5.75,,,0.33,0.21,0.52,False,
SMITH-NO2-20-SYM,main,group,aromatic nitro,nitro,1330.0,1390.0,strong,any,,,0.02,+shape,1539,50,0.032,36,230,14,1259,0.72,0.846,0.135,0.989,4.66,3.78,5.75,3.54,6.27,0.33,0.21,0.52,False,nitrile_aromatic OR=3.8 (n=26); nitriles OR=3.5 (n=26); aromatics OR=2.8 (n=224)
SMITH-NO2-20-SYM,main,group,aromatic nitro,nitro,1330.0,1390.0,strong,any,,,0.05,position,1539,50,0.032,50,1203,0,286,1.0,0.192,0.04,1.0,1.23,1.18,1.27,,,0.05,0.0,0.81,False,
SMITH-NO2-20-SYM,main,group,aromatic nitro,nitro,1330.0,1390.0,strong,any,,,0.05,+intensity,1539,50,0.032,36,229,14,1260,0.72,0.846,0.136,0.989,4.68,3.8,5.78,,,0.33,0.21,0.52,False,
SMITH-NO2-20-SYM,main,group,aromatic nitro,nitro,1330.0,1390.0,strong,any,,,0.05,+shape,1539,50,0.032,36,229,14,1260,0.72,0.846,0.136,0.989,4.68,3.8,5.78,,,0.33,0.21,0.52,False,
SMITH-NO2-20-SYM,main,group,aromatic nitro,nitro,1330.0,1390.0,strong,any,,,0.1,position,1539,50,0.032,49,1041,1,448,0.98,0.301,0.045,0.998,1.4,1.33,1.48,,,0.07,0.01,0.46,False,
SMITH-NO2-20-SYM,main,group,aromatic nitro,nitro,1330.0,1390.0,strong,any,,,0.1,+intensity,1539,50,0.032,36,228,14,1261,0.72,0.847,0.136,0.989,4.7,3.81,5.8,,,0.33,0.21,0.52,False,
SMITH-NO2-20-SYM,main,group,aromatic nitro,nitro,1330.0,1390.0,strong,any,,,0.1,+shape,1539,50,0.032,36,228,14,1261,0.72,0.847,0.136,0.989,4.7,3.81,5.8,,,0.33,0.21,0.52,False,
SMITH-NO2-20-SCIS,main,group,aromatic nitro,nitro,835.0,890.0,medium,any,,,0.01,position,1539,50,0.032,47,1315,3,174,0.94,0.117,0.035,0.983,1.06,0.99,1.14,,,0.51,0.17,1.55,False,
SMITH-NO2-20-SCIS,main,group,aromatic nitro,nitro,835.0,890.0,medium,any,,,0.01,+intensity,1539,50,0.032,47,857,3,632,0.94,0.424,0.052,0.995,1.63,1.5,1.77,,,0.14,0.05,0.42,False,
SMITH-NO2-20-SCIS,main,group,aromatic nitro,nitro,835.0,890.0,medium,any,,,0.01,+shape,1539,50,0.032,47,857,3,632,0.94,0.424,0.052,0.995,1.63,1.5,1.77,,,0.14,0.05,0.42,False,
SMITH-NO2-20-SCIS,main,group,aromatic nitro,nitro,835.0,890.0,medium,any,,,0.02,position,1539,50,0.032,45,1265,5,224,0.9,0.15,0.034,0.978,1.06,0.96,1.16,,,0.66,0.29,1.54,False,
SMITH-NO2-20-SCIS,main,group,aromatic nitro,nitro,835.0,890.0,medium,any,,,0.02,+intensity,1539,50,0.032,45,846,5,643,0.9,0.432,0.051,0.992,1.58,1.43,1.75,,,0.23,0.1,0.53,False,
SMITH-NO2-20-SCIS,main,group,aromatic nitro,nitro,835.0,890.0,medium,any,,,0.02,+shape,1539,50,0.032,45,846,5,643,0.9,0.432,0.051,0.992,1.58,1.43,1.75,1.32,1.81,0.23,0.1,0.53,False,aldehyde_saturated OR=5.3 (n=3); carboxylic_acid_aromatic OR=5.0 (n=22); alcohol_tertiary OR=3.8 (n=7)
SMITH-NO2-20-SCIS,main,group,aromatic nitro,nitro,835.0,890.0,medium,any,,,0.05,position,1539,50,0.032,43,1099,7,390,0.86,0.262,0.038,0.982,1.17,1.04,1.31,,,0.53,0.27,1.07,False,
SMITH-NO2-20-SCIS,main,group,aromatic nitro,nitro,835.0,890.0,medium,any,,,0.05,+intensity,1539,50,0.032,43,820,7,669,0.86,0.449,0.05,0.99,1.56,1.38,1.76,,,0.31,0.16,0.62,False,
SMITH-NO2-20-SCIS,main,group,aromatic nitro,nitro,835.0,890.0,medium,any,,,0.05,+shape,1539,50,0.032,43,820,7,669,0.86,0.449,0.05,0.99,1.56,1.38,1.76,,,0.31,0.16,0.62,False,
SMITH-NO2-20-SCIS,main,group,aromatic nitro,nitro,835.0,890.0,medium,any,,,0.1,position,1539,50,0.032,41,910,9,579,0.82,0.389,0.043,0.985,1.34,1.17,1.54,,,0.46,0.26,0.84,False,
SMITH-NO2-20-SCIS,main,group,aromatic nitro,nitro,835.0,890.0,medium,any,,,0.1,+intensity,1539,50,0.032,41,786,9,703,0.82,0.472,0.05,0.987,1.55,1.35,1.78,,,0.38,0.21,0.69,False,
SMITH-NO2-20-SCIS,main,group,aromatic nitro,nitro,835.0,890.0,medium,any,,,0.1,+shape,1539,50,0.032,41,786,9,703,0.82,0.472,0.05,0.987,1.55,1.35,1.78,,,0.38,0.21,0.69,False,
SMITH-BR4-BZ-MONO-BOTH,main,group,monosubstituted benzene,aromatic_mono,710.0,770.0,any,any,680-700,,0.01,position,1539,344,0.224,312,602,32,593,0.907,0.496,0.341,0.949,1.8,1.69,1.92,,,0.19,0.13,0.26,False,
SMITH-BR4-BZ-MONO-BOTH,main,group,monosubstituted benzene,aromatic_mono,710.0,770.0,any,any,680-700,,0.01,+intensity,1539,344,0.224,312,602,32,593,0.907,0.496,0.341,0.949,1.8,1.69,1.92,,,0.19,0.13,0.26,False,
SMITH-BR4-BZ-MONO-BOTH,main,group,monosubstituted benzene,aromatic_mono,710.0,770.0,any,any,680-700,,0.01,+shape,1539,344,0.224,312,602,32,593,0.907,0.496,0.341,0.949,1.8,1.69,1.92,,,0.19,0.13,0.26,False,
SMITH-BR4-BZ-MONO-BOTH,main,group,monosubstituted benzene,aromatic_mono,710.0,770.0,any,any,680-700,,0.02,position,1539,344,0.224,307,544,37,651,0.892,0.545,0.361,0.946,1.96,1.82,2.11,,,0.2,0.14,0.27,False,
SMITH-BR4-BZ-MONO-BOTH,main,group,monosubstituted benzene,aromatic_mono,710.0,770.0,any,any,680-700,,0.02,+intensity,1539,344,0.224,307,544,37,651,0.892,0.545,0.361,0.946,1.96,1.82,2.11,,,0.2,0.14,0.27,False,
SMITH-BR4-BZ-MONO-BOTH,main,group,monosubstituted benzene,aromatic_mono,710.0,770.0,any,any,680-700,,0.02,+shape,1539,344,0.224,307,544,37,651,0.892,0.545,0.361,0.946,1.96,1.82,2.11,1.74,2.23,0.2,0.14,0.27,False,ether_aryl OR=3.6 (n=7); alkene_trisubstituted OR=2.8 (n=26); nitro OR=2.4 (n=28)
SMITH-BR4-BZ-MONO-BOTH,main,group,monosubstituted benzene,aromatic_mono,710.0,770.0,any,any,680-700,,0.05,position,1539,344,0.224,302,409,42,786,0.878,0.658,0.425,0.949,2.57,2.35,2.8,,,0.19,0.14,0.25,False,
SMITH-BR4-BZ-MONO-BOTH,main,group,monosubstituted benzene,aromatic_mono,710.0,770.0,any,any,680-700,,0.05,+intensity,1539,344,0.224,302,409,42,786,0.878,0.658,0.425,0.949,2.57,2.35,2.8,,,0.19,0.14,0.25,False,
SMITH-BR4-BZ-MONO-BOTH,main,group,monosubstituted benzene,aromatic_mono,710.0,770.0,any,any,680-700,,0.05,+shape,1539,344,0.224,302,409,42,786,0.878,0.658,0.425,0.949,2.57,2.35,2.8,,,0.19,0.14,0.25,False,
SMITH-BR4-BZ-MONO-BOTH,main,group,monosubstituted benzene,aromatic_mono,710.0,770.0,any,any,680-700,,0.1,position,1539,344,0.224,283,269,61,926,0.823,0.775,0.513,0.938,3.65,3.25,4.1,,,0.23,0.18,0.29,False,
SMITH-BR4-BZ-MONO-BOTH,main,group,monosubstituted benzene,aromatic_mono,710.0,770.0,any,any,680-700,,0.1,+intensity,1539,344,0.224,283,269,61,926,0.823,0.775,0.513,0.938,3.65,3.25,4.1,,,0.23,0.18,0.29,False,
SMITH-BR4-BZ-MONO-BOTH,main,group,monosubstituted benzene,aromatic_mono,710.0,770.0,any,any,680-700,,0.1,+shape,1539,344,0.224,283,269,61,926,0.823,0.775,0.513,0.938,3.65,3.25,4.1,,,0.23,0.18,0.29,False,
SMITH-BR4-BZ-META-BOTH,main,group,meta-disubstituted benzene,aromatic_meta,750.0,810.0,any,any,680-700,,0.01,position,1539,42,0.027,31,866,11,631,0.738,0.422,0.035,0.983,1.28,1.06,1.54,,,0.62,0.37,1.04,False,
SMITH-BR4-BZ-META-BOTH,main,group,meta-disubstituted benzene,aromatic_meta,750.0,810.0,any,any,680-700,,0.01,+intensity,1539,42,0.027,31,866,11,631,0.738,0.422,0.035,0.983,1.28,1.06,1.54,,,0.62,0.37,1.04,False,
SMITH-BR4-BZ-META-BOTH,main,group,meta-disubstituted benzene,aromatic_meta,750.0,810.0,any,any,680-700,,0.01,+shape,1539,42,0.027,31,866,11,631,0.738,0.422,0.035,0.983,1.28,1.06,1.54,,,0.62,0.37,1.04,False,
SMITH-BR4-BZ-META-BOTH,main,group,meta-disubstituted benzene,aromatic_meta,750.0,810.0,any,any,680-700,,0.02,position,1539,42,0.027,31,789,11,708,0.738,0.473,0.038,0.985,1.4,1.16,1.69,,,0.55,0.33,0.92,False,
SMITH-BR4-BZ-META-BOTH,main,group,meta-disubstituted benzene,aromatic_meta,750.0,810.0,any,any,680-700,,0.02,+intensity,1539,42,0.027,31,789,11,708,0.738,0.473,0.038,0.985,1.4,1.16,1.69,,,0.55,0.33,0.92,False,
SMITH-BR4-BZ-META-BOTH,main,group,meta-disubstituted benzene,aromatic_meta,750.0,810.0,any,any,680-700,,0.02,+shape,1539,42,0.027,31,789,11,708,0.738,0.473,0.038,0.985,1.4,1.16,1.69,1.06,1.69,0.55,0.33,0.92,False,aromatic_mono OR=6.3 (n=281); aromatics OR=3.6 (n=764); ether_aryl OR=3.4 (n=9)
SMITH-BR4-BZ-META-BOTH,main,group,meta-disubstituted benzene,aromatic_meta,750.0,810.0,any,any,680-700,,0.05,position,1539,42,0.027,30,639,12,858,0.714,0.573,0.045,0.986,1.67,1.37,2.04,,,0.5,0.31,0.81,False,
SMITH-BR4-BZ-META-BOTH,main,group,meta-disubstituted benzene,aromatic_meta,750.0,810.0,any,any,680-700,,0.05,+intensity,1539,42,0.027,30,639,12,858,0.714,0.573,0.045,0.986,1.67,1.37,2.04,,,0.5,0.31,0.81,False,
SMITH-BR4-BZ-META-BOTH,main,group,meta-disubstituted benzene,aromatic_meta,750.0,810.0,any,any,680-700,,0.05,+shape,1539,42,0.027,30,639,12,858,0.714,0.573,0.045,0.986,1.67,1.37,2.04,,,0.5,0.31,0.81,False,
SMITH-BR4-BZ-META-BOTH,main,group,meta-disubstituted benzene,aromatic_meta,750.0,810.0,any,any,680-700,,0.1,position,1539,42,0.027,29,475,13,1022,0.69,0.683,0.058,0.987,2.18,1.75,2.7,,,0.45,0.29,0.71,False,
SMITH-BR4-BZ-META-BOTH,main,group,meta-disubstituted benzene,aromatic_meta,750.0,810.0,any,any,680-700,,0.1,+intensity,1539,42,0.027,29,475,13,1022,0.69,0.683,0.058,0.987,2.18,1.75,2.7,,,0.45,0.29,0.71,False,
SMITH-BR4-BZ-META-BOTH,main,group,meta-disubstituted benzene,aromatic_meta,750.0,810.0,any,any,680-700,,0.1,+shape,1539,42,0.027,29,475,13,1022,0.69,0.683,0.058,0.987,2.18,1.75,2.7,,,0.45,0.29,0.71,False,
SMITH-SALT19-NH3-STR,salt,group,primary amine salt,ammonium_primary,2800.0,3200.0,any,any,,,0.01,position,35,6,0.171,6,29,0,0,1.0,0.0,0.171,,0.94,0.76,1.17,,,4.29,0.09,197.94,True,
SMITH-SALT19-NH3-STR,salt,group,primary amine salt,ammonium_primary,2800.0,3200.0,any,any,,,0.01,+intensity,35,6,0.171,6,29,0,0,1.0,0.0,0.171,,0.94,0.76,1.17,,,4.29,0.09,197.94,True,
SMITH-SALT19-NH3-STR,salt,group,primary amine salt,ammonium_primary,2800.0,3200.0,any,any,,,0.01,+shape,35,6,0.171,6,29,0,0,1.0,0.0,0.171,,0.94,0.76,1.17,,,4.29,0.09,197.94,True,
SMITH-SALT19-NH3-STR,salt,group,primary amine salt,ammonium_primary,2800.0,3200.0,any,any,,,0.02,position,35,6,0.171,6,29,0,0,1.0,0.0,0.171,,0.94,0.76,1.17,,,4.29,0.09,197.94,True,
SMITH-SALT19-NH3-STR,salt,group,primary amine salt,ammonium_primary,2800.0,3200.0,any,any,,,0.02,+intensity,35,6,0.171,6,29,0,0,1.0,0.0,0.171,,0.94,0.76,1.17,,,4.29,0.09,197.94,True,
SMITH-SALT19-NH3-STR,salt,group,primary amine salt,ammonium_primary,2800.0,3200.0,any,any,,,0.02,+shape,35,6,0.171,6,29,0,0,1.0,0.0,0.171,,0.94,0.76,1.17,,,4.29,0.09,197.94,True,
SMITH-SALT19-NH3-STR,salt,group,primary amine salt,ammonium_primary,2800.0,3200.0,any,any,,,0.05,position,35,6,0.171,6,25,0,4,1.0,0.138,0.194,1.0,1.09,0.85,1.41,,,0.48,0.03,7.86,True,
SMITH-SALT19-NH3-STR,salt,group,primary amine salt,ammonium_primary,2800.0,3200.0,any,any,,,0.05,+intensity,35,6,0.171,6,25,0,4,1.0,0.138,0.194,1.0,1.09,0.85,1.41,,,0.48,0.03,7.86,True,
SMITH-SALT19-NH3-STR,salt,group,primary amine salt,ammonium_primary,2800.0,3200.0,any,any,,,0.05,+shape,35,6,0.171,6,25,0,4,1.0,0.138,0.194,1.0,1.09,0.85,1.41,,,0.48,0.03,7.86,True,
SMITH-SALT19-NH3-STR,salt,group,primary amine salt,ammonium_primary,2800.0,3200.0,any,any,,,0.1,position,35,6,0.171,6,20,0,9,1.0,0.31,0.231,1.0,1.36,0.99,1.87,,,0.23,0.01,3.43,True,
SMITH-SALT19-NH3-STR,salt,group,primary amine salt,ammonium_primary,2800.0,3200.0,any,any,,,0.1,+intensity,35,6,0.171,6,20,0,9,1.0,0.31,0.231,1.0,1.36,0.99,1.87,,,0.23,0.01,3.43,True,
SMITH-SALT19-NH3-STR,salt,group,primary amine salt,ammonium_primary,2800.0,3200.0,any,any,,,0.1,+shape,35,6,0.171,6,20,0,9,1.0,0.31,0.231,1.0,1.36,0.99,1.87,,,0.23,0.01,3.43,True,
SMITH-SALT19-NH3-ASYM,salt,group,primary amine salt,ammonium_primary,1560.0,1625.0,any,any,,,0.01,position,35,6,0.171,6,26,0,3,1.0,0.103,0.188,1.0,1.05,0.82,1.34,,,0.61,0.04,10.55,True,
SMITH-SALT19-NH3-ASYM,salt,group,primary amine salt,ammonium_primary,1560.0,1625.0,any,any,,,0.01,+intensity,35,6,0.171,6,26,0,3,1.0,0.103,0.188,1.0,1.05,0.82,1.34,,,0.61,0.04,10.55,True,
SMITH-SALT19-NH3-ASYM,salt,group,primary amine salt,ammonium_primary,1560.0,1625.0,any,any,,,0.01,+shape,35,6,0.171,6,26,0,3,1.0,0.103,0.188,1.0,1.05,0.82,1.34,,,0.61,0.04,10.55,True,
SMITH-SALT19-NH3-ASYM,salt,group,primary amine salt,ammonium_primary,1560.0,1625.0,any,any,,,0.02,position,35,6,0.171,6,26,0,3,1.0,0.103,0.188,1.0,1.05,0.82,1.34,,,0.61,0.04,10.55,True,
SMITH-SALT19-NH3-ASYM,salt,group,primary amine salt,ammonium_primary,1560.0,1625.0,any,any,,,0.02,+intensity,35,6,0.171,6,26,0,3,1.0,0.103,0.188,1.0,1.05,0.82,1.34,,,0.61,0.04,10.55,True,
SMITH-SALT19-NH3-ASYM,salt,group,primary amine salt,ammonium_primary,1560.0,1625.0,any,any,,,0.02,+shape,35,6,0.171,6,26,0,3,1.0,0.103,0.188,1.0,1.05,0.82,1.34,,,0.61,0.04,10.55,True,
SMITH-SALT19-NH3-ASYM,salt,group,primary amine salt,ammonium_primary,1560.0,1625.0,any,any,,,0.05,position,35,6,0.171,5,21,1,8,0.833,0.276,0.192,0.889,1.15,0.75,1.76,,,0.6,0.09,3.97,True,
SMITH-SALT19-NH3-ASYM,salt,group,primary amine salt,ammonium_primary,1560.0,1625.0,any,any,,,0.05,+intensity,35,6,0.171,5,21,1,8,0.833,0.276,0.192,0.889,1.15,0.75,1.76,,,0.6,0.09,3.97,True,
SMITH-SALT19-NH3-ASYM,salt,group,primary amine salt,ammonium_primary,1560.0,1625.0,any,any,,,0.05,+shape,35,6,0.171,5,21,1,8,0.833,0.276,0.192,0.889,1.15,0.75,1.76,,,0.6,0.09,3.97,True,
SMITH-SALT19-NH3-ASYM,salt,group,primary amine salt,ammonium_primary,1560.0,1625.0,any,any,,,0.1,position,35,6,0.171,5,18,1,11,0.833,0.379,0.217,0.917,1.34,0.85,2.12,,,0.44,0.07,2.79,True,
SMITH-SALT19-NH3-ASYM,salt,group,primary amine salt,ammonium_primary,1560.0,1625.0,any,any,,,0.1,+intensity,35,6,0.171,5,18,1,11,0.833,0.379,0.217,0.917,1.34,0.85,2.12,,,0.44,0.07,2.79,True,
SMITH-SALT19-NH3-ASYM,salt,group,primary amine salt,ammonium_primary,1560.0,1625.0,any,any,,,0.1,+shape,35,6,0.171,5,18,1,11,0.833,0.379,0.217,0.917,1.34,0.85,2.12,,,0.44,0.07,2.79,True,
SMITH-SALT19-NH3-SYM,salt,group,primary amine salt,ammonium_primary,1500.0,1550.0,any,any,,,0.01,position,35,6,0.171,5,21,1,8,0.833,0.276,0.192,0.889,1.15,0.75,1.76,,,0.6,0.09,3.97,True,
SMITH-SALT19-NH3-SYM,salt,group,primary amine salt,ammonium_primary,1500.0,1550.0,any,any,,,0.01,+intensity,35,6,0.171,5,21,1,8,0.833,0.276,0.192,0.889,1.15,0.75,1.76,,,0.6,0.09,3.97,True,
SMITH-SALT19-NH3-SYM,salt,group,primary amine salt,ammonium_primary,1500.0,1550.0,any,any,,,0.01,+shape,35,6,0.171,5,21,1,8,0.833,0.276,0.192,0.889,1.15,0.75,1.76,,,0.6,0.09,3.97,True,
SMITH-SALT19-NH3-SYM,salt,group,primary amine salt,ammonium_primary,1500.0,1550.0,any,any,,,0.02,position,35,6,0.171,5,18,1,11,0.833,0.379,0.217,0.917,1.34,0.85,2.12,,,0.44,0.07,2.79,True,
SMITH-SALT19-NH3-SYM,salt,group,primary amine salt,ammonium_primary,1500.0,1550.0,any,any,,,0.02,+intensity,35,6,0.171,5,18,1,11,0.833,0.379,0.217,0.917,1.34,0.85,2.12,,,0.44,0.07,2.79,True,
SMITH-SALT19-NH3-SYM,salt,group,primary amine salt,ammonium_primary,1500.0,1550.0,any,any,,,0.02,+shape,35,6,0.171,5,18,1,11,0.833,0.379,0.217,0.917,1.34,0.85,2.12,,,0.44,0.07,2.79,True,
SMITH-SALT19-NH3-SYM,salt,group,primary amine salt,ammonium_primary,1500.0,1550.0,any,any,,,0.05,position,35,6,0.171,5,17,1,12,0.833,0.414,0.227,0.923,1.42,0.89,2.28,,,0.4,0.06,2.54,True,
SMITH-SALT19-NH3-SYM,salt,group,primary amine salt,ammonium_primary,1500.0,1550.0,any,any,,,0.05,+intensity,35,6,0.171,5,17,1,12,0.833,0.414,0.227,0.923,1.42,0.89,2.28,,,0.4,0.06,2.54,True,
SMITH-SALT19-NH3-SYM,salt,group,primary amine salt,ammonium_primary,1500.0,1550.0,any,any,,,0.05,+shape,35,6,0.171,5,17,1,12,0.833,0.414,0.227,0.923,1.42,0.89,2.28,,,0.4,0.06,2.54,True,
SMITH-SALT19-NH3-SYM,salt,group,primary amine salt,ammonium_primary,1500.0,1550.0,any,any,,,0.1,position,35,6,0.171,4,14,2,15,0.667,0.517,0.222,0.882,1.38,0.7,2.73,,,0.64,0.2,2.11,True,
SMITH-SALT19-NH3-SYM,salt,group,primary amine salt,ammonium_primary,1500.0,1550.0,any,any,,,0.1,+intensity,35,6,0.171,4,14,2,15,0.667,0.517,0.222,0.882,1.38,0.7,2.73,,,0.64,0.2,2.11,True,
SMITH-SALT19-NH3-SYM,salt,group,primary amine salt,ammonium_primary,1500.0,1550.0,any,any,,,0.1,+shape,35,6,0.171,4,14,2,15,0.667,0.517,0.222,0.882,1.38,0.7,2.73,,,0.64,0.2,2.11,True,
SMITH-SALT19-NH2-STR,salt,group,secondary amine salt,ammonium_secondary,2700.0,3000.0,any,any,,,0.01,position,35,0,0.0,0,33,0,2,,0.057,0.0,1.0,0.54,0.08,3.82,,,7.2,0.72,71.53,True,
SMITH-SALT19-NH2-STR,salt,group,secondary amine salt,ammonium_secondary,2700.0,3000.0,any,any,,,0.01,+intensity,35,0,0.0,0,33,0,2,,0.057,0.0,1.0,0.54,0.08,3.82,,,7.2,0.72,71.53,True,
SMITH-SALT19-NH2-STR,salt,group,secondary amine salt,ammonium_secondary,2700.0,3000.0,any,any,,,0.01,+shape,35,0,0.0,0,33,0,2,,0.057,0.0,1.0,0.54,0.08,3.82,,,7.2,0.72,71.53,True,
SMITH-SALT19-NH2-STR,salt,group,secondary amine salt,ammonium_secondary,2700.0,3000.0,any,any,,,0.02,position,35,0,0.0,0,33,0,2,,0.057,0.0,1.0,0.54,0.08,3.82,,,7.2,0.72,71.53,True,
SMITH-SALT19-NH2-STR,salt,group,secondary amine salt,ammonium_secondary,2700.0,3000.0,any,any,,,0.02,+intensity,35,0,0.0,0,33,0,2,,0.057,0.0,1.0,0.54,0.08,3.82,,,7.2,0.72,71.53,True,
SMITH-SALT19-NH2-STR,salt,group,secondary amine salt,ammonium_secondary,2700.0,3000.0,any,any,,,0.02,+shape,35,0,0.0,0,33,0,2,,0.057,0.0,1.0,0.54,0.08,3.82,,,7.2,0.72,71.53,True,
SMITH-SALT19-NH2-STR,salt,group,secondary amine salt,ammonium_secondary,2700.0,3000.0,any,any,,,0.05,position,35,0,0.0,0,25,0,10,,0.286,0.0,1.0,0.71,0.1,5.07,,,1.71,0.23,12.99,True,
SMITH-SALT19-NH2-STR,salt,group,secondary amine salt,ammonium_secondary,2700.0,3000.0,any,any,,,0.05,+intensity,35,0,0.0,0,25,0,10,,0.286,0.0,1.0,0.71,0.1,5.07,,,1.71,0.23,12.99,True,
SMITH-SALT19-NH2-STR,salt,group,secondary amine salt,ammonium_secondary,2700.0,3000.0,any,any,,,0.05,+shape,35,0,0.0,0,25,0,10,,0.286,0.0,1.0,0.71,0.1,5.07,,,1.71,0.23,12.99,True,
SMITH-SALT19-NH2-STR,salt,group,secondary amine salt,ammonium_secondary,2700.0,3000.0,any,any,,,0.1,position,35,0,0.0,0,20,0,15,,0.429,0.0,1.0,0.88,0.12,6.36,,,1.16,0.16,8.54,True,
SMITH-SALT19-NH2-STR,salt,group,secondary amine salt,ammonium_secondary,2700.0,3000.0,any,any,,,0.1,+intensity,35,0,0.0,0,20,0,15,,0.429,0.0,1.0,0.88,0.12,6.36,,,1.16,0.16,8.54,True,
SMITH-SALT19-NH2-STR,salt,group,secondary amine salt,ammonium_secondary,2700.0,3000.0,any,any,,,0.1,+shape,35,0,0.0,0,20,0,15,,0.429,0.0,1.0,0.88,0.12,6.36,,,1.16,0.16,8.54,True,
SMITH-SALT19-NH2-BEND,salt,group,secondary amine salt,ammonium_secondary,1560.0,1620.0,any,any,,,0.01,position,35,0,0.0,0,31,0,4,,0.114,0.0,1.0,0.57,0.08,4.07,,,4.0,0.47,34.07,True,
SMITH-SALT19-NH2-BEND,salt,group,secondary amine salt,ammonium_secondary,1560.0,1620.0,any,any,,,0.01,+intensity,35,0,0.0,0,31,0,4,,0.114,0.0,1.0,0.57,0.08,4.07,,,4.0,0.47,34.07,True,
SMITH-SALT19-NH2-BEND,salt,group,secondary amine salt,ammonium_secondary,1560.0,1620.0,any,any,,,0.01,+shape,35,0,0.0,0,31,0,4,,0.114,0.0,1.0,0.57,0.08,4.07,,,4.0,0.47,34.07,True,
SMITH-SALT19-NH2-BEND,salt,group,secondary amine salt,ammonium_secondary,1560.0,1620.0,any,any,,,0.02,position,35,0,0.0,0,31,0,4,,0.114,0.0,1.0,0.57,0.08,4.07,,,4.0,0.47,34.07,True,
SMITH-SALT19-NH2-BEND,salt,group,secondary amine salt,ammonium_secondary,1560.0,1620.0,any,any,,,0.02,+intensity,35,0,0.0,0,31,0,4,,0.114,0.0,1.0,0.57,0.08,4.07,,,4.0,0.47,34.07,True,
SMITH-SALT19-NH2-BEND,salt,group,secondary amine salt,ammonium_secondary,1560.0,1620.0,any,any,,,0.02,+shape,35,0,0.0,0,31,0,4,,0.114,0.0,1.0,0.57,0.08,4.07,,,4.0,0.47,34.07,True,
SMITH-SALT19-NH2-BEND,salt,group,secondary amine salt,ammonium_secondary,1560.0,1620.0,any,any,,,0.05,position,35,0,0.0,0,25,0,10,,0.286,0.0,1.0,0.71,0.1,5.07,,,1.71,0.23,12.99,True,
SMITH-SALT19-NH2-BEND,salt,group,secondary amine salt,ammonium_secondary,1560.0,1620.0,any,any,,,0.05,+intensity,35,0,0.0,0,25,0,10,,0.286,0.0,1.0,0.71,0.1,5.07,,,1.71,0.23,12.99,True,
SMITH-SALT19-NH2-BEND,salt,group,secondary amine salt,ammonium_secondary,1560.0,1620.0,any,any,,,0.05,+shape,35,0,0.0,0,25,0,10,,0.286,0.0,1.0,0.71,0.1,5.07,,,1.71,0.23,12.99,True,
SMITH-SALT19-NH2-BEND,salt,group,secondary amine salt,ammonium_secondary,1560.0,1620.0,any,any,,,0.1,position,35,0,0.0,0,22,0,13,,0.371,0.0,1.0,0.8,0.11,5.77,,,1.33,0.18,9.9,True,
SMITH-SALT19-NH2-BEND,salt,group,secondary amine salt,ammonium_secondary,1560.0,1620.0,any,any,,,0.1,+intensity,35,0,0.0,0,22,0,13,,0.371,0.0,1.0,0.8,0.11,5.77,,,1.33,0.18,9.9,True,
SMITH-SALT19-NH2-BEND,salt,group,secondary amine salt,ammonium_secondary,1560.0,1620.0,any,any,,,0.1,+shape,35,0,0.0,0,22,0,13,,0.371,0.0,1.0,0.8,0.11,5.77,,,1.33,0.18,9.9,True,
SMITH-SALT19-NH-STR,salt,group,tertiary amine salt,ammonium_tertiary,2300.0,2700.0,any,any,,,0.01,position,35,0,0.0,0,28,0,7,,0.2,0.0,1.0,0.63,0.09,4.52,,,2.4,0.31,18.85,True,
SMITH-SALT19-NH-STR,salt,group,tertiary amine salt,ammonium_tertiary,2300.0,2700.0,any,any,,,0.01,+intensity,35,0,0.0,0,28,0,7,,0.2,0.0,1.0,0.63,0.09,4.52,,,2.4,0.31,18.85,True,
SMITH-SALT19-NH-STR,salt,group,tertiary amine salt,ammonium_tertiary,2300.0,2700.0,any,any,,,0.01,+shape,35,0,0.0,0,28,0,7,,0.2,0.0,1.0,0.63,0.09,4.52,,,2.4,0.31,18.85,True,
SMITH-SALT19-NH-STR,salt,group,tertiary amine salt,ammonium_tertiary,2300.0,2700.0,any,any,,,0.02,position,35,0,0.0,0,22,0,13,,0.371,0.0,1.0,0.8,0.11,5.77,,,1.33,0.18,9.9,True,
SMITH-SALT19-NH-STR,salt,group,tertiary amine salt,ammonium_tertiary,2300.0,2700.0,any,any,,,0.02,+intensity,35,0,0.0,0,22,0,13,,0.371,0.0,1.0,0.8,0.11,5.77,,,1.33,0.18,9.9,True,
SMITH-SALT19-NH-STR,salt,group,tertiary amine salt,ammonium_tertiary,2300.0,2700.0,any,any,,,0.02,+shape,35,0,0.0,0,22,0,13,,0.371,0.0,1.0,0.8,0.11,5.77,,,1.33,0.18,9.9,True,
SMITH-SALT19-NH-STR,salt,group,tertiary amine salt,ammonium_tertiary,2300.0,2700.0,any,any,,,0.05,position,35,0,0.0,0,14,0,21,,0.6,0.0,1.0,1.24,0.17,9.17,,,0.84,0.12,6.05,True,
SMITH-SALT19-NH-STR,salt,group,tertiary amine salt,ammonium_tertiary,2300.0,2700.0,any,any,,,0.05,+intensity,35,0,0.0,0,14,0,21,,0.6,0.0,1.0,1.24,0.17,9.17,,,0.84,0.12,6.05,True,
SMITH-SALT19-NH-STR,salt,group,tertiary amine salt,ammonium_tertiary,2300.0,2700.0,any,any,,,0.05,+shape,35,0,0.0,0,14,0,21,,0.6,0.0,1.0,1.24,0.17,9.17,,,0.84,0.12,6.05,True,
SMITH-SALT19-NH-STR,salt,group,tertiary amine salt,ammonium_tertiary,2300.0,2700.0,any,any,,,0.1,position,35,0,0.0,0,8,0,27,,0.771,0.0,1.0,2.12,0.27,16.39,,,0.65,0.09,4.69,True,
SMITH-SALT19-NH-STR,salt,group,tertiary amine salt,ammonium_tertiary,2300.0,2700.0,any,any,,,0.1,+intensity,35,0,0.0,0,8,0,27,,0.771,0.0,1.0,2.12,0.27,16.39,,,0.65,0.09,4.69,True,
SMITH-SALT19-NH-STR,salt,group,tertiary amine salt,ammonium_tertiary,2300.0,2700.0,any,any,,,0.1,+shape,35,0,0.0,0,8,0,27,,0.771,0.0,1.0,2.12,0.27,16.39,,,0.65,0.09,4.69,True,
