rule_id,stratum,tier,group,truth_group,wn_min,wn_max,rule_intensity,rule_shape,requires,forbids,prominence,definition,n,n_pos,prevalence,TP,FP,FN,TN,sensitivity,specificity,PPV,NPV,LR_pos,LR_pos_lo,LR_pos_hi,LR_pos_boot_lo,LR_pos_boot_hi,LR_neg,LR_neg_lo,LR_neg_hi,underpowered,fp_enriched_groups
SMITH-BR4-CH3-ASYM,main,group,methyl,methyl,2952.0,2972.0,any,any,,,0.01,position,5124,3136,0.612,1066,288,2070,1700,0.34,0.855,0.787,0.451,2.35,2.09,2.64,,,0.77,0.75,0.8,False,
SMITH-BR4-CH3-ASYM,main,group,methyl,methyl,2952.0,2972.0,any,any,,,0.01,+intensity,5124,3136,0.612,1066,288,2070,1700,0.34,0.855,0.787,0.451,2.35,2.09,2.64,,,0.77,0.75,0.8,False,
SMITH-BR4-CH3-ASYM,main,group,methyl,methyl,2952.0,2972.0,any,any,,,0.01,+shape,5124,3136,0.612,1066,288,2070,1700,0.34,0.855,0.787,0.451,2.35,2.09,2.64,,,0.77,0.75,0.8,False,
SMITH-BR4-CH3-ASYM,main,group,methyl,methyl,2952.0,2972.0,any,any,,,0.02,position,5124,3136,0.612,1006,255,2130,1733,0.321,0.872,0.798,0.449,2.5,2.21,2.84,,,0.78,0.76,0.8,False,
SMITH-BR4-CH3-ASYM,main,group,methyl,methyl,2952.0,2972.0,any,any,,,0.02,+intensity,5124,3136,0.612,1006,255,2130,1733,0.321,0.872,0.798,0.449,2.5,2.21,2.84,,,0.78,0.76,0.8,False,
SMITH-BR4-CH3-ASYM,main,group,methyl,methyl,2952.0,2972.0,any,any,,,0.02,+shape,5124,3136,0.612,1006,255,2130,1733,0.321,0.872,0.798,0.449,2.5,2.21,2.84,1.99,2.84,0.78,0.76,0.8,False,ketone_saturated OR=3.6 (n=5); alcohol_tertiary OR=3.3 (n=5); methylene OR=3.1 (n=174)
SMITH-BR4-CH3-ASYM,main,group,methyl,methyl,2952.0,2972.0,any,any,,,0.05,position,5124,3136,0.612,904,197,2232,1791,0.288,0.901,0.821,0.445,2.91,2.52,3.36,,,0.79,0.77,0.81,False,
SMITH-BR4-CH3-ASYM,main,group,methyl,methyl,2952.0,2972.0,any,any,,,0.05,+intensity,5124,3136,0.612,904,197,2232,1791,0.288,0.901,0.821,0.445,2.91,2.52,3.36,,,0.79,0.77,0.81,False,
SMITH-BR4-CH3-ASYM,main,group,methyl,methyl,2952.0,2972.0,any,any,,,0.05,+shape,5124,3136,0.612,904,197,2232,1791,0.288,0.901,0.821,0.445,2.91,2.52,3.36,,,0.79,0.77,0.81,False,
SMITH-BR4-CH3-ASYM,main,group,methyl,methyl,2952.0,2972.0,any,any,,,0.1,position,5124,3136,0.612,793,152,2343,1836,0.253,0.924,0.839,0.439,3.31,2.81,3.9,,,0.81,0.79,0.83,False,
SMITH-BR4-CH3-ASYM,main,group,methyl,methyl,2952.0,2972.0,any,any,,,0.1,+intensity,5124,3136,0.612,793,152,2343,1836,0.253,0.924,0.839,0.439,3.31,2.81,3.9,,,0.81,0.79,0.83,False,
SMITH-BR4-CH3-ASYM,main,group,methyl,methyl,2952.0,2972.0,any,any,,,0.1,+shape,5124,3136,0.612,793,152,2343,1836,0.253,0.924,0.839,0.439,3.31,2.81,3.9,,,0.81,0.79,0.83,False,
SMITH-BR4-CH3-SYM,main,group,methyl,methyl,2862.0,2882.0,any,any,,,0.01,position,5124,3136,0.612,807,309,2329,1679,0.257,0.845,0.723,0.419,1.66,1.47,1.86,,,0.88,0.86,0.9,False,
SMITH-BR4-CH3-SYM,main,group,methyl,methyl,2862.0,2882.0,any,any,,,0.01,+intensity,5124,3136,0.612,807,309,2329,1679,0.257,0.845,0.723,0.419,1.66,1.47,1.86,,,0.88,0.86,0.9,False,
SMITH-BR4-CH3-SYM,main,group,methyl,methyl,2862.0,2882.0,any,any,,,0.01,+shape,5124,3136,0.612,807,309,2329,1679,0.257,0.845,0.723,0.419,1.66,1.47,1.86,,,0.88,0.86,0.9,False,
SMITH-BR4-CH3-SYM,main,group,methyl,methyl,2862.0,2882.0,any,any,,,0.02,position,5124,3136,0.612,710,260,2426,1728,0.226,0.869,0.732,0.416,1.73,1.52,1.97,,,0.89,0.87,0.91,False,
SMITH-BR4-CH3-SYM,main,group,methyl,methyl,2862.0,2882.0,any,any,,,0.02,+intensity,5124,3136,0.612,710,260,2426,1728,0.226,0.869,0.732,0.416,1.73,1.52,1.97,,,0.89,0.87,0.91,False,
SMITH-BR4-CH3-SYM,main,group,methyl,methyl,2862.0,2882.0,any,any,,,0.02,+shape,5124,3136,0.612,710,260,2426,1728,0.226,0.869,0.732,0.416,1.73,1.52,1.97,1.4,1.95,0.89,0.87,0.91,False,methylene_chain_4 OR=4.0 (n=49); ether_saturated OR=3.2 (n=25); alcohol_primary OR=2.9 (n=30)
SMITH-BR4-CH3-SYM,main,group,methyl,methyl,2862.0,2882.0,any,any,,,0.05,position,5124,3136,0.612,480,181,2656,1807,0.153,0.909,0.726,0.405,1.68,1.43,1.98,,,0.93,0.91,0.95,False,
SMITH-BR4-CH3-SYM,main,group,methyl,methyl,2862.0,2882.0,any,any,,,0.05,+intensity,5124,3136,0.612,480,181,2656,1807,0.153,0.909,0.726,0.405,1.68,1.43,1.98,,,0.93,0.91,0.95,False,
SMITH-BR4-CH3-SYM,main,group,methyl,methyl,2862.0,2882.0,any,any,,,0.05,+shape,5124,3136,0.612,480,181,2656,1807,0.153,0.909,0.726,0.405,1.68,1.43,1.98,,,0.93,0.91,0.95,False,
SMITH-BR4-CH3-SYM,main,group,methyl,methyl,2862.0,2882.0,any,any,,,0.1,position,5124,3136,0.612,303,105,2833,1883,0.097,0.947,0.743,0.399,1.83,1.48,2.27,,,0.95,0.94,0.97,False,
SMITH-BR4-CH3-SYM,main,group,methyl,methyl,2862.0,2882.0,any,any,,,0.1,+intensity,5124,3136,0.612,303,105,2833,1883,0.097,0.947,0.743,0.399,1.83,1.48,2.27,,,0.95,0.94,0.97,False,
SMITH-BR4-CH3-SYM,main,group,methyl,methyl,2862.0,2882.0,any,any,,,0.1,+shape,5124,3136,0.612,303,105,2833,1883,0.097,0.947,0.743,0.399,1.83,1.48,2.27,,,0.95,0.94,0.97,False,
SMITH-BR4-CH2-ASYM,main,group,methylene,methylene,2916.0,2936.0,any,any,,,0.01,position,5124,3017,0.589,1045,426,1972,1681,0.346,0.798,0.71,0.46,1.71,1.55,1.89,,,0.82,0.79,0.85,False,
SMITH-BR4-CH2-ASYM,main,group,methylene,methylene,2916.0,2936.0,any,any,,,0.01,+intensity,5124,3017,0.589,1045,426,1972,1681,0.346,0.798,0.71,0.46,1.71,1.55,1.89,,,0.82,0.79,0.85,False,
SMITH-BR4-CH2-ASYM,main,group,methylene,methylene,2916.0,2936.0,any,any,,,0.01,+shape,5124,3017,0.589,1045,426,1972,1681,0.346,0.798,0.71,0.46,1.71,1.55,1.89,,,0.82,0.79,0.85,False,
SMITH-BR4-CH2-ASYM,main,group,methylene,methylene,2916.0,2936.0,any,any,,,0.02,position,5124,3017,0.589,956,364,2061,1743,0.317,0.827,0.724,0.458,1.83,1.65,2.04,,,0.83,0.8,0.85,False,
SMITH-BR4-CH2-ASYM,main,group,methylene,methylene,2916.0,2936.0,any,any,,,0.02,+intensity,5124,3017,0.589,956,364,2061,1743,0.317,0.827,0.724,0.458,1.83,1.65,2.04,,,0.83,0.8,0.85,False,
SMITH-BR4-CH2-ASYM,main,group,methylene,methylene,2916.0,2936.0,any,any,,,0.02,+shape,5124,3017,0.589,956,364,2061,1743,0.317,0.827,0.724,0.458,1.83,1.65,2.04,1.58,2.11,0.83,0.8,0.85,False,alkyne_internal OR=4.8 (n=3); alkyne OR=2.6 (n=3); ketone_saturated OR=2.6 (n=3)
SMITH-BR4-CH2-ASYM,main,group,methylene,methylene,2916.0,2936.0,any,any,,,0.05,position,5124,3017,0.589,799,295,2218,1812,0.265,0.86,0.73,0.45,1.89,1.68,2.14,,,0.85,0.83,0.88,False,
SMITH-BR4-CH2-ASYM,main,group,methylene,methylene,2916.0,2936.0,any,any,,,0.05,+intensity,5124,3017,0.589,799,295,2218,1812,0.265,0.86,0.73,0.45,1.89,1.68,2.14,,,0.85,0.83,0.88,False,
SMITH-BR4-CH2-ASYM,main,group,methylene,methylene,2916.0,2936.0,any,any,,,0.05,+shape,5124,3017,0.589,799,295,2218,1812,0.265,0.86,0.73,0.45,1.89,1.68,2.14,,,0.85,0.83,0.88,False,
SMITH-BR4-CH2-ASYM,main,group,methylene,methylene,2916.0,2936.0,any,any,,,0.1,position,5124,3017,0.589,667,236,2350,1871,0.221,0.888,0.739,0.443,1.97,1.72,2.27,,,0.88,0.86,0.9,False,
SMITH-BR4-CH2-ASYM,main,group,methylene,methylene,2916.0,2936.0,any,any,,,0.1,+intensity,5124,3017,0.589,667,236,2350,1871,0.221,0.888,0.739,0.443,1.97,1.72,2.27,,,0.88,0.86,0.9,False,
SMITH-BR4-CH2-ASYM,main,group,methylene,methylene,2916.0,2936.0,any,any,,,0.1,+shape,5124,3017,0.589,667,236,2350,1871,0.221,0.888,0.739,0.443,1.97,1.72,2.27,,,0.88,0.86,0.9,False,
SMITH-BR4-CH2-SYM,main,group,methylene,methylene,2845.0,2865.0,any,any,,,0.01,position,5124,3017,0.589,693,275,2324,1832,0.23,0.869,0.716,0.441,1.76,1.55,2.0,,,0.89,0.86,0.91,False,
SMITH-BR4-CH2-SYM,main,group,methylene,methylene,2845.0,2865.0,any,any,,,0.01,+intensity,5124,3017,0.589,693,275,2324,1832,0.23,0.869,0.716,0.441,1.76,1.55,2.0,,,0.89,0.86,0.91,False,
SMITH-BR4-CH2-SYM,main,group,methylene,methylene,2845.0,2865.0,any,any,,,0.01,+shape,5124,3017,0.589,693,275,2324,1832,0.23,0.869,0.716,0.441,1.76,1.55,2.0,,,0.89,0.86,0.91,False,
SMITH-BR4-CH2-SYM,main,group,methylene,methylene,2845.0,2865.0,any,any,,,0.02,position,5124,3017,0.589,620,217,2397,1890,0.206,0.897,0.741,0.441,2.0,1.73,2.3,,,0.89,0.87,0.91,False,
SMITH-BR4-CH2-SYM,main,group,methylene,methylene,2845.0,2865.0,any,any,,,0.02,+intensity,5124,3017,0.589,620,217,2397,1890,0.206,0.897,0.741,0.441,2.0,1.73,2.3,,,0.89,0.87,0.91,False,
SMITH-BR4-CH2-SYM,main,group,methylene,methylene,2845.0,2865.0,any,any,,,0.02,+shape,5124,3017,0.589,620,217,2397,1890,0.206,0.897,0.741,0.441,2.0,1.73,2.3,1.56,2.58,0.89,0.87,0.91,False,aldehyde_aromatic OR=3.4 (n=10); ether_mixed OR=3.4 (n=30); ether OR=3.3 (n=44)
SMITH-BR4-CH2-SYM,main,group,methylene,methylene,2845.0,2865.0,any,any,,,0.05,position,5124,3017,0.589,482,123,2535,1984,0.16,0.942,0.797,0.439,2.74,2.26,3.31,,,0.89,0.88,0.91,False,
SMITH-BR4-CH2-SYM,main,group,methylene,methylene,2845.0,2865.0,any,any,,,0.05,+intensity,5124,3017,0.589,482,123,2535,1984,0.16,0.942,0.797,0.439,2.74,2.26,3.31,,,0.89,0.88,0.91,False,
SMITH-BR4-CH2-SYM,main,group,methylene,methylene,2845.0,2865.0,any,any,,,0.05,+shape,5124,3017,0.589,482,123,2535,1984,0.16,0.942,0.797,0.439,2.74,2.26,3.31,,,0.89,0.88,0.91,False,
SMITH-BR4-CH2-SYM,main,group,methylene,methylene,2845.0,2865.0,any,any,,,0.1,position,5124,3017,0.589,343,52,2674,2055,0.114,0.975,0.868,0.435,4.61,3.46,6.13,,,0.91,0.9,0.92,False,
SMITH-BR4-CH2-SYM,main,group,methylene,methylene,2845.0,2865.0,any,any,,,0.1,+intensity,5124,3017,0.589,343,52,2674,2055,0.114,0.975,0.868,0.435,4.61,3.46,6.13,,,0.91,0.9,0.92,False,
SMITH-BR4-CH2-SYM,main,group,methylene,methylene,2845.0,2865.0,any,any,,,0.1,+shape,5124,3017,0.589,343,52,2674,2055,0.114,0.975,0.868,0.435,4.61,3.46,6.13,,,0.91,0.9,0.92,False,
SMITH-BR4-CH3-UMBRELLA,main,group,methyl,methyl,1365.0,1385.0,any,any,,,0.01,position,5124,3136,0.612,2110,842,1026,1146,0.673,0.576,0.715,0.528,1.59,1.5,1.68,,,0.57,0.53,0.6,False,
SMITH-BR4-CH3-UMBRELLA,main,group,methyl,methyl,1365.0,1385.0,any,any,,,0.01,+intensity,5124,3136,0.612,2110,842,1026,1146,0.673,0.576,0.715,0.528,1.59,1.5,1.68,,,0.57,0.53,0.6,False,
SMITH-BR4-CH3-UMBRELLA,main,group,methyl,methyl,1365.0,1385.0,any,any,,,0.01,+shape,5124,3136,0.612,2110,842,1026,1146,0.673,0.576,0.715,0.528,1.59,1.5,1.68,,,0.57,0.53,0.6,False,
SMITH-BR4-CH3-UMBRELLA,main,group,methyl,methyl,1365.0,1385.0,any,any,,,0.02,position,5124,3136,0.612,1987,764,1149,1224,0.634,0.616,0.722,0.516,1.65,1.55,1.75,,,0.6,0.56,0.63,False,
SMITH-BR4-CH3-UMBRELLA,main,group,methyl,methyl,1365.0,1385.0,any,any,,,0.02,+intensity,5124,3136,0.612,1987,764,1149,1224,0.634,0.616,0.722,0.516,1.65,1.55,1.75,,,0.6,0.56,0.63,False,
SMITH-BR4-CH3-UMBRELLA,main,group,methyl,methyl,1365.0,1385.0,any,any,,,0.02,+shape,5124,3136,0.612,1987,764,1149,1224,0.634,0.616,0.722,0.516,1.65,1.55,1.75,1.46,1.81,0.6,0.56,0.63,False,carbonate_organic OR=2.2 (n=3); ether_aryl OR=2.0 (n=16); amide_secondary OR=2.0 (n=70)
SMITH-BR4-CH3-UMBRELLA,main,group,methyl,methyl,1365.0,1385.0,any,any,,,0.05,position,5124,3136,0.612,1717,627,1419,1361,0.548,0.685,0.733,0.49,1.74,1.62,1.87,,,0.66,0.63,0.69,False,
SMITH-BR4-CH3-UMBRELLA,main,group,methyl,methyl,1365.0,1385.0,any,any,,,0.05,+intensity,5124,3136,0.612,1717,627,1419,1361,0.548,0.685,0.733,0.49,1.74,1.62,1.87,,,0.66,0.63,0.69,False,
SMITH-BR4-CH3-UMBRELLA,main,group,methyl,methyl,1365.0,1385.0,any,any,,,0.05,+shape,5124,3136,0.612,1717,627,1419,1361,0.548,0.685,0.733,0.49,1.74,1.62,1.87,,,0.66,0.63,0.69,False,
SMITH-BR4-CH3-UMBRELLA,main,group,methyl,methyl,1365.0,1385.0,any,any,,,0.1,position,5124,3136,0.612,1328,471,1808,1517,0.423,0.763,0.738,0.456,1.79,1.64,1.95,,,0.76,0.73,0.79,False,
SMITH-BR4-CH3-UMBRELLA,main,group,methyl,methyl,1365.0,1385.0,any,any,,,0.1,+intensity,5124,3136,0.612,1328,471,1808,1517,0.423,0.763,0.738,0.456,1.79,1.64,1.95,,,0.76,0.73,0.79,False,
SMITH-BR4-CH3-UMBRELLA,main,group,methyl,methyl,1365.0,1385.0,any,any,,,0.1,+shape,5124,3136,0.612,1328,471,1808,1517,0.423,0.763,0.738,0.456,1.79,1.64,1.95,,,0.76,0.73,0.79,False,
SMITH-BR4-CH2-ROCK,main,group,methylene,methylene_chain_4,710.0,730.0,any,any,,,0.01,position,5124,632,0.123,414,1781,218,2711,0.655,0.604,0.189,0.926,1.65,1.54,1.77,,,0.57,0.51,0.64,False,
SMITH-BR4-CH2-ROCK,main,group,methylene,methylene_chain_4,710.0,730.0,any,any,,,0.01,+intensity,5124,632,0.123,414,1781,218,2711,0.655,0.604,0.189,0.926,1.65,1.54,1.77,,,0.57,0.51,0.64,False,
SMITH-BR4-CH2-ROCK,main,group,methylene,methylene_chain_4,710.0,730.0,any,any,,,0.01,+shape,5124,632,0.123,414,1781,218,2711,0.655,0.604,0.189,0.926,1.65,1.54,1.77,,,0.57,0.51,0.64,False,
SMITH-BR4-CH2-ROCK,main,group,methylene,methylene_chain_4,710.0,730.0,any,any,,,0.02,position,5124,632,0.123,374,1528,258,2964,0.592,0.66,0.197,0.92,1.74,1.61,1.88,,,0.62,0.56,0.68,False,
SMITH-BR4-CH2-ROCK,main,group,methylene,methylene_chain_4,710.0,730.0,any,any,,,0.02,+intensity,5124,632,0.123,374,1528,258,2964,0.592,0.66,0.197,0.92,1.74,1.61,1.88,,,0.62,0.56,0.68,False,
SMITH-BR4-CH2-ROCK,main,group,methylene,methylene_chain_4,710.0,730.0,any,any,,,0.02,+shape,5124,632,0.123,374,1528,258,2964,0.592,0.66,0.197,0.92,1.74,1.61,1.88,0.92,2.27,0.62,0.56,0.68,False,ketone_aromatic OR=2.4 (n=113); aromatics OR=2.3 (n=1227); nitrile_aromatic OR=2.1 (n=17)
SMITH-BR4-CH2-ROCK,main,group,methylene,methylene_chain_4,710.0,730.0,any,any,,,0.05,position,5124,632,0.123,286,1186,346,3306,0.453,0.736,0.194,0.905,1.71,1.55,1.89,,,0.74,0.69,0.8,False,
SMITH-BR4-CH2-ROCK,main,group,methylene,methylene_chain_4,710.0,730.0,any,any,,,0.05,+intensity,5124,632,0.123,286,1186,346,3306,0.453,0.736,0.194,0.905,1.71,1.55,1.89,,,0.74,0.69,0.8,False,
SMITH-BR4-CH2-ROCK,main,group,methylene,methylene_chain_4,710.0,730.0,any,any,,,0.05,+shape,5124,632,0.123,286,1186,346,3306,0.453,0.736,0.194,0.905,1.71,1.55,1.89,,,0.74,0.69,0.8,False,
SMITH-BR4-CH2-ROCK,main,group,methylene,methylene_chain_4,710.0,730.0,any,any,,,0.1,position,5124,632,0.123,170,869,462,3623,0.269,0.807,0.164,0.887,1.39,1.21,1.6,,,0.91,0.86,0.95,False,
SMITH-BR4-CH2-ROCK,main,group,methylene,methylene_chain_4,710.0,730.0,any,any,,,0.1,+intensity,5124,632,0.123,170,869,462,3623,0.269,0.807,0.164,0.887,1.39,1.21,1.6,,,0.91,0.86,0.95,False,
SMITH-BR4-CH2-ROCK,main,group,methylene,methylene_chain_4,710.0,730.0,any,any,,,0.1,+shape,5124,632,0.123,170,869,462,3623,0.269,0.807,0.164,0.887,1.39,1.21,1.6,,,0.91,0.86,0.95,False,
SMITH-BR4-BZ-MONO-OOP,main,group,monosubstituted benzene,aromatic_mono,710.0,770.0,any,any,,,0.01,position,5124,928,0.181,871,3401,57,795,0.939,0.189,0.204,0.933,1.16,1.13,1.18,,,0.32,0.25,0.42,False,
SMITH-BR4-BZ-MONO-OOP,main,group,monosubstituted benzene,aromatic_mono,710.0,770.0,any,any,,,0.01,+intensity,5124,928,0.181,871,3401,57,795,0.939,0.189,0.204,0.933,1.16,1.13,1.18,,,0.32,0.25,0.42,False,
SMITH-BR4-BZ-MONO-OOP,main,group,monosubstituted benzene,aromatic_mono,710.0,770.0,any,any,,,0.01,+shape,5124,928,0.181,871,3401,57,795,0.939,0.189,0.204,0.933,1.16,1.13,1.18,,,0.32,0.25,0.42,False,
SMITH-BR4-BZ-MONO-OOP,main,group,monosubstituted benzene,aromatic_mono,710.0,770.0,any,any,,,0.02,position,5124,928,0.181,867,3158,61,1038,0.934,0.247,0.215,0.944,1.24,1.21,1.27,,,0.27,0.21,0.34,False,
SMITH-BR4-BZ-MONO-OOP,main,group,monosubstituted benzene,aromatic_mono,710.0,770.0,any,any,,,0.02,+intensity,5124,928,0.181,867,3158,61,1038,0.934,0.247,0.215,0.944,1.24,1.21,1.27,,,0.27,0.21,0.34,False,
SMITH-BR4-BZ-MONO-OOP,main,group,monosubstituted benzene,aromatic_mono,710.0,770.0,any,any,,,0.02,+shape,5124,928,0.181,867,3158,61,1038,0.934,0.247,0.215,0.944,1.24,1.21,1.27,1.15,1.34,0.27,0.21,0.34,False,aromatic_ortho OR=21.9 (n=217); nitro OR=7.1 (n=340); carboxylic_acid_aromatic OR=5.0 (n=81)
SMITH-BR4-BZ-MONO-OOP,main,group,monosubstituted benzene,aromatic_mono,710.0,770.0,any,any,,,0.05,position,5124,928,0.181,849,2667,79,1529,0.915,0.364,0.241,0.951,1.44,1.4,1.48,,,0.23,0.19,0.29,False,
SMITH-BR4-BZ-MONO-OOP,main,group,monosubstituted benzene,aromatic_mono,710.0,770.0,any,any,,,0.05,+intensity,5124,928,0.181,849,2667,79,1529,0.915,0.364,0.241,0.951,1.44,1.4,1.48,,,0.23,0.19,0.29,False,
SMITH-BR4-BZ-MONO-OOP,main,group,monosubstituted benzene,aromatic_mono,710.0,770.0,any,any,,,0.05,+shape,5124,928,0.181,849,2667,79,1529,0.915,0.364,0.241,0.951,1.44,1.4,1.48,,,0.23,0.19,0.29,False,
SMITH-BR4-BZ-MONO-OOP,main,group,monosubstituted benzene,aromatic_mono,710.0,770.0,any,any,,,0.1,position,5124,928,0.181,813,2136,115,2060,0.876,0.491,0.276,0.947,1.72,1.66,1.79,,,0.25,0.21,0.3,False,
SMITH-BR4-BZ-MONO-OOP,main,group,monosubstituted benzene,aromatic_mono,710.0,770.0,any,any,,,0.1,+intensity,5124,928,0.181,813,2136,115,2060,0.876,0.491,0.276,0.947,1.72,1.66,1.79,,,0.25,0.21,0.3,False,
SMITH-BR4-BZ-MONO-OOP,main,group,monosubstituted benzene,aromatic_mono,710.0,770.0,any,any,,,0.1,+shape,5124,928,0.181,813,2136,115,2060,0.876,0.491,0.276,0.947,1.72,1.66,1.79,,,0.25,0.21,0.3,False,
SMITH-BR4-BZ-MONO-690,main,group,monosubstituted benzene,aromatic_mono,680.0,700.0,any,any,,,0.01,position,5109,924,0.181,830,1367,94,2818,0.898,0.673,0.378,0.968,2.75,2.62,2.89,,,0.15,0.12,0.18,False,
SMITH-BR4-BZ-MONO-690,main,group,monosubstituted benzene,aromatic_mono,680.0,700.0,any,any,,,0.01,+intensity,5109,924,0.181,830,1367,94,2818,0.898,0.673,0.378,0.968,2.75,2.62,2.89,,,0.15,0.12,0.18,False,
SMITH-BR4-BZ-MONO-690,main,group,monosubstituted benzene,aromatic_mono,680.0,700.0,any,any,,,0.01,+shape,5109,924,0.181,830,1367,94,2818,0.898,0.673,0.378,0.968,2.75,2.62,2.89,,,0.15,0.12,0.18,False,
SMITH-BR4-BZ-MONO-690,main,group,monosubstituted benzene,aromatic_mono,680.0,700.0,any,any,,,0.02,position,5109,924,0.181,826,1194,98,2991,0.894,0.715,0.409,0.968,3.13,2.97,3.3,,,0.15,0.12,0.18,False,
SMITH-BR4-BZ-MONO-690,main,group,monosubstituted benzene,aromatic_mono,680.0,700.0,any,any,,,0.02,+intensity,5109,924,0.181,826,1194,98,2991,0.894,0.715,0.409,0.968,3.13,2.97,3.3,,,0.15,0.12,0.18,False,
SMITH-BR4-BZ-MONO-690,main,group,monosubstituted benzene,aromatic_mono,680.0,700.0,any,any,,,0.02,+shape,5109,924,0.181,826,1194,98,2991,0.894,0.715,0.409,0.968,3.13,2.97,3.3,2.58,3.9,0.15,0.12,0.18,False,aromatic_meta OR=4.5 (n=79); ester_aromatic OR=2.6 (n=62); carboxylic_acid_aromatic OR=2.4 (n=41)
SMITH-BR4-BZ-MONO-690,main,group,monosubstituted benzene,aromatic_mono,680.0,700.0,any,any,,,0.05,position,5109,924,0.181,795,894,129,3291,0.86,0.786,0.471,0.962,4.03,3.78,4.29,,,0.18,0.15,0.21,False,
SMITH-BR4-BZ-MONO-690,main,group,monosubstituted benzene,aromatic_mono,680.0,700.0,any,any,,,0.05,+intensity,5109,924,0.181,795,894,129,3291,0.86,0.786,0.471,0.962,4.03,3.78,4.29,,,0.18,0.15,0.21,False,
SMITH-BR4-BZ-MONO-690,main,group,monosubstituted benzene,aromatic_mono,680.0,700.0,any,any,,,0.05,+shape,5109,924,0.181,795,894,129,3291,0.86,0.786,0.471,0.962,4.03,3.78,4.29,,,0.18,0.15,0.21,False,
SMITH-BR4-BZ-MONO-690,main,group,monosubstituted benzene,aromatic_mono,680.0,700.0,any,any,,,0.1,position,5109,924,0.181,754,610,170,3575,0.816,0.854,0.553,0.955,5.6,5.17,6.06,,,0.22,0.19,0.25,False,
SMITH-BR4-BZ-MONO-690,main,group,monosubstituted benzene,aromatic_mono,680.0,700.0,any,any,,,0.1,+intensity,5109,924,0.181,754,610,170,3575,0.816,0.854,0.553,0.955,5.6,5.17,6.06,,,0.22,0.19,0.25,False,
SMITH-BR4-BZ-MONO-690,main,group,monosubstituted benzene,aromatic_mono,680.0,700.0,any,any,,,0.1,+shape,5109,924,0.181,754,610,170,3575,0.816,0.854,0.553,0.955,5.6,5.17,6.06,,,0.22,0.19,0.25,False,
SMITH-BR4-BZ-ORTHO-OOP,main,group,ortho-disubstituted benzene,aromatic_ortho,735.0,770.0,any,any,,680-700,0.01,position,5109,258,0.05,119,1521,139,3330,0.461,0.686,0.073,0.96,1.47,1.28,1.69,,,0.78,0.7,0.88,False,
SMITH-BR4-BZ-ORTHO-OOP,main,group,ortho-disubstituted benzene,aromatic_ortho,735.0,770.0,any,any,,680-700,0.01,+intensity,5109,258,0.05,119,1521,139,3330,0.461,0.686,0.073,0.96,1.47,1.28,1.69,,,0.78,0.7,0.88,False,
SMITH-BR4-BZ-ORTHO-OOP,main,group,ortho-disubstituted benzene,aromatic_ortho,735.0,770.0,any,any,,680-700,0.01,+shape,5109,258,0.05,119,1521,139,3330,0.461,0.686,0.073,0.96,1.47,1.28,1.69,,,0.78,0.7,0.88,False,
SMITH-BR4-BZ-ORTHO-OOP,main,group,ortho-disubstituted benzene,aromatic_ortho,735.0,770.0,any,any,,680-700,0.02,position,5109,258,0.05,130,1467,128,3384,0.504,0.698,0.081,0.964,1.67,1.47,1.89,,,0.71,0.63,0.81,False,
SMITH-BR4-BZ-ORTHO-OOP,main,group,ortho-disubstituted benzene,aromatic_ortho,735.0,770.0,any,any,,680-700,0.02,+intensity,5109,258,0.05,130,1467,128,3384,0.504,0.698,0.081,0.964,1.67,1.47,1.89,,,0.71,0.63,0.81,False,
SMITH-BR4-BZ-ORTHO-OOP,main,group,ortho-disubstituted benzene,aromatic_ortho,735.0,770.0,any,any,,680-700,0.02,+shape,5109,258,0.05,130,1467,128,3384,0.504,0.698,0.081,0.964,1.67,1.47,1.89,1.04,1.93,0.71,0.63,0.81,False,ammonium_primary OR=5.4 (n=3); aldehyde_aromatic OR=2.3 (n=19); nitro OR=1.9 (n=156)
SMITH-BR4-BZ-ORTHO-OOP,main,group,ortho-disubstituted benzene,aromatic_ortho,735.0,770.0,any,any,,680-700,0.05,position,5109,258,0.05,153,1350,105,3501,0.593,0.722,0.102,0.971,2.13,1.91,2.38,,,0.56,0.49,0.65,False,
SMITH-BR4-BZ-ORTHO-OOP,main,group,ortho-disubstituted benzene,aromatic_ortho,735.0,770.0,any,any,,680-700,0.05,+intensity,5109,258,0.05,153,1350,105,3501,0.593,0.722,0.102,0.971,2.13,1.91,2.38,,,0.56,0.49,0.65,False,
SMITH-BR4-BZ-ORTHO-OOP,main,group,ortho-disubstituted benzene,aromatic_ortho,735.0,770.0,any,any,,680-700,0.05,+shape,5109,258,0.05,153,1350,105,3501,0.593,0.722,0.102,0.971,2.13,1.91,2.38,,,0.56,0.49,0.65,False,
SMITH-BR4-BZ-ORTHO-OOP,main,group,ortho-disubstituted benzene,aromatic_ortho,735.0,770.0,any,any,,680-700,0.1,position,5109,258,0.05,171,1170,87,3681,0.663,0.759,0.128,0.977,2.75,2.49,3.04,,,0.44,0.37,0.53,False,
SMITH-BR4-BZ-ORTHO-OOP,main,group,ortho-disubstituted benzene,aromatic_ortho,735.0,770.0,any,any,,680-700,0.1,+intensity,5109,258,0.05,171,1170,87,3681,0.663,0.759,0.128,0.977,2.75,2.49,3.04,,,0.44,0.37,0.53,False,
SMITH-BR4-BZ-ORTHO-OOP,main,group,ortho-disubstituted benzene,aromatic_ortho,735.0,770.0,any,any,,680-700,0.1,+shape,5109,258,0.05,171,1170,87,3681,0.663,0.759,0.128,0.977,2.75,2.49,3.04,,,0.44,0.37,0.53,False,
SMITH-BR4-BZ-META-OOP,main,group,meta-disubstituted benzene,aromatic_meta,750.0,810.0,any,any,,,0.01,position,5124,141,0.028,136,3989,5,994,0.965,0.199,0.033,0.995,1.2,1.16,1.25,,,0.18,0.08,0.42,False,
SMITH-BR4-BZ-META-OOP,main,group,meta-disubstituted benzene,aromatic_meta,750.0,810.0,any,any,,,0.01,+intensity,5124,141,0.028,136,3989,5,994,0.965,0.199,0.033,0.995,1.2,1.16,1.25,,,0.18,0.08,0.42,False,
SMITH-BR4-BZ-META-OOP,main,group,meta-disubstituted benzene,aromatic_meta,750.0,810.0,any,any,,,0.01,+shape,5124,141,0.028,136,3989,5,994,0.965,0.199,0.033,0.995,1.2,1.16,1.25,,,0.18,0.08,0.42,False,
SMITH-BR4-BZ-META-OOP,main,group,meta-disubstituted benzene,aromatic_meta,750.0,810.0,any,any,,,0.02,position,5124,141,0.028,136,3721,5,1262,0.965,0.253,0.035,0.996,1.29,1.25,1.34,,,0.14,0.06,0.33,False,
SMITH-BR4-BZ-META-OOP,main,group,meta-disubstituted benzene,aromatic_meta,750.0,810.0,any,any,,,0.02,+intensity,5124,141,0.028,136,3721,5,1262,0.965,0.253,0.035,0.996,1.29,1.25,1.34,,,0.14,0.06,0.33,False,
SMITH-BR4-BZ-META-OOP,main,group,meta-disubstituted benzene,aromatic_meta,750.0,810.0,any,any,,,0.02,+shape,5124,141,0.028,136,3721,5,1262,0.965,0.253,0.035,0.996,1.29,1.25,1.34,1.18,1.46,0.14,0.06,0.33,False,carboxylic_acid_aromatic OR=19.1 (n=82); ketone_aromatic OR=4.8 (n=196); carbonate_organic OR=4.7 (n=20)
SMITH-BR4-BZ-META-OOP,main,group,meta-disubstituted benzene,aromatic_meta,750.0,810.0,any,any,,,0.05,position,5124,141,0.028,134,3234,7,1749,0.95,0.351,0.04,0.996,1.46,1.4,1.53,,,0.14,0.07,0.29,False,
SMITH-BR4-BZ-META-OOP,main,group,meta-disubstituted benzene,aromatic_meta,750.0,810.0,any,any,,,0.05,+intensity,5124,141,0.028,134,3234,7,1749,0.95,0.351,0.04,0.996,1.46,1.4,1.53,,,0.14,0.07,0.29,False,
SMITH-BR4-BZ-META-OOP,main,group,meta-disubstituted benzene,aromatic_meta,750.0,810.0,any,any,,,0.05,+shape,5124,141,0.028,134,3234,7,1749,0.95,0.351,0.04,0.996,1.46,1.4,1.53,,,0.14,0.07,0.29,False,
SMITH-BR4-BZ-META-OOP,main,group,meta-disubstituted benzene,aromatic_meta,750.0,810.0,any,any,,,0.1,position,5124,141,0.028,133,2682,8,2301,0.943,0.462,0.047,0.997,1.75,1.67,1.84,,,0.12,0.06,0.24,False,
SMITH-BR4-BZ-META-OOP,main,group,meta-disubstituted benzene,aromatic_meta,750.0,810.0,any,any,,,0.1,+intensity,5124,141,0.028,133,2682,8,2301,0.943,0.462,0.047,0.997,1.75,1.67,1.84,,,0.12,0.06,0.24,False,
SMITH-BR4-BZ-META-OOP,main,group,meta-disubstituted benzene,aromatic_meta,750.0,810.0,any,any,,,0.1,+shape,5124,141,0.028,133,2682,8,2301,0.943,0.462,0.047,0.997,1.75,1.67,1.84,,,0.12,0.06,0.24,False,
SMITH-BR4-BZ-META-690,main,group,meta-disubstituted benzene,aromatic_meta,680.0,700.0,any,any,,,0.01,position,5109,141,0.028,99,2098,42,2870,0.702,0.578,0.045,0.986,1.66,1.49,1.86,,,0.52,0.4,0.67,False,
SMITH-BR4-BZ-META-690,main,group,meta-disubstituted benzene,aromatic_meta,680.0,700.0,any,any,,,0.01,+intensity,5109,141,0.028,99,2098,42,2870,0.702,0.578,0.045,0.986,1.66,1.49,1.86,,,0.52,0.4,0.67,False,
SMITH-BR4-BZ-META-690,main,group,meta-disubstituted benzene,aromatic_meta,680.0,700.0,any,any,,,0.01,+shape,5109,141,0.028,99,2098,42,2870,0.702,0.578,0.045,0.986,1.66,1.49,1.86,,,0.52,0.4,0.67,False,
SMITH-BR4-BZ-META-690,main,group,meta-disubstituted benzene,aromatic_meta,680.0,700.0,any,any,,,0.02,position,5109,141,0.028,94,1926,47,3042,0.667,0.612,0.047,0.985,1.72,1.52,1.94,,,0.54,0.43,0.69,False,
SMITH-BR4-BZ-META-690,main,group,meta-disubstituted benzene,aromatic_meta,680.0,700.0,any,any,,,0.02,+intensity,5109,141,0.028,94,1926,47,3042,0.667,0.612,0.047,0.985,1.72,1.52,1.94,,,0.54,0.43,0.69,False,
SMITH-BR4-BZ-META-690,main,group,meta-disubstituted benzene,aromatic_meta,680.0,700.0,any,any,,,0.02,+shape,5109,141,0.028,94,1926,47,3042,0.667,0.612,0.047,0.985,1.72,1.52,1.94,1.36,2.76,0.54,0.43,0.69,False,aromatic_mono OR=22.0 (n=811); aromatics OR=3.9 (n=1583); ether_aryl OR=3.0 (n=51)
SMITH-BR4-BZ-META-690,main,group,meta-disubstituted benzene,aromatic_meta,680.0,700.0,any,any,,,0.05,position,5109,141,0.028,84,1605,57,3363,0.596,0.677,0.05,0.983,1.84,1.6,2.12,,,0.6,0.49,0.73,False,
SMITH-BR4-BZ-META-690,main,group,meta-disubstituted benzene,aromatic_meta,680.0,700.0,any,any,,,0.05,+intensity,5109,141,0.028,84,1605,57,3363,0.596,0.677,0.05,0.983,1.84,1.6,2.12,,,0.6,0.49,0.73,False,
SMITH-BR4-BZ-META-690,main,group,meta-disubstituted benzene,aromatic_meta,680.0,700.0,any,any,,,0.05,+shape,5109,141,0.028,84,1605,57,3363,0.596,0.677,0.05,0.983,1.84,1.6,2.12,,,0.6,0.49,0.73,False,
SMITH-BR4-BZ-META-690,main,group,meta-disubstituted benzene,aromatic_meta,680.0,700.0,any,any,,,0.1,position,5109,141,0.028,77,1287,64,3681,0.546,0.741,0.056,0.983,2.11,1.8,2.47,,,0.61,0.51,0.73,False,
SMITH-BR4-BZ-META-690,main,group,meta-disubstituted benzene,aromatic_meta,680.0,700.0,any,any,,,0.1,+intensity,5109,141,0.028,77,1287,64,3681,0.546,0.741,0.056,0.983,2.11,1.8,2.47,,,0.61,0.51,0.73,False,
SMITH-BR4-BZ-META-690,main,group,meta-disubstituted benzene,aromatic_meta,680.0,700.0,any,any,,,0.1,+shape,5109,141,0.028,77,1287,64,3681,0.546,0.741,0.056,0.983,2.11,1.8,2.47,,,0.61,0.51,0.73,False,
SMITH-BR4-BZ-PARA-OOP,main,group,para-disubstituted benzene,aromatic_para,790.0,860.0,any,any,,680-700,0.01,position,5109,645,0.126,304,2141,341,2323,0.471,0.52,0.124,0.872,0.98,0.9,1.07,,,1.02,0.94,1.1,False,
SMITH-BR4-BZ-PARA-OOP,main,group,para-disubstituted benzene,aromatic_para,790.0,860.0,any,any,,680-700,0.01,+intensity,5109,645,0.126,304,2141,341,2323,0.471,0.52,0.124,0.872,0.98,0.9,1.07,,,1.02,0.94,1.1,False,
SMITH-BR4-BZ-PARA-OOP,main,group,para-disubstituted benzene,aromatic_para,790.0,860.0,any,any,,680-700,0.01,+shape,5109,645,0.126,304,2141,341,2323,0.471,0.52,0.124,0.872,0.98,0.9,1.07,,,1.02,0.94,1.1,False,
SMITH-BR4-BZ-PARA-OOP,main,group,para-disubstituted benzene,aromatic_para,790.0,860.0,any,any,,680-700,0.02,position,5109,645,0.126,336,2100,309,2364,0.521,0.53,0.138,0.884,1.11,1.02,1.2,,,0.9,0.83,0.98,False,
SMITH-BR4-BZ-PARA-OOP,main,group,para-disubstituted benzene,aromatic_para,790.0,860.0,any,any,,680-700,0.02,+intensity,5109,645,0.126,336,2100,309,2364,0.521,0.53,0.138,0.884,1.11,1.02,1.2,,,0.9,0.83,0.98,False,
SMITH-BR4-BZ-PARA-OOP,main,group,para-disubstituted benzene,aromatic_para,790.0,860.0,any,any,,680-700,0.02,+shape,5109,645,0.126,336,2100,309,2364,0.521,0.53,0.138,0.884,1.11,1.02,1.2,0.74,1.36,0.9,0.83,0.98,False,carbonate_organic OR=3.2 (n=15); aldehyde_aromatic OR=2.6 (n=28); amine_primary_saturated OR=2.1 (n=66)
SMITH-BR4-BZ-PARA-OOP,main,group,para-disubstituted benzene,aromatic_para,790.0,860.0,any,any,,680-700,0.05,position,5109,645,0.126,377,1971,268,2493,0.584,0.558,0.161,0.903,1.32,1.23,1.42,,,0.74,0.68,0.82,False,
SMITH-BR4-BZ-PARA-OOP,main,group,para-disubstituted benzene,aromatic_para,790.0,860.0,any,any,,680-700,0.05,+intensity,5109,645,0.126,377,1971,268,2493,0.584,0.558,0.161,0.903,1.32,1.23,1.42,,,0.74,0.68,0.82,False,
SMITH-BR4-BZ-PARA-OOP,main,group,para-disubstituted benzene,aromatic_para,790.0,860.0,any,any,,680-700,0.05,+shape,5109,645,0.126,377,1971,268,2493,0.584,0.558,0.161,0.903,1.32,1.23,1.42,,,0.74,0.68,0.82,False,
SMITH-BR4-BZ-PARA-OOP,main,group,para-disubstituted benzene,aromatic_para,790.0,860.0,any,any,,680-700,0.1,position,5109,645,0.126,419,1729,226,2735,0.65,0.613,0.195,0.924,1.68,1.57,1.79,,,0.57,0.51,0.64,False,
SMITH-BR4-BZ-PARA-OOP,main,group,para-disubstituted benzene,aromatic_para,790.0,860.0,any,any,,680-700,0.1,+intensity,5109,645,0.126,419,1729,226,2735,0.65,0.613,0.195,0.924,1.68,1.57,1.79,,,0.57,0.51,0.64,False,
SMITH-BR4-BZ-PARA-OOP,main,group,para-disubstituted benzene,aromatic_para,790.0,860.0,any,any,,680-700,0.1,+shape,5109,645,0.126,419,1729,226,2735,0.65,0.613,0.195,0.924,1.68,1.57,1.79,,,0.57,0.51,0.64,False,
SMITH-BZ16-ARCH-STR,main,class,aromatic ring,aromatics,3000.0,3100.0,any,any,,,0.01,position,5124,3387,0.661,1852,441,1535,1296,0.547,0.746,0.808,0.458,2.15,1.98,2.35,,,0.61,0.58,0.64,False,
SMITH-BZ16-ARCH-STR,main,class,aromatic ring,aromatics,3000.0,3100.0,any,any,,,0.01,+intensity,5124,3387,0.661,1852,441,1535,1296,0.547,0.746,0.808,0.458,2.15,1.98,2.35,,,0.61,0.58,0.64,False,
SMITH-BZ16-ARCH-STR,main,class,aromatic ring,aromatics,3000.0,3100.0,any,any,,,0.01,+shape,5124,3387,0.661,1852,441,1535,1296,0.547,0.746,0.808,0.458,2.15,1.98,2.35,,,0.61,0.58,0.64,False,
SMITH-BZ16-ARCH-STR,main,class,aromatic ring,aromatics,3000.0,3100.0,any,any,,,0.02,position,5124,3387,0.661,1528,370,1859,1367,0.451,0.787,0.805,0.424,2.12,1.92,2.34,,,0.7,0.67,0.73,False,
SMITH-BZ16-ARCH-STR,main,class,aromatic ring,aromatics,3000.0,3100.0,any,any,,,0.02,+intensity,5124,3387,0.661,1528,370,1859,1367,0.451,0.787,0.805,0.424,2.12,1.92,2.34,,,0.7,0.67,0.73,False,
SMITH-BZ16-ARCH-STR,main,class,aromatic ring,aromatics,3000.0,3100.0,any,any,,,0.02,+shape,5124,3387,0.661,1528,370,1859,1367,0.451,0.787,0.805,0.424,2.12,1.92,2.34,1.7,2.4,0.7,0.67,0.73,False,alkene_vinyl OR=19.0 (n=47); amide_secondary OR=4.9 (n=60); alkene OR=3.6 (n=159)
SMITH-BZ16-ARCH-STR,main,class,aromatic ring,aromatics,3000.0,3100.0,any,any,,,0.05,position,5124,3387,0.661,977,261,2410,1476,0.288,0.85,0.789,0.38,1.92,1.7,2.17,,,0.84,0.81,0.86,False,
SMITH-BZ16-ARCH-STR,main,class,aromatic ring,aromatics,3000.0,3100.0,any,any,,,0.05,+intensity,5124,3387,0.661,977,261,2410,1476,0.288,0.85,0.789,0.38,1.92,1.7,2.17,,,0.84,0.81,0.86,False,
SMITH-BZ16-ARCH-STR,main,class,aromatic ring,aromatics,3000.0,3100.0,any,any,,,0.05,+shape,5124,3387,0.661,977,261,2410,1476,0.288,0.85,0.789,0.38,1.92,1.7,2.17,,,0.84,0.81,0.86,False,
SMITH-BZ16-ARCH-STR,main,class,aromatic ring,aromatics,3000.0,3100.0,any,any,,,0.1,position,5124,3387,0.661,551,176,2836,1561,0.163,0.899,0.758,0.355,1.61,1.37,1.88,,,0.93,0.91,0.95,False,
SMITH-BZ16-ARCH-STR,main,class,aromatic ring,aromatics,3000.0,3100.0,any,any,,,0.1,+intensity,5124,3387,0.661,551,176,2836,1561,0.163,0.899,0.758,0.355,1.61,1.37,1.88,,,0.93,0.91,0.95,False,
SMITH-BZ16-ARCH-STR,main,class,aromatic ring,aromatics,3000.0,3100.0,any,any,,,0.1,+shape,5124,3387,0.661,551,176,2836,1561,0.163,0.899,0.758,0.355,1.61,1.37,1.88,,,0.93,0.91,0.95,False,
SMITH-BZ16-RING,main,class,aromatic ring,aromatics,1400.0,1620.0,any,any,,,0.01,position,5124,3387,0.661,3384,1714,3,23,0.999,0.013,0.664,0.885,1.01,1.01,1.02,,,0.07,0.02,0.22,False,
SMITH-BZ16-RING,main,class,aromatic ring,aromatics,1400.0,1620.0,any,any,,,0.01,+intensity,5124,3387,0.661,3384,1714,3,23,0.999,0.013,0.664,0.885,1.01,1.01,1.02,,,0.07,0.02,0.22,False,
SMITH-BZ16-RING,main,class,aromatic ring,aromatics,1400.0,1620.0,any,any,,,0.01,+shape,5124,3387,0.661,3384,1714,3,23,0.999,0.013,0.664,0.885,1.01,1.01,1.02,,,0.07,0.02,0.22,False,
SMITH-BZ16-RING,main,class,aromatic ring,aromatics,1400.0,1620.0,any,any,,,0.02,position,5124,3387,0.661,3383,1702,4,35,0.999,0.02,0.665,0.897,1.02,1.01,1.03,,,0.06,0.02,0.16,False,
SMITH-BZ16-RING,main,class,aromatic ring,aromatics,1400.0,1620.0,any,any,,,0.02,+intensity,5124,3387,0.661,3383,1702,4,35,0.999,0.02,0.665,0.897,1.02,1.01,1.03,,,0.06,0.02,0.16,False,
SMITH-BZ16-RING,main,class,aromatic ring,aromatics,1400.0,1620.0,any,any,,,0.02,+shape,5124,3387,0.661,3383,1702,4,35,0.999,0.02,0.665,0.897,1.02,1.01,1.03,1.01,1.02,0.06,0.02,0.16,False,methylene OR=15.1 (n=1437); methyl OR=7.4 (n=1237); ether OR=7.3 (n=158)
SMITH-BZ16-RING,main,class,aromatic ring,aromatics,1400.0,1620.0,any,any,,,0.05,position,5124,3387,0.661,3372,1681,15,56,0.996,0.032,0.667,0.789,1.03,1.02,1.04,,,0.14,0.08,0.24,False,
SMITH-BZ16-RING,main,class,aromatic ring,aromatics,1400.0,1620.0,any,any,,,0.05,+intensity,5124,3387,0.661,3372,1681,15,56,0.996,0.032,0.667,0.789,1.03,1.02,1.04,,,0.14,0.08,0.24,False,
SMITH-BZ16-RING,main,class,aromatic ring,aromatics,1400.0,1620.0,any,any,,,0.05,+shape,5124,3387,0.661,3372,1681,15,56,0.996,0.032,0.667,0.789,1.03,1.02,1.04,,,0.14,0.08,0.24,False,
SMITH-BZ16-RING,main,class,aromatic ring,aromatics,1400.0,1620.0,any,any,,,0.1,position,5124,3387,0.661,3332,1553,55,184,0.984,0.106,0.682,0.77,1.1,1.08,1.12,,,0.15,0.11,0.21,False,
SMITH-BZ16-RING,main,class,aromatic ring,aromatics,1400.0,1620.0,any,any,,,0.1,+intensity,5124,3387,0.661,3332,1553,55,184,0.984,0.106,0.682,0.77,1.1,1.08,1.12,,,0.15,0.11,0.21,False,
SMITH-BZ16-RING,main,class,aromatic ring,aromatics,1400.0,1620.0,any,any,,,0.1,+shape,5124,3387,0.661,3332,1553,55,184,0.984,0.106,0.682,0.77,1.1,1.08,1.12,,,0.15,0.11,0.21,False,
SMITH-BZ16-OOP,main,class,aromatic ring,aromatics,700.0,1000.0,any,any,,,0.01,position,5124,3387,0.661,3387,1735,0,2,1.0,0.001,0.661,1.0,1.0,1.0,1.0,,,0.1,0.0,2.14,False,
SMITH-BZ16-OOP,main,class,aromatic ring,aromatics,700.0,1000.0,any,any,,,0.01,+intensity,5124,3387,0.661,3387,1735,0,2,1.0,0.001,0.661,1.0,1.0,1.0,1.0,,,0.1,0.0,2.14,False,
SMITH-BZ16-OOP,main,class,aromatic ring,aromatics,700.0,1000.0,any,any,,,0.01,+shape,5124,3387,0.661,3387,1735,0,2,1.0,0.001,0.661,1.0,1.0,1.0,1.0,,,0.1,0.0,2.14,False,
SMITH-BZ16-OOP,main,class,aromatic ring,aromatics,700.0,1000.0,any,any,,,0.02,position,5124,3387,0.661,3385,1725,2,12,0.999,0.007,0.662,0.857,1.01,1.0,1.01,,,0.09,0.02,0.38,False,
SMITH-BZ16-OOP,main,class,aromatic ring,aromatics,700.0,1000.0,any,any,,,0.02,+intensity,5124,3387,0.661,3385,1725,2,12,0.999,0.007,0.662,0.857,1.01,1.0,1.01,,,0.09,0.02,0.38,False,
SMITH-BZ16-OOP,main,class,aromatic ring,aromatics,700.0,1000.0,any,any,,,0.02,+shape,5124,3387,0.661,3385,1725,2,12,0.999,0.007,0.662,0.857,1.01,1.0,1.01,1.0,1.01,0.09,0.02,0.38,False,alkene OR=7.5 (n=396); ketones OR=3.3 (n=202); alkane OR=3.1 (n=1604)
SMITH-BZ16-OOP,main,class,aromatic ring,aromatics,700.0,1000.0,any,any,,,0.05,position,5124,3387,0.661,3379,1645,8,92,0.998,0.053,0.673,0.92,1.05,1.04,1.07,,,0.04,0.02,0.09,False,
SMITH-BZ16-OOP,main,class,aromatic ring,aromatics,700.0,1000.0,any,any,,,0.05,+intensity,5124,3387,0.661,3379,1645,8,92,0.998,0.053,0.673,0.92,1.05,1.04,1.07,,,0.04,0.02,0.09,False,
SMITH-BZ16-OOP,main,class,aromatic ring,aromatics,700.0,1000.0,any,any,,,0.05,+shape,5124,3387,0.661,3379,1645,8,92,0.998,0.053,0.673,0.92,1.05,1.04,1.07,,,0.04,0.02,0.09,False,
SMITH-BZ16-OOP,main,class,aromatic ring,aromatics,700.0,1000.0,any,any,,,0.1,position,5124,3387,0.661,3356,1445,31,292,0.991,0.168,0.699,0.904,1.19,1.17,1.22,,,0.05,0.04,0.08,False,
SMITH-BZ16-OOP,main,class,aromatic ring,aromatics,700.0,1000.0,any,any,,,0.1,+intensity,5124,3387,0.661,3356,1445,31,292,0.991,0.168,0.699,0.904,1.19,1.17,1.22,,,0.05,0.04,0.08,False,
SMITH-BZ16-OOP,main,class,aromatic ring,aromatics,700.0,1000.0,any,any,,,0.1,+shape,5124,3387,0.661,3356,1445,31,292,0.991,0.168,0.699,0.904,1.19,1.17,1.22,,,0.05,0.04,0.08,False,
SMITH-BR5-ROH-OH-STR,main,group,alcohol,alcohols,3300.0,3400.0,any,any,,,0.01,position,5124,1194,0.233,416,1089,778,2841,0.348,0.723,0.276,0.785,1.26,1.15,1.38,,,0.9,0.86,0.94,False,
SMITH-BR5-ROH-OH-STR,main,group,alcohol,alcohols,3300.0,3400.0,any,any,,,0.01,+intensity,5124,1194,0.233,416,1089,778,2841,0.348,0.723,0.276,0.785,1.26,1.15,1.38,,,0.9,0.86,0.94,False,
SMITH-BR5-ROH-OH-STR,main,group,alcohol,alcohols,3300.0,3400.0,any,any,,,0.01,+shape,5124,1194,0.233,416,1089,778,2841,0.348,0.723,0.276,0.785,1.26,1.15,1.38,,,0.9,0.86,0.94,False,
SMITH-BR5-ROH-OH-STR,main,group,alcohol,alcohols,3300.0,3400.0,any,any,,,0.02,position,5124,1194,0.233,410,927,784,3003,0.343,0.764,0.307,0.793,1.46,1.32,1.6,,,0.86,0.82,0.9,False,
SMITH-BR5-ROH-OH-STR,main,group,alcohol,alcohols,3300.0,3400.0,any,any,,,0.02,+intensity,5124,1194,0.233,410,927,784,3003,0.343,0.764,0.307,0.793,1.46,1.32,1.6,,,0.86,0.82,0.9,False,
SMITH-BR5-ROH-OH-STR,main,group,alcohol,alcohols,3300.0,3400.0,any,any,,,0.02,+shape,5124,1194,0.233,410,927,784,3003,0.343,0.764,0.307,0.793,1.46,1.32,1.6,1.2,1.82,0.86,0.82,0.9,False,n_h_any OR=15.5 (n=697); amide_primary OR=14.0 (n=70); amine_primary OR=11.7 (n=283)
SMITH-BR5-ROH-OH-STR,main,group,alcohol,alcohols,3300.0,3400.0,any,any,,,0.05,position,5124,1194,0.233,384,804,810,3126,0.322,0.795,0.323,0.794,1.57,1.42,1.74,,,0.85,0.82,0.89,False,
SMITH-BR5-ROH-OH-STR,main,group,alcohol,alcohols,3300.0,3400.0,any,any,,,0.05,+intensity,5124,1194,0.233,384,804,810,3126,0.322,0.795,0.323,0.794,1.57,1.42,1.74,,,0.85,0.82,0.89,False,
SMITH-BR5-ROH-OH-STR,main,group,alcohol,alcohols,3300.0,3400.0,any,any,,,0.05,+shape,5124,1194,0.233,384,804,810,3126,0.322,0.795,0.323,0.794,1.57,1.42,1.74,,,0.85,0.82,0.89,False,
SMITH-BR5-ROH-OH-STR,main,group,alcohol,alcohols,3300.0,3400.0,any,any,,,0.1,position,5124,1194,0.233,351,666,843,3264,0.294,0.831,0.345,0.795,1.73,1.55,1.94,,,0.85,0.82,0.88,False,
SMITH-BR5-ROH-OH-STR,main,group,alcohol,alcohols,3300.0,3400.0,any,any,,,0.1,+intensity,5124,1194,0.233,351,666,843,3264,0.294,0.831,0.345,0.795,1.73,1.55,1.94,,,0.85,0.82,0.88,False,
SMITH-BR5-ROH-OH-STR,main,group,alcohol,alcohols,3300.0,3400.0,any,any,,,0.1,+shape,5124,1194,0.233,351,666,843,3264,0.294,0.831,0.345,0.795,1.73,1.55,1.94,,,0.85,0.82,0.88,False,
SMITH-BR5-ROH-OH-WAG,main,group,alcohol,alcohols,600.0,700.0,any,any,,,0.01,position,1664,391,0.235,262,810,129,463,0.67,0.364,0.244,0.782,1.05,0.97,1.14,,,0.91,0.77,1.06,False,
SMITH-BR5-ROH-OH-WAG,main,group,alcohol,alcohols,600.0,700.0,any,any,,,0.01,+intensity,1664,391,0.235,262,810,129,463,0.67,0.364,0.244,0.782,1.05,0.97,1.14,,,0.91,0.77,1.06,False,
SMITH-BR5-ROH-OH-WAG,main,group,alcohol,alcohols,600.0,700.0,any,any,,,0.01,+shape,1664,391,0.235,262,810,129,463,0.67,0.364,0.244,0.782,1.05,0.97,1.14,,,0.91,0.77,1.06,False,
SMITH-BR5-ROH-OH-WAG,main,group,alcohol,alcohols,600.0,700.0,any,any,,,0.02,position,1664,391,0.235,231,734,160,539,0.591,0.423,0.239,0.771,1.02,0.93,1.13,,,0.97,0.84,1.11,False,
SMITH-BR5-ROH-OH-WAG,main,group,alcohol,alcohols,600.0,700.0,any,any,,,0.02,+intensity,1664,391,0.235,231,734,160,539,0.591,0.423,0.239,0.771,1.02,0.93,1.13,,,0.97,0.84,1.11,False,
SMITH-BR5-ROH-OH-WAG,main,group,alcohol,alcohols,600.0,700.0,any,any,,,0.02,+shape,1664,391,0.235,231,734,160,539,0.591,0.423,0.239,0.771,1.02,0.93,1.13,0.95,1.13,0.97,0.84,1.11,False,aromatic_meta OR=17.7 (n=34); aromatic_mono OR=11.2 (n=200); aromatics OR=4.7 (n=545)
SMITH-BR5-ROH-OH-WAG,main,group,alcohol,alcohols,600.0,700.0,any,any,,,0.05,position,1664,391,0.235,180,597,211,676,0.46,0.531,0.232,0.762,0.98,0.87,1.11,,,1.02,0.91,1.13,False,
SMITH-BR5-ROH-OH-WAG,main,group,alcohol,alcohols,600.0,700.0,any,any,,,0.05,+intensity,1664,391,0.235,180,597,211,676,0.46,0.531,0.232,0.762,0.98,0.87,1.11,,,1.02,0.91,1.13,False,
SMITH-BR5-ROH-OH-WAG,main,group,alcohol,alcohols,600.0,700.0,any,any,,,0.05,+shape,1664,391,0.235,180,597,211,676,0.46,0.531,0.232,0.762,0.98,0.87,1.11,,,1.02,0.91,1.13,False,
SMITH-BR5-ROH-OH-WAG,main,group,alcohol,alcohols,600.0,700.0,any,any,,,0.1,position,1664,391,0.235,119,472,272,801,0.304,0.629,0.201,0.747,0.82,0.7,0.97,,,1.11,1.02,1.2,False,
SMITH-BR5-ROH-OH-WAG,main,group,alcohol,alcohols,600.0,700.0,any,any,,,0.1,+intensity,1664,391,0.235,119,472,272,801,0.304,0.629,0.201,0.747,0.82,0.7,0.97,,,1.11,1.02,1.2,False,
SMITH-BR5-ROH-OH-WAG,main,group,alcohol,alcohols,600.0,700.0,any,any,,,0.1,+shape,1664,391,0.235,119,472,272,801,0.304,0.629,0.201,0.747,0.82,0.7,0.97,,,1.11,1.02,1.2,False,
SMITH-BR5-ROH-PRIM-CO,main,group,primary alcohol,alcohol_primary,1000.0,1075.0,any,any,,,0.01,position,5124,232,0.045,229,4373,3,519,0.987,0.106,0.05,0.994,1.1,1.08,1.12,,,0.12,0.04,0.38,False,
SMITH-BR5-ROH-PRIM-CO,main,group,primary alcohol,alcohol_primary,1000.0,1075.0,any,any,,,0.01,+intensity,5124,232,0.045,229,4373,3,519,0.987,0.106,0.05,0.994,1.1,1.08,1.12,,,0.12,0.04,0.38,False,
SMITH-BR5-ROH-PRIM-CO,main,group,primary alcohol,alcohol_primary,1000.0,1075.0,any,any,,,0.01,+shape,5124,232,0.045,229,4373,3,519,0.987,0.106,0.05,0.994,1.1,1.08,1.12,,,0.12,0.04,0.38,False,
SMITH-BR5-ROH-PRIM-CO,main,group,primary alcohol,alcohol_primary,1000.0,1075.0,any,any,,,0.02,position,5124,232,0.045,226,4181,6,711,0.974,0.145,0.051,0.992,1.14,1.11,1.17,,,0.18,0.08,0.39,False,
SMITH-BR5-ROH-PRIM-CO,main,group,primary alcohol,alcohol_primary,1000.0,1075.0,any,any,,,0.02,+intensity,5124,232,0.045,226,4181,6,711,0.974,0.145,0.051,0.992,1.14,1.11,1.17,,,0.18,0.08,0.39,False,
SMITH-BR5-ROH-PRIM-CO,main,group,primary alcohol,alcohol_primary,1000.0,1075.0,any,any,,,0.02,+shape,5124,232,0.045,226,4181,6,711,0.974,0.145,0.051,0.992,1.14,1.11,1.17,1.09,1.21,0.18,0.08,0.39,False,aromatic_ortho OR=5.2 (n=245); alkene_trisubstituted OR=5.1 (n=132); ether_mixed OR=4.7 (n=323)
SMITH-BR5-ROH-PRIM-CO,main,group,primary alcohol,alcohol_primary,1000.0,1075.0,any,any,,,0.05,position,5124,232,0.045,218,3604,14,1288,0.94,0.263,0.057,0.989,1.28,1.23,1.32,,,0.23,0.14,0.38,False,
SMITH-BR5-ROH-PRIM-CO,main,group,primary alcohol,alcohol_primary,1000.0,1075.0,any,any,,,0.05,+intensity,5124,232,0.045,218,3604,14,1288,0.94,0.263,0.057,0.989,1.28,1.23,1.32,,,0.23,0.14,0.38,False,
SMITH-BR5-ROH-PRIM-CO,main,group,primary alcohol,alcohol_primary,1000.0,1075.0,any,any,,,0.05,+shape,5124,232,0.045,218,3604,14,1288,0.94,0.263,0.057,0.989,1.28,1.23,1.32,,,0.23,0.14,0.38,False,
SMITH-BR5-ROH-PRIM-CO,main,group,primary alcohol,alcohol_primary,1000.0,1075.0,any,any,,,0.1,position,5124,232,0.045,201,2860,31,2032,0.866,0.415,0.066,0.985,1.48,1.4,1.57,,,0.32,0.23,0.45,False,
SMITH-BR5-ROH-PRIM-CO,main,group,primary alcohol,alcohol_primary,1000.0,1075.0,any,any,,,0.1,+intensity,5124,232,0.045,201,2860,31,2032,0.866,0.415,0.066,0.985,1.48,1.4,1.57,,,0.32,0.23,0.45,False,
SMITH-BR5-ROH-PRIM-CO,main,group,primary alcohol,alcohol_primary,1000.0,1075.0,any,any,,,0.1,+shape,5124,232,0.045,201,2860,31,2032,0.866,0.415,0.066,0.985,1.48,1.4,1.57,,,0.32,0.23,0.45,False,
SMITH-BR5-ROH-SEC-CO,main,group,secondary alcohol,alcohol_secondary,1075.0,1150.0,any,any,,,0.01,position,5124,259,0.051,255,4318,4,547,0.985,0.112,0.056,0.993,1.11,1.09,1.13,,,0.14,0.05,0.36,False,
SMITH-BR5-ROH-SEC-CO,main,group,secondary alcohol,alcohol_secondary,1075.0,1150.0,any,any,,,0.01,+intensity,5124,259,0.051,255,4318,4,547,0.985,0.112,0.056,0.993,1.11,1.09,1.13,,,0.14,0.05,0.36,False,
SMITH-BR5-ROH-SEC-CO,main,group,secondary alcohol,alcohol_secondary,1075.0,1150.0,any,any,,,0.01,+shape,5124,259,0.051,255,4318,4,547,0.985,0.112,0.056,0.993,1.11,1.09,1.13,,,0.14,0.05,0.36,False,
SMITH-BR5-ROH-SEC-CO,main,group,secondary alcohol,alcohol_secondary,1075.0,1150.0,any,any,,,0.02,position,5124,259,0.051,250,4125,9,740,0.965,0.152,0.057,0.988,1.14,1.11,1.17,,,0.23,0.12,0.44,False,
SMITH-BR5-ROH-SEC-CO,main,group,secondary alcohol,alcohol_secondary,1075.0,1150.0,any,any,,,0.02,+intensity,5124,259,0.051,250,4125,9,740,0.965,0.152,0.057,0.988,1.14,1.11,1.17,,,0.23,0.12,0.44,False,
SMITH-BR5-ROH-SEC-CO,main,group,secondary alcohol,alcohol_secondary,1075.0,1150.0,any,any,,,0.02,+shape,5124,259,0.051,250,4125,9,740,0.965,0.152,0.057,0.988,1.14,1.11,1.17,1.06,1.21,0.23,0.12,0.44,False,ester_aromatic OR=12.4 (n=166); ether_saturated OR=6.6 (n=193); aromatic_para OR=5.1 (n=613)
SMITH-BR5-ROH-SEC-CO,main,group,secondary alcohol,alcohol_secondary,1075.0,1150.0,any,any,,,0.05,position,5124,259,0.051,224,3590,35,1275,0.865,0.262,0.059,0.973,1.17,1.11,1.23,,,0.52,0.38,0.7,False,
SMITH-BR5-ROH-SEC-CO,main,group,secondary alcohol,alcohol_secondary,1075.0,1150.0,any,any,,,0.05,+intensity,5124,259,0.051,224,3590,35,1275,0.865,0.262,0.059,0.973,1.17,1.11,1.23,,,0.52,0.38,0.7,False,
SMITH-BR5-ROH-SEC-CO,main,group,secondary alcohol,alcohol_secondary,1075.0,1150.0,any,any,,,0.05,+shape,5124,259,0.051,224,3590,35,1275,0.865,0.262,0.059,0.973,1.17,1.11,1.23,,,0.52,0.38,0.7,False,
SMITH-BR5-ROH-SEC-CO,main,group,secondary alcohol,alcohol_secondary,1075.0,1150.0,any,any,,,0.1,position,5124,259,0.051,198,2889,61,1976,0.764,0.406,0.064,0.97,1.29,1.2,1.38,,,0.58,0.46,0.72,False,
SMITH-BR5-ROH-SEC-CO,main,group,secondary alcohol,alcohol_secondary,1075.0,1150.0,any,any,,,0.1,+intensity,5124,259,0.051,198,2889,61,1976,0.764,0.406,0.064,0.97,1.29,1.2,1.38,,,0.58,0.46,0.72,False,
SMITH-BR5-ROH-SEC-CO,main,group,secondary alcohol,alcohol_secondary,1075.0,1150.0,any,any,,,0.1,+shape,5124,259,0.051,198,2889,61,1976,0.764,0.406,0.064,0.97,1.29,1.2,1.38,,,0.58,0.46,0.72,False,
SMITH-BR5-ROH-TERT-CO,main,group,tertiary alcohol,alcohol_tertiary,1100.0,1210.0,any,any,,,0.01,position,5124,94,0.018,94,4818,0,212,1.0,0.042,0.019,1.0,1.04,1.02,1.06,,,0.12,0.01,1.98,False,
SMITH-BR5-ROH-TERT-CO,main,group,tertiary alcohol,alcohol_tertiary,1100.0,1210.0,any,any,,,0.01,+intensity,5124,94,0.018,94,4818,0,212,1.0,0.042,0.019,1.0,1.04,1.02,1.06,,,0.12,0.01,1.98,False,
SMITH-BR5-ROH-TERT-CO,main,group,tertiary alcohol,alcohol_tertiary,1100.0,1210.0,any,any,,,0.01,+shape,5124,94,0.018,94,4818,0,212,1.0,0.042,0.019,1.0,1.04,1.02,1.06,,,0.12,0.01,1.98,False,
SMITH-BR5-ROH-TERT-CO,main,group,tertiary alcohol,alcohol_tertiary,1100.0,1210.0,any,any,,,0.02,position,5124,94,0.018,94,4693,0,337,1.0,0.067,0.02,1.0,1.07,1.05,1.08,,,0.08,0.0,1.25,False,
SMITH-BR5-ROH-TERT-CO,main,group,tertiary alcohol,alcohol_tertiary,1100.0,1210.0,any,any,,,0.02,+intensity,5124,94,0.018,94,4693,0,337,1.0,0.067,0.02,1.0,1.07,1.05,1.08,,,0.08,0.0,1.25,False,
SMITH-BR5-ROH-TERT-CO,main,group,tertiary alcohol,alcohol_tertiary,1100.0,1210.0,any,any,,,0.02,+shape,5124,94,0.018,94,4693,0,337,1.0,0.067,0.02,1.0,1.07,1.05,1.08,1.03,1.11,0.08,0.0,1.25,False,ester_aromatic OR=25.3 (n=169); ether_mixed OR=17.7 (n=343); amine_secondary OR=14.1 (n=278)
SMITH-BR5-ROH-TERT-CO,main,group,tertiary alcohol,alcohol_tertiary,1100.0,1210.0,any,any,,,0.05,position,5124,94,0.018,92,4328,2,702,0.979,0.14,0.021,0.997,1.14,1.1,1.17,,,0.15,0.04,0.6,False,
SMITH-BR5-ROH-TERT-CO,main,group,tertiary alcohol,alcohol_tertiary,1100.0,1210.0,any,any,,,0.05,+intensity,5124,94,0.018,92,4328,2,702,0.979,0.14,0.021,0.997,1.14,1.1,1.17,,,0.15,0.04,0.6,False,
SMITH-BR5-ROH-TERT-CO,main,group,tertiary alcohol,alcohol_tertiary,1100.0,1210.0,any,any,,,0.05,+shape,5124,94,0.018,92,4328,2,702,0.979,0.14,0.021,0.997,1.14,1.1,1.17,,,0.15,0.04,0.6,False,
SMITH-BR5-ROH-TERT-CO,main,group,tertiary alcohol,alcohol_tertiary,1100.0,1210.0,any,any,,,0.1,position,5124,94,0.018,88,3834,6,1196,0.936,0.238,0.022,0.995,1.23,1.16,1.3,,,0.27,0.12,0.58,False,
SMITH-BR5-ROH-TERT-CO,main,group,tertiary alcohol,alcohol_tertiary,1100.0,1210.0,any,any,,,0.1,+intensity,5124,94,0.018,88,3834,6,1196,0.936,0.238,0.022,0.995,1.23,1.16,1.3,,,0.27,0.12,0.58,False,
SMITH-BR5-ROH-TERT-CO,main,group,tertiary alcohol,alcohol_tertiary,1100.0,1210.0,any,any,,,0.1,+shape,5124,94,0.018,88,3834,6,1196,0.936,0.238,0.022,0.995,1.23,1.16,1.3,,,0.27,0.12,0.58,False,
SMITH-BR5-PHENOL-CO,main,group,phenol,phenol,1200.0,1260.0,any,any,,,0.01,position,5124,422,0.082,406,3910,16,792,0.962,0.168,0.094,0.98,1.16,1.13,1.18,,,0.23,0.14,0.37,False,
SMITH-BR5-PHENOL-CO,main,group,phenol,phenol,1200.0,1260.0,any,any,,,0.01,+intensity,5124,422,0.082,406,3910,16,792,0.962,0.168,0.094,0.98,1.16,1.13,1.18,,,0.23,0.14,0.37,False,
SMITH-BR5-PHENOL-CO,main,group,phenol,phenol,1200.0,1260.0,any,any,,,0.01,+shape,5124,422,0.082,406,3910,16,792,0.962,0.168,0.094,0.98,1.16,1.13,1.18,,,0.23,0.14,0.37,False,
SMITH-BR5-PHENOL-CO,main,group,phenol,phenol,1200.0,1260.0,any,any,,,0.02,position,5124,422,0.082,401,3683,21,1019,0.95,0.217,0.098,0.98,1.21,1.18,1.25,,,0.23,0.15,0.35,False,
SMITH-BR5-PHENOL-CO,main,group,phenol,phenol,1200.0,1260.0,any,any,,,0.02,+intensity,5124,422,0.082,401,3683,21,1019,0.95,0.217,0.098,0.98,1.21,1.18,1.25,,,0.23,0.15,0.35,False,
SMITH-BR5-PHENOL-CO,main,group,phenol,phenol,1200.0,1260.0,any,any,,,0.02,+shape,5124,422,0.082,401,3683,21,1019,0.95,0.217,0.098,0.98,1.21,1.18,1.25,1.12,1.3,0.23,0.15,0.35,False,ether_aryl OR=6.7 (n=82); alkene_trisubstituted OR=3.6 (n=144); ether_mixed OR=3.5 (n=277)
SMITH-BR5-PHENOL-CO,main,group,phenol,phenol,1200.0,1260.0,any,any,,,0.05,position,5124,422,0.082,388,3228,34,1474,0.919,0.313,0.107,0.977,1.34,1.29,1.39,,,0.26,0.19,0.36,False,
SMITH-BR5-PHENOL-CO,main,group,phenol,phenol,1200.0,1260.0,any,any,,,0.05,+intensity,5124,422,0.082,388,3228,34,1474,0.919,0.313,0.107,0.977,1.34,1.29,1.39,,,0.26,0.19,0.36,False,
SMITH-BR5-PHENOL-CO,main,group,phenol,phenol,1200.0,1260.0,any,any,,,0.05,+shape,5124,422,0.082,388,3228,34,1474,0.919,0.313,0.107,0.977,1.34,1.29,1.39,,,0.26,0.19,0.36,False,
SMITH-BR5-PHENOL-CO,main,group,phenol,phenol,1200.0,1260.0,any,any,,,0.1,position,5124,422,0.082,357,2706,65,1996,0.846,0.425,0.117,0.968,1.47,1.4,1.54,,,0.36,0.29,0.45,False,
SMITH-BR5-PHENOL-CO,main,group,phenol,phenol,1200.0,1260.0,any,any,,,0.1,+intensity,5124,422,0.082,357,2706,65,1996,0.846,0.425,0.117,0.968,1.47,1.4,1.54,,,0.36,0.29,0.45,False,
SMITH-BR5-PHENOL-CO,main,group,phenol,phenol,1200.0,1260.0,any,any,,,0.1,+shape,5124,422,0.082,357,2706,65,1996,0.846,0.425,0.117,0.968,1.47,1.4,1.54,,,0.36,0.29,0.45,False,
SMITH-BR5-CO-GENERAL,main,class,C-O bond,c_o_single_any,1000.0,1300.0,strong,any,,,0.01,position,5124,1623,0.317,1623,3494,0,7,1.0,0.002,0.317,1.0,1.0,1.0,1.0,,,0.14,0.01,2.52,False,
SMITH-BR5-CO-GENERAL,main,class,C-O bond,c_o_single_any,1000.0,1300.0,strong,any,,,0.01,+intensity,5124,1623,0.317,1170,1607,453,1894,0.721,0.541,0.421,0.807,1.57,1.5,1.65,,,0.52,0.47,0.56,False,
SMITH-BR5-CO-GENERAL,main,class,C-O bond,c_o_single_any,1000.0,1300.0,strong,any,,,0.01,+shape,5124,1623,0.317,1170,1607,453,1894,0.721,0.541,0.421,0.807,1.57,1.5,1.65,,,0.52,0.47,0.56,False,
SMITH-BR5-CO-GENERAL,main,class,C-O bond,c_o_single_any,1000.0,1300.0,strong,any,,,0.02,position,5124,1623,0.317,1623,3480,0,21,1.0,0.006,0.318,1.0,1.01,1.0,1.01,,,0.05,0.0,0.83,False,
SMITH-BR5-CO-GENERAL,main,class,C-O bond,c_o_single_any,1000.0,1300.0,strong,any,,,0.02,+intensity,5124,1623,0.317,1170,1607,453,1894,0.721,0.541,0.421,0.807,1.57,1.5,1.65,,,0.52,0.47,0.56,False,
SMITH-BR5-CO-GENERAL,main,class,C-O bond,c_o_single_any,1000.0,1300.0,strong,any,,,0.02,+shape,5124,1623,0.317,1170,1607,453,1894,0.721,0.541,0.421,0.807,1.57,1.5,1.65,1.36,1.67,0.52,0.47,0.56,False,carbonate_organic OR=14.7 (n=18); ester_aromatic OR=6.7 (n=99); esters OR=4.5 (n=354)
SMITH-BR5-CO-GENERAL,main,class,C-O bond,c_o_single_any,1000.0,1300.0,strong,any,,,0.05,position,5124,1623,0.317,1619,3427,4,74,0.998,0.021,0.321,0.949,1.02,1.01,1.02,,,0.12,0.04,0.32,False,
SMITH-BR5-CO-GENERAL,main,class,C-O bond,c_o_single_any,1000.0,1300.0,strong,any,,,0.05,+intensity,5124,1623,0.317,1169,1607,454,1894,0.72,0.541,0.421,0.807,1.57,1.5,1.64,,,0.52,0.48,0.56,False,
SMITH-BR5-CO-GENERAL,main,class,C-O bond,c_o_single_any,1000.0,1300.0,strong,any,,,0.05,+shape,5124,1623,0.317,1169,1607,454,1894,0.72,0.541,0.421,0.807,1.57,1.5,1.64,,,0.52,0.48,0.56,False,
SMITH-BR5-CO-GENERAL,main,class,C-O bond,c_o_single_any,1000.0,1300.0,strong,any,,,0.1,position,5124,1623,0.317,1605,3295,18,206,0.989,0.059,0.328,0.92,1.05,1.04,1.06,,,0.19,0.12,0.3,False,
SMITH-BR5-CO-GENERAL,main,class,C-O bond,c_o_single_any,1000.0,1300.0,strong,any,,,0.1,+intensity,5124,1623,0.317,1166,1606,457,1895,0.718,0.541,0.421,0.806,1.57,1.49,1.64,,,0.52,0.48,0.57,False,
SMITH-BR5-CO-GENERAL,main,class,C-O bond,c_o_single_any,1000.0,1300.0,strong,any,,,0.1,+shape,5124,1623,0.317,1166,1606,457,1895,0.718,0.541,0.421,0.806,1.57,1.49,1.64,,,0.52,0.48,0.57,False,
SMITH-BR5-ETHER-SAT-CO,main,group,saturated ether,ether_saturated,1070.0,1140.0,any,any,,,0.01,position,5124,242,0.047,238,4329,4,553,0.983,0.113,0.052,0.993,1.11,1.09,1.13,,,0.15,0.06,0.39,False,
SMITH-BR5-ETHER-SAT-CO,main,group,saturated ether,ether_saturated,1070.0,1140.0,any,any,,,0.01,+intensity,5124,242,0.047,238,4329,4,553,0.983,0.113,0.052,0.993,1.11,1.09,1.13,,,0.15,0.06,0.39,False,
SMITH-BR5-ETHER-SAT-CO,main,group,saturated ether,ether_saturated,1070.0,1140.0,any,any,,,0.01,+shape,5124,242,0.047,238,4329,4,553,0.983,0.113,0.052,0.993,1.11,1.09,1.13,,,0.15,0.06,0.39,False,
SMITH-BR5-ETHER-SAT-CO,main,group,saturated ether,ether_saturated,1070.0,1140.0,any,any,,,0.02,position,5124,242,0.047,235,4126,7,756,0.971,0.155,0.054,0.991,1.15,1.12,1.18,,,0.19,0.09,0.39,False,
SMITH-BR5-ETHER-SAT-CO,main,group,saturated ether,ether_saturated,1070.0,1140.0,any,any,,,0.02,+intensity,5124,242,0.047,235,4126,7,756,0.971,0.155,0.054,0.991,1.15,1.12,1.18,,,0.19,0.09,0.39,False,
SMITH-BR5-ETHER-SAT-CO,main,group,saturated ether,ether_saturated,1070.0,1140.0,any,any,,,0.02,+shape,5124,242,0.047,235,4126,7,756,0.971,0.155,0.054,0.991,1.15,1.12,1.18,1.07,1.25,0.19,0.09,0.39,False,ether_aryl OR=6.4 (n=85); ester_aromatic OR=6.3 (n=150); aromatic_para OR=6.3 (n=612)
SMITH-BR5-ETHER-SAT-CO,main,group,saturated ether,ether_saturated,1070.0,1140.0,any,any,,,0.05,position,5124,242,0.047,227,3574,15,1308,0.938,0.268,0.06,0.989,1.28,1.24,1.33,,,0.23,0.14,0.38,False,
SMITH-BR5-ETHER-SAT-CO,main,group,saturated ether,ether_saturated,1070.0,1140.0,any,any,,,0.05,+intensity,5124,242,0.047,227,3574,15,1308,0.938,0.268,0.06,0.989,1.28,1.24,1.33,,,0.23,0.14,0.38,False,
SMITH-BR5-ETHER-SAT-CO,main,group,saturated ether,ether_saturated,1070.0,1140.0,any,any,,,0.05,+shape,5124,242,0.047,227,3574,15,1308,0.938,0.268,0.06,0.989,1.28,1.24,1.33,,,0.23,0.14,0.38,False,
SMITH-BR5-ETHER-SAT-CO,main,group,saturated ether,ether_saturated,1070.0,1140.0,any,any,,,0.1,position,5124,242,0.047,215,2822,27,2060,0.888,0.422,0.071,0.987,1.54,1.46,1.62,,,0.26,0.19,0.38,False,
SMITH-BR5-ETHER-SAT-CO,main,group,saturated ether,ether_saturated,1070.0,1140.0,any,any,,,0.1,+intensity,5124,242,0.047,215,2822,27,2060,0.888,0.422,0.071,0.987,1.54,1.46,1.62,,,0.26,0.19,0.38,False,
SMITH-BR5-ETHER-SAT-CO,main,group,saturated ether,ether_saturated,1070.0,1140.0,any,any,,,0.1,+shape,5124,242,0.047,215,2822,27,2060,0.888,0.422,0.071,0.987,1.54,1.46,1.62,,,0.26,0.19,0.38,False,
SMITH-BR5-ETHER-MIX-CO-AR,main,group,mixed ether,ether_mixed,1200.0,1300.0,any,any,,,0.01,position,5124,346,0.068,344,4544,2,234,0.994,0.049,0.07,0.992,1.05,1.03,1.06,,,0.12,0.03,0.47,False,
SMITH-BR5-ETHER-MIX-CO-AR,main,group,mixed ether,ether_mixed,1200.0,1300.0,any,any,,,0.01,+intensity,5124,346,0.068,344,4544,2,234,0.994,0.049,0.07,0.992,1.05,1.03,1.06,,,0.12,0.03,0.47,False,
SMITH-BR5-ETHER-MIX-CO-AR,main,group,mixed ether,ether_mixed,1200.0,1300.0,any,any,,,0.01,+shape,5124,346,0.068,344,4544,2,234,0.994,0.049,0.07,0.992,1.05,1.03,1.06,,,0.12,0.03,0.47,False,
SMITH-BR5-ETHER-MIX-CO-AR,main,group,mixed ether,ether_mixed,1200.0,1300.0,any,any,,,0.02,position,5124,346,0.068,340,4393,6,385,0.983,0.081,0.072,0.985,1.07,1.05,1.09,,,0.22,0.1,0.48,False,
SMITH-BR5-ETHER-MIX-CO-AR,main,group,mixed ether,ether_mixed,1200.0,1300.0,any,any,,,0.02,+intensity,5124,346,0.068,340,4393,6,385,0.983,0.081,0.072,0.985,1.07,1.05,1.09,,,0.22,0.1,0.48,False,
SMITH-BR5-ETHER-MIX-CO-AR,main,group,mixed ether,ether_mixed,1200.0,1300.0,any,any,,,0.02,+shape,5124,346,0.068,340,4393,6,385,0.983,0.081,0.072,0.985,1.07,1.05,1.09,0.99,1.11,0.22,0.1,0.48,False,ester_aromatic OR=28.3 (n=155); ether_aryl OR=15.3 (n=85); ketone_aromatic OR=11.6 (n=189)
SMITH-BR5-ETHER-MIX-CO-AR,main,group,mixed ether,ether_mixed,1200.0,1300.0,any,any,,,0.05,position,5124,346,0.068,336,4029,10,749,0.971,0.157,0.077,0.987,1.15,1.13,1.18,,,0.18,0.1,0.34,False,
SMITH-BR5-ETHER-MIX-CO-AR,main,group,mixed ether,ether_mixed,1200.0,1300.0,any,any,,,0.05,+intensity,5124,346,0.068,336,4029,10,749,0.971,0.157,0.077,0.987,1.15,1.13,1.18,,,0.18,0.1,0.34,False,
SMITH-BR5-ETHER-MIX-CO-AR,main,group,mixed ether,ether_mixed,1200.0,1300.0,any,any,,,0.05,+shape,5124,346,0.068,336,4029,10,749,0.971,0.157,0.077,0.987,1.15,1.13,1.18,,,0.18,0.1,0.34,False,
SMITH-BR5-ETHER-MIX-CO-AR,main,group,mixed ether,ether_mixed,1200.0,1300.0,any,any,,,0.1,position,5124,346,0.068,334,3546,12,1232,0.965,0.258,0.086,0.99,1.3,1.27,1.34,,,0.13,0.08,0.24,False,
SMITH-BR5-ETHER-MIX-CO-AR,main,group,mixed ether,ether_mixed,1200.0,1300.0,any,any,,,0.1,+intensity,5124,346,0.068,334,3546,12,1232,0.965,0.258,0.086,0.99,1.3,1.27,1.34,,,0.13,0.08,0.24,False,
SMITH-BR5-ETHER-MIX-CO-AR,main,group,mixed ether,ether_mixed,1200.0,1300.0,any,any,,,0.1,+shape,5124,346,0.068,334,3546,12,1232,0.965,0.258,0.086,0.99,1.3,1.27,1.34,,,0.13,0.08,0.24,False,
SMITH-BR5-ETHER-MIX-CO-SAT,main,group,mixed ether,ether_mixed,1010.0,1050.0,any,any,,,0.01,position,5124,346,0.068,322,3531,24,1247,0.931,0.261,0.084,0.981,1.26,1.22,1.3,,,0.27,0.18,0.39,False,
SMITH-BR5-ETHER-MIX-CO-SAT,main,group,mixed ether,ether_mixed,1010.0,1050.0,any,any,,,0.01,+intensity,5124,346,0.068,322,3531,24,1247,0.931,0.261,0.084,0.981,1.26,1.22,1.3,,,0.27,0.18,0.39,False,
SMITH-BR5-ETHER-MIX-CO-SAT,main,group,mixed ether,ether_mixed,1010.0,1050.0,any,any,,,0.01,+shape,5124,346,0.068,322,3531,24,1247,0.931,0.261,0.084,0.981,1.26,1.22,1.3,,,0.27,0.18,0.39,False,
SMITH-BR5-ETHER-MIX-CO-SAT,main,group,mixed ether,ether_mixed,1010.0,1050.0,any,any,,,0.02,position,5124,346,0.068,308,3290,38,1488,0.89,0.311,0.086,0.975,1.29,1.24,1.35,,,0.35,0.26,0.48,False,
SMITH-BR5-ETHER-MIX-CO-SAT,main,group,mixed ether,ether_mixed,1010.0,1050.0,any,any,,,0.02,+intensity,5124,346,0.068,308,3290,38,1488,0.89,0.311,0.086,0.975,1.29,1.24,1.35,,,0.35,0.26,0.48,False,
SMITH-BR5-ETHER-MIX-CO-SAT,main,group,mixed ether,ether_mixed,1010.0,1050.0,any,any,,,0.02,+shape,5124,346,0.068,308,3290,38,1488,0.89,0.311,0.086,0.975,1.29,1.24,1.35,1.16,1.46,0.35,0.26,0.48,False,ether_aryl OR=4.8 (n=78); aromatic_mono OR=4.7 (n=781); alkene_trisubstituted OR=3.4 (n=135)
SMITH-BR5-ETHER-MIX-CO-SAT,main,group,mixed ether,ether_mixed,1010.0,1050.0,any,any,,,0.05,position,5124,346,0.068,288,2650,58,2128,0.832,0.445,0.098,0.973,1.5,1.42,1.58,,,0.38,0.3,0.48,False,
SMITH-BR5-ETHER-MIX-CO-SAT,main,group,mixed ether,ether_mixed,1010.0,1050.0,any,any,,,0.05,+intensity,5124,346,0.068,288,2650,58,2128,0.832,0.445,0.098,0.973,1.5,1.42,1.58,,,0.38,0.3,0.48,False,
SMITH-BR5-ETHER-MIX-CO-SAT,main,group,mixed ether,ether_mixed,1010.0,1050.0,any,any,,,0.05,+shape,5124,346,0.068,288,2650,58,2128,0.832,0.445,0.098,0.973,1.5,1.42,1.58,,,0.38,0.3,0.48,False,
SMITH-BR5-ETHER-MIX-CO-SAT,main,group,mixed ether,ether_mixed,1010.0,1050.0,any,any,,,0.1,position,5124,346,0.068,261,1935,85,2843,0.754,0.595,0.119,0.971,1.86,1.74,2.0,,,0.41,0.34,0.5,False,
SMITH-BR5-ETHER-MIX-CO-SAT,main,group,mixed ether,ether_mixed,1010.0,1050.0,any,any,,,0.1,+intensity,5124,346,0.068,261,1935,85,2843,0.754,0.595,0.119,0.971,1.86,1.74,2.0,,,0.41,0.34,0.5,False,
SMITH-BR5-ETHER-MIX-CO-SAT,main,group,mixed ether,ether_mixed,1010.0,1050.0,any,any,,,0.1,+shape,5124,346,0.068,261,1935,85,2843,0.754,0.595,0.119,0.971,1.86,1.74,2.0,,,0.41,0.34,0.5,False,
SMITH-BR5-ETHER-ARYL-CO,main,group,aryl ether,ether_aryl,1200.0,1300.0,any,any,,,0.01,position,5124,89,0.017,89,4799,0,236,1.0,0.047,0.018,1.0,1.04,1.03,1.06,,,0.12,0.01,1.88,False,
SMITH-BR5-ETHER-ARYL-CO,main,group,aryl ether,ether_aryl,1200.0,1300.0,any,any,,,0.01,+intensity,5124,89,0.017,89,4799,0,236,1.0,0.047,0.018,1.0,1.04,1.03,1.06,,,0.12,0.01,1.88,False,
SMITH-BR5-ETHER-ARYL-CO,main,group,aryl ether,ether_aryl,1200.0,1300.0,any,any,,,0.01,+shape,5124,89,0.017,89,4799,0,236,1.0,0.047,0.018,1.0,1.04,1.03,1.06,,,0.12,0.01,1.88,False,
SMITH-BR5-ETHER-ARYL-CO,main,group,aryl ether,ether_aryl,1200.0,1300.0,any,any,,,0.02,position,5124,89,0.017,89,4644,0,391,1.0,0.078,0.019,1.0,1.08,1.06,1.1,,,0.07,0.0,1.14,False,
SMITH-BR5-ETHER-ARYL-CO,main,group,aryl ether,ether_aryl,1200.0,1300.0,any,any,,,0.02,+intensity,5124,89,0.017,89,4644,0,391,1.0,0.078,0.019,1.0,1.08,1.06,1.1,,,0.07,0.0,1.14,False,
SMITH-BR5-ETHER-ARYL-CO,main,group,aryl ether,ether_aryl,1200.0,1300.0,any,any,,,0.02,+shape,5124,89,0.017,89,4644,0,391,1.0,0.078,0.019,1.0,1.08,1.06,1.1,1.04,1.12,0.07,0.0,1.14,False,ester_aromatic OR=29.7 (n=169); ketone_aromatic OR=12.6 (n=214); phenol OR=10.9 (n=415)
SMITH-BR5-ETHER-ARYL-CO,main,group,aryl ether,ether_aryl,1200.0,1300.0,any,any,,,0.05,position,5124,89,0.017,88,4277,1,758,0.989,0.151,0.02,0.999,1.16,1.14,1.19,,,0.07,0.01,0.52,False,
SMITH-BR5-ETHER-ARYL-CO,main,group,aryl ether,ether_aryl,1200.0,1300.0,any,any,,,0.05,+intensity,5124,89,0.017,88,4277,1,758,0.989,0.151,0.02,0.999,1.16,1.14,1.19,,,0.07,0.01,0.52,False,
SMITH-BR5-ETHER-ARYL-CO,main,group,aryl ether,ether_aryl,1200.0,1300.0,any,any,,,0.05,+shape,5124,89,0.017,88,4277,1,758,0.989,0.151,0.02,0.999,1.16,1.14,1.19,,,0.07,0.01,0.52,False,
SMITH-BR5-ETHER-ARYL-CO,main,group,aryl ether,ether_aryl,1200.0,1300.0,any,any,,,0.1,position,5124,89,0.017,88,3792,1,1243,0.989,0.247,0.023,0.999,1.31,1.28,1.35,,,0.05,0.01,0.32,False,
SMITH-BR5-ETHER-ARYL-CO,main,group,aryl ether,ether_aryl,1200.0,1300.0,any,any,,,0.1,+intensity,5124,89,0.017,88,3792,1,1243,0.989,0.247,0.023,0.999,1.31,1.28,1.35,,,0.05,0.01,0.32,False,
SMITH-BR5-ETHER-ARYL-CO,main,group,aryl ether,ether_aryl,1200.0,1300.0,any,any,,,0.1,+shape,5124,89,0.017,88,3792,1,1243,0.989,0.247,0.023,0.999,1.31,1.28,1.35,,,0.05,0.01,0.32,False,
SMITH-BR6-CO-GENERAL,main,class,carbonyl,carbonyl_any,1600.0,1900.0,strong,any,,,0.01,position,5124,2322,0.453,2307,2372,15,430,0.994,0.153,0.493,0.966,1.17,1.15,1.19,,,0.04,0.03,0.07,False,
SMITH-BR6-CO-GENERAL,main,class,carbonyl,carbonyl_any,1600.0,1900.0,strong,any,,,0.01,+intensity,5124,2322,0.453,2010,592,312,2210,0.866,0.789,0.772,0.876,4.1,3.81,4.41,,,0.17,0.15,0.19,False,
SMITH-BR6-CO-GENERAL,main,class,carbonyl,carbonyl_any,1600.0,1900.0,strong,any,,,0.01,+shape,5124,2322,0.453,2010,592,312,2210,0.866,0.789,0.772,0.876,4.1,3.81,4.41,,,0.17,0.15,0.19,False,
SMITH-BR6-CO-GENERAL,main,class,carbonyl,carbonyl_any,1600.0,1900.0,strong,any,,,0.02,position,5124,2322,0.453,2302,2038,20,764,0.991,0.273,0.53,0.974,1.36,1.33,1.39,,,0.03,0.02,0.05,False,
SMITH-BR6-CO-GENERAL,main,class,carbonyl,carbonyl_any,1600.0,1900.0,strong,any,,,0.02,+intensity,5124,2322,0.453,2009,589,313,2213,0.865,0.79,0.773,0.876,4.12,3.82,4.43,,,0.17,0.15,0.19,False,
SMITH-BR6-CO-GENERAL,main,class,carbonyl,carbonyl_any,1600.0,1900.0,strong,any,,,0.02,+shape,5124,2322,0.453,2009,589,313,2213,0.865,0.79,0.773,0.876,4.12,3.82,4.43,3.08,5.99,0.17,0.15,0.19,False,aromatics OR=8.3 (n=554); amine_primary_aromatic OR=7.2 (n=164); amine_primary OR=5.1 (n=178)
SMITH-BR6-CO-GENERAL,main,class,carbonyl,carbonyl_any,1600.0,1900.0,strong,any,,,0.05,position,5124,2322,0.453,2292,1556,30,1246,0.987,0.445,0.596,0.976,1.78,1.72,1.84,,,0.03,0.02,0.04,False,
SMITH-BR6-CO-GENERAL,main,class,carbonyl,carbonyl_any,1600.0,1900.0,strong,any,,,0.05,+intensity,5124,2322,0.453,2005,586,317,2216,0.863,0.791,0.774,0.875,4.13,3.84,4.45,,,0.17,0.16,0.19,False,
SMITH-BR6-CO-GENERAL,main,class,carbonyl,carbonyl_any,1600.0,1900.0,strong,any,,,0.05,+shape,5124,2322,0.453,2005,586,317,2216,0.863,0.791,0.774,0.875,4.13,3.84,4.45,,,0.17,0.16,0.19,False,
SMITH-BR6-CO-GENERAL,main,class,carbonyl,carbonyl_any,1600.0,1900.0,strong,any,,,0.1,position,5124,2322,0.453,2280,1294,42,1508,0.982,0.538,0.638,0.973,2.13,2.04,2.21,,,0.03,0.02,0.05,False,
SMITH-BR6-CO-GENERAL,main,class,carbonyl,carbonyl_any,1600.0,1900.0,strong,any,,,0.1,+intensity,5124,2322,0.453,1998,584,324,2218,0.86,0.792,0.774,0.873,4.13,3.83,4.45,,,0.18,0.16,0.2,False,
SMITH-BR6-CO-GENERAL,main,class,carbonyl,carbonyl_any,1600.0,1900.0,strong,any,,,0.1,+shape,5124,2322,0.453,1998,584,324,2218,0.86,0.792,0.774,0.873,4.13,3.83,4.45,,,0.18,0.16,0.2,False,
SMITH-BR6-KET-SAT-CO,main,group,saturated ketone,ketone_saturated,1705.0,1725.0,strong,any,,,0.01,position,5124,173,0.034,91,691,82,4260,0.526,0.86,0.116,0.981,3.77,3.22,4.41,,,0.55,0.47,0.64,False,
SMITH-BR6-KET-SAT-CO,main,group,saturated ketone,ketone_saturated,1705.0,1725.0,strong,any,,,0.01,+intensity,5124,173,0.034,67,369,106,4582,0.387,0.925,0.154,0.977,5.2,4.21,6.42,,,0.66,0.59,0.75,False,
SMITH-BR6-KET-SAT-CO,main,group,saturated ketone,ketone_saturated,1705.0,1725.0,strong,any,,,0.01,+shape,5124,173,0.034,67,369,106,4582,0.387,0.925,0.154,0.977,5.2,4.21,6.42,,,0.66,0.59,0.75,False,
SMITH-BR6-KET-SAT-CO,main,group,saturated ketone,ketone_saturated,1705.0,1725.0,strong,any,,,0.02,position,5124,173,0.034,90,579,83,4372,0.52,0.883,0.135,0.981,4.45,3.78,5.23,,,0.54,0.47,0.63,False,
SMITH-BR6-KET-SAT-CO,main,group,saturated ketone,ketone_saturated,1705.0,1725.0,strong,any,,,0.02,+intensity,5124,173,0.034,67,365,106,4586,0.387,0.926,0.155,0.977,5.25,4.25,6.49,,,0.66,0.59,0.74,False,
SMITH-BR6-KET-SAT-CO,main,group,saturated ketone,ketone_saturated,1705.0,1725.0,strong,any,,,0.02,+shape,5124,173,0.034,67,365,106,4586,0.387,0.926,0.155,0.977,5.25,4.25,6.49,3.62,6.43,0.66,0.59,0.74,False,carbonyl_any OR=19.6 (n=339); carboxylic_acid_saturated OR=6.3 (n=62); carboxylic_acids OR=4.8 (n=77)
SMITH-BR6-KET-SAT-CO,main,group,saturated ketone,ketone_saturated,1705.0,1725.0,strong,any,,,0.05,position,5124,173,0.034,86,460,87,4491,0.497,0.907,0.158,0.981,5.35,4.5,6.36,,,0.55,0.48,0.64,False,
SMITH-BR6-KET-SAT-CO,main,group,saturated ketone,ketone_saturated,1705.0,1725.0,strong,any,,,0.05,+intensity,5124,173,0.034,65,353,108,4598,0.376,0.929,0.156,0.977,5.27,4.24,6.55,,,0.67,0.6,0.75,False,
SMITH-BR6-KET-SAT-CO,main,group,saturated ketone,ketone_saturated,1705.0,1725.0,strong,any,,,0.05,+shape,5124,173,0.034,65,353,108,4598,0.376,0.929,0.156,0.977,5.27,4.24,6.55,,,0.67,0.6,0.75,False,
SMITH-BR6-KET-SAT-CO,main,group,saturated ketone,ketone_saturated,1705.0,1725.0,strong,any,,,0.1,position,5124,173,0.034,84,428,89,4523,0.486,0.914,0.164,0.981,5.62,4.7,6.71,,,0.56,0.49,0.65,False,
SMITH-BR6-KET-SAT-CO,main,group,saturated ketone,ketone_saturated,1705.0,1725.0,strong,any,,,0.1,+intensity,5124,173,0.034,63,346,110,4605,0.364,0.93,0.154,0.977,5.21,4.18,6.5,,,0.68,0.61,0.77,False,
SMITH-BR6-KET-SAT-CO,main,group,saturated ketone,ketone_saturated,1705.0,1725.0,strong,any,,,0.1,+shape,5124,173,0.034,63,346,110,4605,0.364,0.93,0.154,0.977,5.21,4.18,6.5,,,0.68,0.61,0.77,False,
SMITH-BR6-KET-AR-CO,main,group,aromatic ketone,ketone_aromatic,1640.0,1700.0,strong,any,,,0.01,position,5124,219,0.043,158,1880,61,3025,0.721,0.617,0.078,0.98,1.88,1.72,2.06,,,0.45,0.36,0.56,False,
SMITH-BR6-KET-AR-CO,main,group,aromatic ketone,ketone_aromatic,1640.0,1700.0,strong,any,,,0.01,+intensity,5124,219,0.043,115,918,104,3987,0.525,0.813,0.111,0.975,2.81,2.44,3.22,,,0.58,0.51,0.67,False,
SMITH-BR6-KET-AR-CO,main,group,aromatic ketone,ketone_aromatic,1640.0,1700.0,strong,any,,,0.01,+shape,5124,219,0.043,115,918,104,3987,0.525,0.813,0.111,0.975,2.81,2.44,3.22,,,0.58,0.51,0.67,False,
SMITH-BR6-KET-AR-CO,main,group,aromatic ketone,ketone_aromatic,1640.0,1700.0,strong,any,,,0.02,position,5124,219,0.043,156,1549,63,3356,0.712,0.684,0.091,0.982,2.26,2.05,2.48,,,0.42,0.34,0.52,False,
SMITH-BR6-KET-AR-CO,main,group,aromatic ketone,ketone_aromatic,1640.0,1700.0,strong,any,,,0.02,+intensity,5124,219,0.043,115,917,104,3988,0.525,0.813,0.111,0.975,2.81,2.44,3.23,,,0.58,0.51,0.67,False,
SMITH-BR6-KET-AR-CO,main,group,aromatic ketone,ketone_aromatic,1640.0,1700.0,strong,any,,,0.02,+shape,5124,219,0.043,115,917,104,3988,0.525,0.813,0.111,0.975,2.81,2.44,3.23,1.97,3.66,0.58,0.51,0.67,False,amide_primary OR=23.8 (n=82); amides OR=8.0 (n=342); carbonyl_any OR=7.8 (n=737)
SMITH-BR6-KET-AR-CO,main,group,aromatic ketone,ketone_aromatic,1640.0,1700.0,strong,any,,,0.05,position,5124,219,0.043,154,1317,65,3588,0.703,0.731,0.105,0.982,2.62,2.38,2.89,,,0.41,0.33,0.5,False,
SMITH-BR6-KET-AR-CO,main,group,aromatic ketone,ketone_aromatic,1640.0,1700.0,strong,any,,,0.05,+intensity,5124,219,0.043,115,910,104,3995,0.525,0.814,0.112,0.975,2.83,2.46,3.25,,,0.58,0.51,0.67,False,
SMITH-BR6-KET-AR-CO,main,group,aromatic ketone,ketone_aromatic,1640.0,1700.0,strong,any,,,0.05,+shape,5124,219,0.043,115,910,104,3995,0.525,0.814,0.112,0.975,2.83,2.46,3.25,,,0.58,0.51,0.67,False,
SMITH-BR6-KET-AR-CO,main,group,aromatic ketone,ketone_aromatic,1640.0,1700.0,strong,any,,,0.1,position,5124,219,0.043,148,1195,71,3710,0.676,0.756,0.11,0.981,2.77,2.5,3.08,,,0.43,0.35,0.52,False,
SMITH-BR6-KET-AR-CO,main,group,aromatic ketone,ketone_aromatic,1640.0,1700.0,strong,any,,,0.1,+intensity,5124,219,0.043,115,901,104,4004,0.525,0.816,0.113,0.975,2.86,2.49,3.29,,,0.58,0.51,0.67,False,
SMITH-BR6-KET-AR-CO,main,group,aromatic ketone,ketone_aromatic,1640.0,1700.0,strong,any,,,0.1,+shape,5124,219,0.043,115,901,104,4004,0.525,0.816,0.113,0.975,2.86,2.49,3.29,,,0.58,0.51,0.67,False,
SMITH-BR6-KET-SAT-CCC,main,group,saturated ketone,ketone_saturated,1100.0,1230.0,strong,any,,,0.01,position,5124,173,0.034,173,4798,0,153,1.0,0.031,0.035,1.0,1.03,1.02,1.04,,,0.09,0.01,1.48,False,
SMITH-BR6-KET-SAT-CCC,main,group,saturated ketone,ketone_saturated,1100.0,1230.0,strong,any,,,0.01,+intensity,5124,173,0.034,36,1658,137,3293,0.208,0.665,0.021,0.96,0.62,0.46,0.83,,,1.19,1.1,1.29,False,
SMITH-BR6-KET-SAT-CCC,main,group,saturated ketone,ketone_saturated,1100.0,1230.0,strong,any,,,0.01,+shape,5124,173,0.034,36,1658,137,3293,0.208,0.665,0.021,0.96,0.62,0.46,0.83,,,1.19,1.1,1.29,False,
SMITH-BR6-KET-SAT-CCC,main,group,saturated ketone,ketone_saturated,1100.0,1230.0,strong,any,,,0.02,position,5124,173,0.034,172,4694,1,257,0.994,0.052,0.035,0.996,1.05,1.04,1.06,,,0.11,0.02,0.79,False,
SMITH-BR6-KET-SAT-CCC,main,group,saturated ketone,ketone_saturated,1100.0,1230.0,strong,any,,,0.02,+intensity,5124,173,0.034,36,1652,137,3299,0.208,0.666,0.021,0.96,0.62,0.47,0.84,,,1.19,1.1,1.29,False,
SMITH-BR6-KET-SAT-CCC,main,group,saturated ketone,ketone_saturated,1100.0,1230.0,strong,any,,,0.02,+shape,5124,173,0.034,36,1652,137,3299,0.208,0.666,0.021,0.96,0.62,0.47,0.84,0.42,0.76,1.19,1.1,1.29,False,ether_aryl OR=5.5 (n=65); ether_saturated OR=3.3 (n=146); esters OR=3.3 (n=363)
SMITH-BR6-KET-SAT-CCC,main,group,saturated ketone,ketone_saturated,1100.0,1230.0,strong,any,,,0.05,position,5124,173,0.034,162,4413,11,538,0.936,0.109,0.035,0.98,1.05,1.01,1.09,,,0.59,0.33,1.04,False,
SMITH-BR6-KET-SAT-CCC,main,group,saturated ketone,ketone_saturated,1100.0,1230.0,strong,any,,,0.05,+intensity,5124,173,0.034,36,1647,137,3304,0.208,0.667,0.021,0.96,0.63,0.47,0.84,,,1.19,1.1,1.28,False,
SMITH-BR6-KET-SAT-CCC,main,group,saturated ketone,ketone_saturated,1100.0,1230.0,strong,any,,,0.05,+shape,5124,173,0.034,36,1647,137,3304,0.208,0.667,0.021,0.96,0.63,0.47,0.84,,,1.19,1.1,1.28,False,
SMITH-BR6-KET-SAT-CCC,main,group,saturated ketone,ketone_saturated,1100.0,1230.0,strong,any,,,0.1,position,5124,173,0.034,152,3980,21,971,0.879,0.196,0.037,0.979,1.09,1.03,1.16,,,0.62,0.41,0.93,False,
SMITH-BR6-KET-SAT-CCC,main,group,saturated ketone,ketone_saturated,1100.0,1230.0,strong,any,,,0.1,+intensity,5124,173,0.034,35,1641,138,3310,0.202,0.669,0.021,0.96,0.61,0.45,0.82,,,1.19,1.1,1.29,False,
SMITH-BR6-KET-SAT-CCC,main,group,saturated ketone,ketone_saturated,1100.0,1230.0,strong,any,,,0.1,+shape,5124,173,0.034,35,1641,138,3310,0.202,0.669,0.021,0.96,0.61,0.45,0.82,,,1.19,1.1,1.29,False,
SMITH-BR6-KET-AR-CCC,main,group,aromatic ketone,ketone_aromatic,1230.0,1300.0,strong,any,,,0.01,position,5124,219,0.043,214,4421,5,484,0.977,0.099,0.046,0.99,1.08,1.06,1.11,,,0.23,0.1,0.55,False,
SMITH-BR6-KET-AR-CCC,main,group,aromatic ketone,ketone_aromatic,1230.0,1300.0,strong,any,,,0.01,+intensity,5124,219,0.043,134,1271,85,3634,0.612,0.741,0.095,0.977,2.36,2.1,2.65,,,0.52,0.44,0.62,False,
SMITH-BR6-KET-AR-CCC,main,group,aromatic ketone,ketone_aromatic,1230.0,1300.0,strong,any,,,0.01,+shape,5124,219,0.043,134,1271,85,3634,0.612,0.741,0.095,0.977,2.36,2.1,2.65,,,0.52,0.44,0.62,False,
SMITH-BR6-KET-AR-CCC,main,group,aromatic ketone,ketone_aromatic,1230.0,1300.0,strong,any,,,0.02,position,5124,219,0.043,212,4213,7,692,0.968,0.141,0.048,0.99,1.13,1.1,1.16,,,0.23,0.11,0.47,False,
SMITH-BR6-KET-AR-CCC,main,group,aromatic ketone,ketone_aromatic,1230.0,1300.0,strong,any,,,0.02,+intensity,5124,219,0.043,133,1268,86,3637,0.607,0.741,0.095,0.977,2.35,2.09,2.64,,,0.53,0.45,0.62,False,
SMITH-BR6-KET-AR-CCC,main,group,aromatic ketone,ketone_aromatic,1230.0,1300.0,strong,any,,,0.02,+shape,5124,219,0.043,133,1268,86,3637,0.607,0.741,0.095,0.977,2.35,2.09,2.64,1.53,3.23,0.53,0.45,0.62,False,ester_aromatic OR=8.6 (n=116); carbonate_organic OR=6.9 (n=15); ether_mixed OR=6.0 (n=204)
SMITH-BR6-KET-AR-CCC,main,group,aromatic ketone,ketone_aromatic,1230.0,1300.0,strong,any,,,0.05,position,5124,219,0.043,208,3740,11,1165,0.95,0.238,0.053,0.991,1.25,1.2,1.29,,,0.21,0.12,0.38,False,
SMITH-BR6-KET-AR-CCC,main,group,aromatic ketone,ketone_aromatic,1230.0,1300.0,strong,any,,,0.05,+intensity,5124,219,0.043,130,1254,89,3651,0.594,0.744,0.094,0.976,2.32,2.06,2.62,,,0.55,0.46,0.64,False,
SMITH-BR6-KET-AR-CCC,main,group,aromatic ketone,ketone_aromatic,1230.0,1300.0,strong,any,,,0.05,+shape,5124,219,0.043,130,1254,89,3651,0.594,0.744,0.094,0.976,2.32,2.06,2.62,,,0.55,0.46,0.64,False,
SMITH-BR6-KET-AR-CCC,main,group,aromatic ketone,ketone_aromatic,1230.0,1300.0,strong,any,,,0.1,position,5124,219,0.043,199,3185,20,1720,0.909,0.351,0.059,0.989,1.4,1.34,1.47,,,0.26,0.17,0.4,False,
SMITH-BR6-KET-AR-CCC,main,group,aromatic ketone,ketone_aromatic,1230.0,1300.0,strong,any,,,0.1,+intensity,5124,219,0.043,129,1245,90,3660,0.589,0.746,0.094,0.976,2.32,2.06,2.62,,,0.55,0.47,0.65,False,
SMITH-BR6-KET-AR-CCC,main,group,aromatic ketone,ketone_aromatic,1230.0,1300.0,strong,any,,,0.1,+shape,5124,219,0.043,129,1245,90,3660,0.589,0.746,0.094,0.976,2.32,2.06,2.62,,,0.55,0.47,0.65,False,
SMITH-BR6-ACID-SAT-CO,main,group,saturated carboxylic acid,carboxylic_acid_saturated,1700.0,1730.0,strong,any,,,0.01,position,5124,211,0.041,117,1079,94,3834,0.555,0.78,0.098,0.976,2.52,2.21,2.88,,,0.57,0.49,0.66,False,
SMITH-BR6-ACID-SAT-CO,main,group,saturated carboxylic acid,carboxylic_acid_saturated,1700.0,1730.0,strong,any,,,0.01,+intensity,5124,211,0.041,105,585,106,4328,0.498,0.881,0.152,0.976,4.18,3.58,4.88,,,0.57,0.5,0.65,False,
SMITH-BR6-ACID-SAT-CO,main,group,saturated carboxylic acid,carboxylic_acid_saturated,1700.0,1730.0,strong,any,,,0.01,+shape,5124,211,0.041,105,585,106,4328,0.498,0.881,0.152,0.976,4.18,3.58,4.88,,,0.57,0.5,0.65,False,
SMITH-BR6-ACID-SAT-CO,main,group,saturated carboxylic acid,carboxylic_acid_saturated,1700.0,1730.0,strong,any,,,0.02,position,5124,211,0.041,115,905,96,4008,0.545,0.816,0.113,0.977,2.96,2.58,3.39,,,0.56,0.48,0.65,False,
SMITH-BR6-ACID-SAT-CO,main,group,saturated carboxylic acid,carboxylic_acid_saturated,1700.0,1730.0,strong,any,,,0.02,+intensity,5124,211,0.041,104,581,107,4332,0.493,0.882,0.152,0.976,4.17,3.56,4.88,,,0.58,0.5,0.66,False,
SMITH-BR6-ACID-SAT-CO,main,group,saturated carboxylic acid,carboxylic_acid_saturated,1700.0,1730.0,strong,any,,,0.02,+shape,5124,211,0.041,104,581,107,4332,0.493,0.882,0.152,0.976,4.17,3.56,4.88,3.62,5.14,0.58,0.5,0.66,False,carbonyl_any OR=28.1 (n=547); ketone_saturated OR=9.5 (n=88); ester_aromatic OR=5.9 (n=70)
SMITH-BR6-ACID-SAT-CO,main,group,saturated carboxylic acid,carboxylic_acid_saturated,1700.0,1730.0,strong,any,,,0.05,position,5124,211,0.041,111,745,100,4168,0.526,0.848,0.13,0.977,3.47,3.0,4.01,,,0.56,0.48,0.64,False,
SMITH-BR6-ACID-SAT-CO,main,group,saturated carboxylic acid,carboxylic_acid_saturated,1700.0,1730.0,strong,any,,,0.05,+intensity,5124,211,0.041,100,568,111,4345,0.474,0.884,0.15,0.975,4.1,3.49,4.82,,,0.59,0.52,0.68,False,
SMITH-BR6-ACID-SAT-CO,main,group,saturated carboxylic acid,carboxylic_acid_saturated,1700.0,1730.0,strong,any,,,0.05,+shape,5124,211,0.041,100,568,111,4345,0.474,0.884,0.15,0.975,4.1,3.49,4.82,,,0.59,0.52,0.68,False,
SMITH-BR6-ACID-SAT-CO,main,group,saturated carboxylic acid,carboxylic_acid_saturated,1700.0,1730.0,strong,any,,,0.1,position,5124,211,0.041,110,701,101,4212,0.521,0.857,0.136,0.977,3.65,3.16,4.23,,,0.56,0.48,0.64,False,
SMITH-BR6-ACID-SAT-CO,main,group,saturated carboxylic acid,carboxylic_acid_saturated,1700.0,1730.0,strong,any,,,0.1,+intensity,5124,211,0.041,100,561,111,4352,0.474,0.886,0.151,0.975,4.15,3.53,4.88,,,0.59,0.52,0.68,False,
SMITH-BR6-ACID-SAT-CO,main,group,saturated carboxylic acid,carboxylic_acid_saturated,1700.0,1730.0,strong,any,,,0.1,+shape,5124,211,0.041,100,561,111,4352,0.474,0.886,0.151,0.975,4.15,3.53,4.88,,,0.59,0.52,0.68,False,
SMITH-BR6-ACID-AR-CO,main,group,aromatic carboxylic acid,carboxylic_acid_aromatic,1680.0,1710.0,strong,any,,,0.01,position,5124,91,0.018,51,988,40,4045,0.56,0.804,0.049,0.99,2.85,2.36,3.45,,,0.55,0.43,0.69,False,
SMITH-BR6-ACID-AR-CO,main,group,aromatic carboxylic acid,carboxylic_acid_aromatic,1680.0,1710.0,strong,any,,,0.01,+intensity,5124,91,0.018,37,553,54,4480,0.407,0.89,0.063,0.988,3.7,2.85,4.8,,,0.67,0.56,0.79,False,
SMITH-BR6-ACID-AR-CO,main,group,aromatic carboxylic acid,carboxylic_acid_aromatic,1680.0,1710.0,strong,any,,,0.01,+shape,5124,91,0.018,37,553,54,4480,0.407,0.89,0.063,0.988,3.7,2.85,4.8,,,0.67,0.56,0.79,False,
SMITH-BR6-ACID-AR-CO,main,group,aromatic carboxylic acid,carboxylic_acid_aromatic,1680.0,1710.0,strong,any,,,0.02,position,5124,91,0.018,51,797,40,4236,0.56,0.842,0.06,0.991,3.54,2.92,4.29,,,0.52,0.41,0.66,False,
SMITH-BR6-ACID-AR-CO,main,group,aromatic carboxylic acid,carboxylic_acid_aromatic,1680.0,1710.0,strong,any,,,0.02,+intensity,5124,91,0.018,37,553,54,4480,0.407,0.89,0.063,0.988,3.7,2.85,4.8,,,0.67,0.56,0.79,False,
SMITH-BR6-ACID-AR-CO,main,group,aromatic carboxylic acid,carboxylic_acid_aromatic,1680.0,1710.0,strong,any,,,0.02,+shape,5124,91,0.018,37,553,54,4480,0.407,0.89,0.063,0.988,3.7,2.85,4.8,2.49,4.48,0.67,0.56,0.79,False,carbonyl_any OR=10.5 (n=482); carboxylic_acids OR=6.2 (n=93); carboxylic_acid_saturated OR=6.1 (n=83)
SMITH-BR6-ACID-AR-CO,main,group,aromatic carboxylic acid,carboxylic_acid_aromatic,1680.0,1710.0,strong,any,,,0.05,position,5124,91,0.018,50,688,41,4345,0.549,0.863,0.068,0.991,4.02,3.3,4.9,,,0.52,0.42,0.65,False,
SMITH-BR6-ACID-AR-CO,main,group,aromatic carboxylic acid,carboxylic_acid_aromatic,1680.0,1710.0,strong,any,,,0.05,+intensity,5124,91,0.018,37,545,54,4488,0.407,0.892,0.064,0.988,3.75,2.89,4.87,,,0.67,0.56,0.79,False,
SMITH-BR6-ACID-AR-CO,main,group,aromatic carboxylic acid,carboxylic_acid_aromatic,1680.0,1710.0,strong,any,,,0.05,+shape,5124,91,0.018,37,545,54,4488,0.407,0.892,0.064,0.988,3.75,2.89,4.87,,,0.67,0.56,0.79,False,
SMITH-BR6-ACID-AR-CO,main,group,aromatic carboxylic acid,carboxylic_acid_aromatic,1680.0,1710.0,strong,any,,,0.1,position,5124,91,0.018,47,641,44,4392,0.516,0.873,0.068,0.99,4.06,3.28,5.01,,,0.55,0.45,0.69,False,
SMITH-BR6-ACID-AR-CO,main,group,aromatic carboxylic acid,carboxylic_acid_aromatic,1680.0,1710.0,strong,any,,,0.1,+intensity,5124,91,0.018,37,531,54,4502,0.407,0.894,0.065,0.988,3.85,2.97,5.0,,,0.66,0.56,0.79,False,
SMITH-BR6-ACID-AR-CO,main,group,aromatic carboxylic acid,carboxylic_acid_aromatic,1680.0,1710.0,strong,any,,,0.1,+shape,5124,91,0.018,37,531,54,4502,0.407,0.894,0.065,0.988,3.85,2.97,5.0,,,0.66,0.56,0.79,False,
SMITH-BR6-ACID-CO,main,group,carboxylic acid,carboxylic_acids,1210.0,1320.0,any,any,,,0.01,position,5124,325,0.063,317,4630,8,169,0.975,0.035,0.064,0.955,1.01,0.99,1.03,,,0.7,0.35,1.41,False,
SMITH-BR6-ACID-CO,main,group,carboxylic acid,carboxylic_acids,1210.0,1320.0,any,any,,,0.01,+intensity,5124,325,0.063,317,4630,8,169,0.975,0.035,0.064,0.955,1.01,0.99,1.03,,,0.7,0.35,1.41,False,
SMITH-BR6-ACID-CO,main,group,carboxylic acid,carboxylic_acids,1210.0,1320.0,any,any,,,0.01,+shape,5124,325,0.063,317,4630,8,169,0.975,0.035,0.064,0.955,1.01,0.99,1.03,,,0.7,0.35,1.41,False,
SMITH-BR6-ACID-CO,main,group,carboxylic acid,carboxylic_acids,1210.0,1320.0,any,any,,,0.02,position,5124,325,0.063,316,4484,9,315,0.972,0.066,0.066,0.972,1.04,1.02,1.06,,,0.42,0.22,0.81,False,
SMITH-BR6-ACID-CO,main,group,carboxylic acid,carboxylic_acids,1210.0,1320.0,any,any,,,0.02,+intensity,5124,325,0.063,316,4484,9,315,0.972,0.066,0.066,0.972,1.04,1.02,1.06,,,0.42,0.22,0.81,False,
SMITH-BR6-ACID-CO,main,group,carboxylic acid,carboxylic_acids,1210.0,1320.0,any,any,,,0.02,+shape,5124,325,0.063,316,4484,9,315,0.972,0.066,0.066,0.972,1.04,1.02,1.06,1.02,1.06,0.42,0.22,0.81,False,ester_aromatic OR=24.6 (n=168); ether_mixed OR=16.1 (n=320); ether_aryl OR=12.4 (n=86)
SMITH-BR6-ACID-CO,main,group,carboxylic acid,carboxylic_acids,1210.0,1320.0,any,any,,,0.05,position,5124,325,0.063,304,4148,21,651,0.935,0.136,0.068,0.969,1.08,1.05,1.12,,,0.48,0.31,0.72,False,
SMITH-BR6-ACID-CO,main,group,carboxylic acid,carboxylic_acids,1210.0,1320.0,any,any,,,0.05,+intensity,5124,325,0.063,304,4148,21,651,0.935,0.136,0.068,0.969,1.08,1.05,1.12,,,0.48,0.31,0.72,False,
SMITH-BR6-ACID-CO,main,group,carboxylic acid,carboxylic_acids,1210.0,1320.0,any,any,,,0.05,+shape,5124,325,0.063,304,4148,21,651,0.935,0.136,0.068,0.969,1.08,1.05,1.12,,,0.48,0.31,0.72,False,
SMITH-BR6-ACID-CO,main,group,carboxylic acid,carboxylic_acids,1210.0,1320.0,any,any,,,0.1,position,5124,325,0.063,290,3707,35,1092,0.892,0.228,0.073,0.969,1.16,1.11,1.2,,,0.47,0.34,0.65,False,
SMITH-BR6-ACID-CO,main,group,carboxylic acid,carboxylic_acids,1210.0,1320.0,any,any,,,0.1,+intensity,5124,325,0.063,290,3707,35,1092,0.892,0.228,0.073,0.969,1.16,1.11,1.2,,,0.47,0.34,0.65,False,
SMITH-BR6-ACID-CO,main,group,carboxylic acid,carboxylic_acids,1210.0,1320.0,any,any,,,0.1,+shape,5124,325,0.063,290,3707,35,1092,0.892,0.228,0.073,0.969,1.16,1.11,1.2,,,0.47,0.34,0.65,False,
SMITH-BR6-ACID-OH-STR,main,group,carboxylic acid,carboxylic_acids,2500.0,3500.0,strong,any,,,0.01,position,5124,325,0.063,325,4756,0,43,1.0,0.009,0.064,1.0,1.01,1.0,1.01,,,0.17,0.01,2.74,False,
SMITH-BR6-ACID-OH-STR,main,group,carboxylic acid,carboxylic_acids,2500.0,3500.0,strong,any,,,0.01,+intensity,5124,325,0.063,143,1816,182,2983,0.44,0.622,0.073,0.942,1.16,1.02,1.32,,,0.9,0.82,0.99,False,
SMITH-BR6-ACID-OH-STR,main,group,carboxylic acid,carboxylic_acids,2500.0,3500.0,strong,any,,,0.01,+shape,5124,325,0.063,143,1816,182,2983,0.44,0.622,0.073,0.942,1.16,1.02,1.32,,,0.9,0.82,0.99,False,
SMITH-BR6-ACID-OH-STR,main,group,carboxylic acid,carboxylic_acids,2500.0,3500.0,strong,any,,,0.02,position,5124,325,0.063,325,4707,0,92,1.0,0.019,0.065,1.0,1.02,1.01,1.02,,,0.08,0.0,1.28,False,
SMITH-BR6-ACID-OH-STR,main,group,carboxylic acid,carboxylic_acids,2500.0,3500.0,strong,any,,,0.02,+intensity,5124,325,0.063,143,1816,182,2983,0.44,0.622,0.073,0.942,1.16,1.02,1.32,,,0.9,0.82,0.99,False,
SMITH-BR6-ACID-OH-STR,main,group,carboxylic acid,carboxylic_acids,2500.0,3500.0,strong,any,,,0.02,+shape,5124,325,0.063,143,1816,182,2983,0.44,0.622,0.073,0.942,1.16,1.02,1.32,0.99,1.39,0.9,0.82,0.99,False,methylene_chain_4 OR=4.3 (n=409); ammonium_primary OR=3.8 (n=3); amine_secondary_saturated OR=3.4 (n=47)
SMITH-BR6-ACID-OH-STR,main,group,carboxylic acid,carboxylic_acids,2500.0,3500.0,strong,any,,,0.05,position,5124,325,0.063,323,4551,2,248,0.994,0.052,0.066,0.992,1.05,1.04,1.06,,,0.12,0.03,0.48,False,
SMITH-BR6-ACID-OH-STR,main,group,carboxylic acid,carboxylic_acids,2500.0,3500.0,strong,any,,,0.05,+intensity,5124,325,0.063,143,1816,182,2983,0.44,0.622,0.073,0.942,1.16,1.02,1.32,,,0.9,0.82,0.99,False,
SMITH-BR6-ACID-OH-STR,main,group,carboxylic acid,carboxylic_acids,2500.0,3500.0,strong,any,,,0.05,+shape,5124,325,0.063,143,1816,182,2983,0.44,0.622,0.073,0.942,1.16,1.02,1.32,,,0.9,0.82,0.99,False,
SMITH-BR6-ACID-OH-STR,main,group,carboxylic acid,carboxylic_acids,2500.0,3500.0,strong,any,,,0.1,position,5124,325,0.063,321,4210,4,589,0.988,0.123,0.071,0.993,1.13,1.11,1.14,,,0.1,0.04,0.27,False,
SMITH-BR6-ACID-OH-STR,main,group,carboxylic acid,carboxylic_acids,2500.0,3500.0,strong,any,,,0.1,+intensity,5124,325,0.063,143,1816,182,2983,0.44,0.622,0.073,0.942,1.16,1.02,1.32,,,0.9,0.82,0.99,False,
SMITH-BR6-ACID-OH-STR,main,group,carboxylic acid,carboxylic_acids,2500.0,3500.0,strong,any,,,0.1,+shape,5124,325,0.063,143,1816,182,2983,0.44,0.622,0.073,0.942,1.16,1.02,1.32,,,0.9,0.82,0.99,False,
SMITH-BR6-ACID-OH-IPB,main,group,carboxylic acid,carboxylic_acids,1395.0,1440.0,any,any,,,0.01,position,5124,325,0.063,289,3217,36,1582,0.889,0.33,0.082,0.978,1.33,1.27,1.39,,,0.34,0.25,0.46,False,
SMITH-BR6-ACID-OH-IPB,main,group,carboxylic acid,carboxylic_acids,1395.0,1440.0,any,any,,,0.01,+intensity,5124,325,0.063,289,3217,36,1582,0.889,0.33,0.082,0.978,1.33,1.27,1.39,,,0.34,0.25,0.46,False,
SMITH-BR6-ACID-OH-IPB,main,group,carboxylic acid,carboxylic_acids,1395.0,1440.0,any,any,,,0.01,+shape,5124,325,0.063,289,3217,36,1582,0.889,0.33,0.082,0.978,1.33,1.27,1.39,,,0.34,0.25,0.46,False,
SMITH-BR6-ACID-OH-IPB,main,group,carboxylic acid,carboxylic_acids,1395.0,1440.0,any,any,,,0.02,position,5124,325,0.063,281,2971,44,1828,0.865,0.381,0.086,0.976,1.4,1.33,1.47,,,0.36,0.27,0.47,False,
SMITH-BR6-ACID-OH-IPB,main,group,carboxylic acid,carboxylic_acids,1395.0,1440.0,any,any,,,0.02,+intensity,5124,325,0.063,281,2971,44,1828,0.865,0.381,0.086,0.976,1.4,1.33,1.47,,,0.36,0.27,0.47,False,
SMITH-BR6-ACID-OH-IPB,main,group,carboxylic acid,carboxylic_acids,1395.0,1440.0,any,any,,,0.02,+shape,5124,325,0.063,281,2971,44,1828,0.865,0.381,0.086,0.976,1.4,1.33,1.47,1.23,1.47,0.36,0.27,0.47,False,ammonium_primary OR=5.5 (n=4); alkene_vinyl OR=5.3 (n=79); amide_primary OR=3.1 (n=80)
SMITH-BR6-ACID-OH-IPB,main,group,carboxylic acid,carboxylic_acids,1395.0,1440.0,any,any,,,0.05,position,5124,325,0.063,255,2513,70,2286,0.785,0.476,0.092,0.97,1.5,1.41,1.6,,,0.45,0.37,0.56,False,
SMITH-BR6-ACID-OH-IPB,main,group,carboxylic acid,carboxylic_acids,1395.0,1440.0,any,any,,,0.05,+intensity,5124,325,0.063,255,2513,70,2286,0.785,0.476,0.092,0.97,1.5,1.41,1.6,,,0.45,0.37,0.56,False,
SMITH-BR6-ACID-OH-IPB,main,group,carboxylic acid,carboxylic_acids,1395.0,1440.0,any,any,,,0.05,+shape,5124,325,0.063,255,2513,70,2286,0.785,0.476,0.092,0.97,1.5,1.41,1.6,,,0.45,0.37,0.56,False,
SMITH-BR6-ACID-OH-IPB,main,group,carboxylic acid,carboxylic_acids,1395.0,1440.0,any,any,,,0.1,position,5124,325,0.063,217,1949,108,2850,0.668,0.594,0.1,0.963,1.64,1.51,1.79,,,0.56,0.48,0.65,False,
SMITH-BR6-ACID-OH-IPB,main,group,carboxylic acid,carboxylic_acids,1395.0,1440.0,any,any,,,0.1,+intensity,5124,325,0.063,217,1949,108,2850,0.668,0.594,0.1,0.963,1.64,1.51,1.79,,,0.56,0.48,0.65,False,
SMITH-BR6-ACID-OH-IPB,main,group,carboxylic acid,carboxylic_acids,1395.0,1440.0,any,any,,,0.1,+shape,5124,325,0.063,217,1949,108,2850,0.668,0.594,0.1,0.963,1.64,1.51,1.79,,,0.56,0.48,0.65,False,
SMITH-BR6-ACID-OH-OOP,main,group,carboxylic acid,carboxylic_acids,900.0,960.0,any,any,,,0.01,position,5124,325,0.063,298,3820,27,979,0.917,0.204,0.072,0.973,1.15,1.11,1.19,,,0.41,0.28,0.59,False,
SMITH-BR6-ACID-OH-OOP,main,group,carboxylic acid,carboxylic_acids,900.0,960.0,any,any,,,0.01,+intensity,5124,325,0.063,298,3820,27,979,0.917,0.204,0.072,0.973,1.15,1.11,1.19,,,0.41,0.28,0.59,False,
SMITH-BR6-ACID-OH-OOP,main,group,carboxylic acid,carboxylic_acids,900.0,960.0,any,any,,,0.01,+shape,5124,325,0.063,298,3820,27,979,0.917,0.204,0.072,0.973,1.15,1.11,1.19,,,0.41,0.28,0.59,False,
SMITH-BR6-ACID-OH-OOP,main,group,carboxylic acid,carboxylic_acids,900.0,960.0,any,any,,,0.02,position,5124,325,0.063,285,3446,40,1353,0.877,0.282,0.076,0.971,1.22,1.17,1.28,,,0.44,0.33,0.59,False,
SMITH-BR6-ACID-OH-OOP,main,group,carboxylic acid,carboxylic_acids,900.0,960.0,any,any,,,0.02,+intensity,5124,325,0.063,285,3446,40,1353,0.877,0.282,0.076,0.971,1.22,1.17,1.28,,,0.44,0.33,0.59,False,
SMITH-BR6-ACID-OH-OOP,main,group,carboxylic acid,carboxylic_acids,900.0,960.0,any,any,,,0.02,+shape,5124,325,0.063,285,3446,40,1353,0.877,0.282,0.076,0.971,1.22,1.17,1.28,1.05,1.3,0.44,0.33,0.59,False,alkene_vinyl OR=23.5 (n=87); alcohol_tertiary OR=14.1 (n=87); alkene_trisubstituted OR=4.5 (n=138)
SMITH-BR6-ACID-OH-OOP,main,group,carboxylic acid,carboxylic_acids,900.0,960.0,any,any,,,0.05,position,5124,325,0.063,253,2665,72,2134,0.778,0.445,0.087,0.967,1.4,1.32,1.49,,,0.5,0.41,0.61,False,
SMITH-BR6-ACID-OH-OOP,main,group,carboxylic acid,carboxylic_acids,900.0,960.0,any,any,,,0.05,+intensity,5124,325,0.063,253,2665,72,2134,0.778,0.445,0.087,0.967,1.4,1.32,1.49,,,0.5,0.41,0.61,False,
SMITH-BR6-ACID-OH-OOP,main,group,carboxylic acid,carboxylic_acids,900.0,960.0,any,any,,,0.05,+shape,5124,325,0.063,253,2665,72,2134,0.778,0.445,0.087,0.967,1.4,1.32,1.49,,,0.5,0.41,0.61,False,
SMITH-BR6-ACID-OH-OOP,main,group,carboxylic acid,carboxylic_acids,900.0,960.0,any,any,,,0.1,position,5124,325,0.063,190,1871,135,2928,0.585,0.61,0.092,0.956,1.5,1.36,1.65,,,0.68,0.6,0.78,False,
SMITH-BR6-ACID-OH-OOP,main,group,carboxylic acid,carboxylic_acids,900.0,960.0,any,any,,,0.1,+intensity,5124,325,0.063,190,1871,135,2928,0.585,0.61,0.092,0.956,1.5,1.36,1.65,,,0.68,0.6,0.78,False,
SMITH-BR6-ACID-OH-OOP,main,group,carboxylic acid,carboxylic_acids,900.0,960.0,any,any,,,0.1,+shape,5124,325,0.063,190,1871,135,2928,0.585,0.61,0.092,0.956,1.5,1.36,1.65,,,0.68,0.6,0.78,False,
SMITH-BR7-EST-SAT-CO,main,group,saturated ester,ester_saturated,1735.0,1755.0,strong,any,,,0.01,position,5124,440,0.086,204,493,236,4191,0.464,0.895,0.293,0.947,4.41,3.87,5.02,,,0.6,0.55,0.65,False,
SMITH-BR7-EST-SAT-CO,main,group,saturated ester,ester_saturated,1735.0,1755.0,strong,any,,,0.01,+intensity,5124,440,0.086,187,160,253,4524,0.425,0.966,0.539,0.947,12.44,10.32,15.0,,,0.6,0.55,0.65,False,
SMITH-BR7-EST-SAT-CO,main,group,saturated ester,ester_saturated,1735.0,1755.0,strong,any,,,0.01,+shape,5124,440,0.086,187,160,253,4524,0.425,0.966,0.539,0.947,12.44,10.32,15.0,,,0.6,0.55,0.65,False,
SMITH-BR7-EST-SAT-CO,main,group,saturated ester,ester_saturated,1735.0,1755.0,strong,any,,,0.02,position,5124,440,0.086,202,312,238,4372,0.459,0.933,0.393,0.948,6.89,5.95,7.99,,,0.58,0.53,0.63,False,
SMITH-BR7-EST-SAT-CO,main,group,saturated ester,ester_saturated,1735.0,1755.0,strong,any,,,0.02,+intensity,5124,440,0.086,186,159,254,4525,0.423,0.966,0.539,0.947,12.45,10.32,15.03,,,0.6,0.55,0.65,False,
SMITH-BR7-EST-SAT-CO,main,group,saturated ester,ester_saturated,1735.0,1755.0,strong,any,,,0.02,+shape,5124,440,0.086,186,159,254,4525,0.423,0.966,0.539,0.947,12.45,10.32,15.03,7.05,15.97,0.6,0.55,0.65,False,carbonate_organic OR=33.3 (n=11); carbonyl_any OR=28.8 (n=151); aldehyde_saturated OR=7.0 (n=3)
SMITH-BR7-EST-SAT-CO,main,group,saturated ester,ester_saturated,1735.0,1755.0,strong,any,,,0.05,position,5124,440,0.086,198,219,242,4465,0.45,0.953,0.475,0.949,9.62,8.16,11.36,,,0.58,0.53,0.63,False,
SMITH-BR7-EST-SAT-CO,main,group,saturated ester,ester_saturated,1735.0,1755.0,strong,any,,,0.05,+intensity,5124,440,0.086,184,154,256,4530,0.418,0.967,0.544,0.947,12.72,10.51,15.39,,,0.6,0.56,0.65,False,
SMITH-BR7-EST-SAT-CO,main,group,saturated ester,ester_saturated,1735.0,1755.0,strong,any,,,0.05,+shape,5124,440,0.086,184,154,256,4530,0.418,0.967,0.544,0.947,12.72,10.51,15.39,,,0.6,0.56,0.65,False,
SMITH-BR7-EST-SAT-CO,main,group,saturated ester,ester_saturated,1735.0,1755.0,strong,any,,,0.1,position,5124,440,0.086,196,199,244,4485,0.445,0.958,0.496,0.948,10.48,8.83,12.44,,,0.58,0.53,0.63,False,
SMITH-BR7-EST-SAT-CO,main,group,saturated ester,ester_saturated,1735.0,1755.0,strong,any,,,0.1,+intensity,5124,440,0.086,182,150,258,4534,0.414,0.968,0.548,0.946,12.92,10.65,15.66,,,0.61,0.56,0.66,False,
SMITH-BR7-EST-SAT-CO,main,group,saturated ester,ester_saturated,1735.0,1755.0,strong,any,,,0.1,+shape,5124,440,0.086,182,150,258,4534,0.414,0.968,0.548,0.946,12.92,10.65,15.66,,,0.61,0.56,0.66,False,
SMITH-BR7-EST-SAT-CCO,main,group,saturated ester,ester_saturated,1160.0,1210.0,strong,any,,,0.01,position,5124,440,0.086,376,3659,64,1025,0.855,0.219,0.093,0.941,1.09,1.05,1.14,,,0.66,0.53,0.84,False,
SMITH-BR7-EST-SAT-CCO,main,group,saturated ester,ester_saturated,1160.0,1210.0,strong,any,,,0.01,+intensity,5124,440,0.086,167,746,273,3938,0.38,0.841,0.183,0.935,2.38,2.08,2.73,,,0.74,0.69,0.79,False,
SMITH-BR7-EST-SAT-CCO,main,group,saturated ester,ester_saturated,1160.0,1210.0,strong,any,,,0.01,+shape,5124,440,0.086,167,746,273,3938,0.38,0.841,0.183,0.935,2.38,2.08,2.73,,,0.74,0.69,0.79,False,
SMITH-BR7-EST-SAT-CCO,main,group,saturated ester,ester_saturated,1160.0,1210.0,strong,any,,,0.02,position,5124,440,0.086,362,3397,78,1287,0.823,0.275,0.096,0.943,1.13,1.08,1.19,,,0.65,0.52,0.79,False,
SMITH-BR7-EST-SAT-CCO,main,group,saturated ester,ester_saturated,1160.0,1210.0,strong,any,,,0.02,+intensity,5124,440,0.086,166,745,274,3939,0.377,0.841,0.182,0.935,2.37,2.07,2.72,,,0.74,0.69,0.8,False,
SMITH-BR7-EST-SAT-CCO,main,group,saturated ester,ester_saturated,1160.0,1210.0,strong,any,,,0.02,+shape,5124,440,0.086,166,745,274,3939,0.377,0.841,0.182,0.935,2.37,2.07,2.72,1.78,2.83,0.74,0.69,0.8,False,ether_aryl OR=11.1 (n=59); phenol OR=2.9 (n=135); esters OR=2.6 (n=67)
SMITH-BR7-EST-SAT-CCO,main,group,saturated ester,ester_saturated,1160.0,1210.0,strong,any,,,0.05,position,5124,440,0.086,336,2835,104,1849,0.764,0.395,0.106,0.947,1.26,1.19,1.34,,,0.6,0.5,0.71,False,
SMITH-BR7-EST-SAT-CCO,main,group,saturated ester,ester_saturated,1160.0,1210.0,strong,any,,,0.05,+intensity,5124,440,0.086,165,738,275,3946,0.375,0.842,0.183,0.935,2.38,2.07,2.73,,,0.74,0.69,0.8,False,
SMITH-BR7-EST-SAT-CCO,main,group,saturated ester,ester_saturated,1160.0,1210.0,strong,any,,,0.05,+shape,5124,440,0.086,165,738,275,3946,0.375,0.842,0.183,0.935,2.38,2.07,2.73,,,0.74,0.69,0.8,False,
SMITH-BR7-EST-SAT-CCO,main,group,saturated ester,ester_saturated,1160.0,1210.0,strong,any,,,0.1,position,5124,440,0.086,305,2291,135,2393,0.693,0.511,0.117,0.947,1.42,1.32,1.52,,,0.6,0.52,0.69,False,
SMITH-BR7-EST-SAT-CCO,main,group,saturated ester,ester_saturated,1160.0,1210.0,strong,any,,,0.1,+intensity,5124,440,0.086,158,735,282,3949,0.359,0.843,0.177,0.933,2.29,1.99,2.64,,,0.76,0.71,0.82,False,
SMITH-BR7-EST-SAT-CCO,main,group,saturated ester,ester_saturated,1160.0,1210.0,strong,any,,,0.1,+shape,5124,440,0.086,158,735,282,3949,0.359,0.843,0.177,0.933,2.29,1.99,2.64,,,0.76,0.71,0.82,False,
SMITH-BR7-EST-SAT-OCC,main,group,saturated ester,ester_saturated,1030.0,1100.0,strong,any,,,0.01,position,5124,440,0.086,397,4072,43,612,0.902,0.131,0.089,0.934,1.04,1.0,1.07,,,0.75,0.56,1.0,False,
SMITH-BR7-EST-SAT-OCC,main,group,saturated ester,ester_saturated,1030.0,1100.0,strong,any,,,0.01,+intensity,5124,440,0.086,79,701,361,3983,0.18,0.85,0.101,0.917,1.2,0.97,1.48,,,0.96,0.92,1.01,False,
SMITH-BR7-EST-SAT-OCC,main,group,saturated ester,ester_saturated,1030.0,1100.0,strong,any,,,0.01,+shape,5124,440,0.086,79,701,361,3983,0.18,0.85,0.101,0.917,1.2,0.97,1.48,,,0.96,0.92,1.01,False,
SMITH-BR7-EST-SAT-OCC,main,group,saturated ester,ester_saturated,1030.0,1100.0,strong,any,,,0.02,position,5124,440,0.086,375,3845,65,839,0.852,0.179,0.089,0.928,1.04,1.0,1.08,,,0.82,0.65,1.04,False,
SMITH-BR7-EST-SAT-OCC,main,group,saturated ester,ester_saturated,1030.0,1100.0,strong,any,,,0.02,+intensity,5124,440,0.086,78,699,362,3985,0.177,0.851,0.1,0.917,1.19,0.96,1.47,,,0.97,0.92,1.01,False,
SMITH-BR7-EST-SAT-OCC,main,group,saturated ester,ester_saturated,1030.0,1100.0,strong,any,,,0.02,+shape,5124,440,0.086,78,699,362,3985,0.177,0.851,0.1,0.917,1.19,0.96,1.47,0.86,1.97,0.97,0.92,1.01,False,alcohol_primary OR=6.7 (n=108); ether_saturated OR=4.7 (n=87); alcohol_secondary OR=4.5 (n=92)
SMITH-BR7-EST-SAT-OCC,main,group,saturated ester,ester_saturated,1030.0,1100.0,strong,any,,,0.05,position,5124,440,0.086,333,3296,107,1388,0.757,0.296,0.092,0.928,1.08,1.02,1.14,,,0.82,0.69,0.97,False,
SMITH-BR7-EST-SAT-OCC,main,group,saturated ester,ester_saturated,1030.0,1100.0,strong,any,,,0.05,+intensity,5124,440,0.086,78,695,362,3989,0.177,0.852,0.101,0.917,1.19,0.97,1.48,,,0.97,0.92,1.01,False,
SMITH-BR7-EST-SAT-OCC,main,group,saturated ester,ester_saturated,1030.0,1100.0,strong,any,,,0.05,+shape,5124,440,0.086,78,695,362,3989,0.177,0.852,0.101,0.917,1.19,0.97,1.48,,,0.97,0.92,1.01,False,
SMITH-BR7-EST-SAT-OCC,main,group,saturated ester,ester_saturated,1030.0,1100.0,strong,any,,,0.1,position,5124,440,0.086,274,2637,166,2047,0.623,0.437,0.094,0.925,1.11,1.02,1.19,,,0.86,0.76,0.98,False,
SMITH-BR7-EST-SAT-OCC,main,group,saturated ester,ester_saturated,1030.0,1100.0,strong,any,,,0.1,+intensity,5124,440,0.086,78,691,362,3993,0.177,0.852,0.101,0.917,1.2,0.97,1.49,,,0.97,0.92,1.01,False,
SMITH-BR7-EST-SAT-OCC,main,group,saturated ester,ester_saturated,1030.0,1100.0,strong,any,,,0.1,+shape,5124,440,0.086,78,691,362,3993,0.177,0.852,0.101,0.917,1.2,0.97,1.49,,,0.97,0.92,1.01,False,
SMITH-BR7-EST-AR-CO,main,group,aromatic ester,ester_aromatic,1715.0,1730.0,strong,any,,,0.01,position,5124,169,0.033,62,603,107,4352,0.367,0.878,0.093,0.976,3.01,2.44,3.73,,,0.72,0.64,0.81,False,
SMITH-BR7-EST-AR-CO,main,group,aromatic ester,ester_aromatic,1715.0,1730.0,strong,any,,,0.01,+intensity,5124,169,0.033,51,331,118,4624,0.302,0.933,0.134,0.975,4.52,3.51,5.81,,,0.75,0.68,0.83,False,
SMITH-BR7-EST-AR-CO,main,group,aromatic ester,ester_aromatic,1715.0,1730.0,strong,any,,,0.01,+shape,5124,169,0.033,51,331,118,4624,0.302,0.933,0.134,0.975,4.52,3.51,5.81,,,0.75,0.68,0.83,False,
SMITH-BR7-EST-AR-CO,main,group,aromatic ester,ester_aromatic,1715.0,1730.0,strong,any,,,0.02,position,5124,169,0.033,60,511,109,4444,0.355,0.897,0.105,0.976,3.44,2.77,4.29,,,0.72,0.64,0.8,False,
SMITH-BR7-EST-AR-CO,main,group,aromatic ester,ester_aromatic,1715.0,1730.0,strong,any,,,0.02,+intensity,5124,169,0.033,49,329,120,4626,0.29,0.934,0.13,0.975,4.37,3.37,5.65,,,0.76,0.69,0.84,False,
SMITH-BR7-EST-AR-CO,main,group,aromatic ester,ester_aromatic,1715.0,1730.0,strong,any,,,0.02,+shape,5124,169,0.033,49,329,120,4626,0.29,0.934,0.13,0.975,4.37,3.37,5.65,2.34,6.58,0.76,0.69,0.84,False,carbonyl_any OR=51.4 (n=320); ketone_saturated OR=6.5 (n=49); esters OR=6.4 (n=117)
SMITH-BR7-EST-AR-CO,main,group,aromatic ester,ester_aromatic,1715.0,1730.0,strong,any,,,0.05,position,5124,169,0.033,58,406,111,4549,0.343,0.918,0.125,0.976,4.19,3.33,5.26,,,0.72,0.64,0.8,False,
SMITH-BR7-EST-AR-CO,main,group,aromatic ester,ester_aromatic,1715.0,1730.0,strong,any,,,0.05,+intensity,5124,169,0.033,47,314,122,4641,0.278,0.937,0.13,0.974,4.39,3.37,5.72,,,0.77,0.7,0.85,False,
SMITH-BR7-EST-AR-CO,main,group,aromatic ester,ester_aromatic,1715.0,1730.0,strong,any,,,0.05,+shape,5124,169,0.033,47,314,122,4641,0.278,0.937,0.13,0.974,4.39,3.37,5.72,,,0.77,0.7,0.85,False,
SMITH-BR7-EST-AR-CO,main,group,aromatic ester,ester_aromatic,1715.0,1730.0,strong,any,,,0.1,position,5124,169,0.033,58,376,111,4579,0.343,0.924,0.134,0.976,4.52,3.59,5.69,,,0.71,0.64,0.79,False,
SMITH-BR7-EST-AR-CO,main,group,aromatic ester,ester_aromatic,1715.0,1730.0,strong,any,,,0.1,+intensity,5124,169,0.033,47,309,122,4646,0.278,0.938,0.132,0.974,4.46,3.42,5.82,,,0.77,0.7,0.85,False,
SMITH-BR7-EST-AR-CO,main,group,aromatic ester,ester_aromatic,1715.0,1730.0,strong,any,,,0.1,+shape,5124,169,0.033,47,309,122,4646,0.278,0.938,0.132,0.974,4.46,3.42,5.82,,,0.77,0.7,0.85,False,
SMITH-BR7-EST-AR-CCO,main,group,aromatic ester,ester_aromatic,1250.0,1310.0,strong,any,,,0.01,position,5124,169,0.033,164,4272,5,683,0.97,0.138,0.037,0.993,1.13,1.09,1.16,,,0.21,0.09,0.51,False,
SMITH-BR7-EST-AR-CCO,main,group,aromatic ester,ester_aromatic,1250.0,1310.0,strong,any,,,0.01,+intensity,5124,169,0.033,116,990,53,3965,0.686,0.8,0.105,0.987,3.44,3.06,3.86,,,0.39,0.31,0.49,False,
SMITH-BR7-EST-AR-CCO,main,group,aromatic ester,ester_aromatic,1250.0,1310.0,strong,any,,,0.01,+shape,5124,169,0.033,116,990,53,3965,0.686,0.8,0.105,0.987,3.44,3.06,3.86,,,0.39,0.31,0.49,False,
SMITH-BR7-EST-AR-CCO,main,group,aromatic ester,ester_aromatic,1250.0,1310.0,strong,any,,,0.02,position,5124,169,0.033,163,4015,6,940,0.964,0.19,0.039,0.994,1.19,1.15,1.23,,,0.19,0.09,0.41,False,
SMITH-BR7-EST-AR-CCO,main,group,aromatic ester,ester_aromatic,1250.0,1310.0,strong,any,,,0.02,+intensity,5124,169,0.033,116,989,53,3966,0.686,0.8,0.105,0.987,3.44,3.06,3.86,,,0.39,0.31,0.49,False,
SMITH-BR7-EST-AR-CCO,main,group,aromatic ester,ester_aromatic,1250.0,1310.0,strong,any,,,0.02,+shape,5124,169,0.033,116,989,53,3966,0.686,0.8,0.105,0.987,3.44,3.06,3.86,2.6,4.02,0.39,0.31,0.49,False,carbonate_organic OR=9.1 (n=14); ketone_aromatic OR=5.6 (n=116); carboxylic_acid_aromatic OR=5.2 (n=50)
SMITH-BR7-EST-AR-CCO,main,group,aromatic ester,ester_aromatic,1250.0,1310.0,strong,any,,,0.05,position,5124,169,0.033,161,3461,8,1494,0.953,0.302,0.044,0.995,1.36,1.31,1.42,,,0.16,0.08,0.31,False,
SMITH-BR7-EST-AR-CCO,main,group,aromatic ester,ester_aromatic,1250.0,1310.0,strong,any,,,0.05,+intensity,5124,169,0.033,116,974,53,3981,0.686,0.803,0.106,0.987,3.49,3.11,3.92,,,0.39,0.31,0.49,False,
SMITH-BR7-EST-AR-CCO,main,group,aromatic ester,ester_aromatic,1250.0,1310.0,strong,any,,,0.05,+shape,5124,169,0.033,116,974,53,3981,0.686,0.803,0.106,0.987,3.49,3.11,3.92,,,0.39,0.31,0.49,False,
SMITH-BR7-EST-AR-CCO,main,group,aromatic ester,ester_aromatic,1250.0,1310.0,strong,any,,,0.1,position,5124,169,0.033,153,2868,16,2087,0.905,0.421,0.051,0.992,1.56,1.48,1.65,,,0.22,0.14,0.36,False,
SMITH-BR7-EST-AR-CCO,main,group,aromatic ester,ester_aromatic,1250.0,1310.0,strong,any,,,0.1,+intensity,5124,169,0.033,116,964,53,3991,0.686,0.805,0.107,0.987,3.53,3.14,3.96,,,0.39,0.31,0.49,False,
SMITH-BR7-EST-AR-CCO,main,group,aromatic ester,ester_aromatic,1250.0,1310.0,strong,any,,,0.1,+shape,5124,169,0.033,116,964,53,3991,0.686,0.805,0.107,0.987,3.53,3.14,3.96,,,0.39,0.31,0.49,False,
SMITH-BR7-EST-AR-OCC,main,group,aromatic ester,ester_aromatic,1100.0,1130.0,strong,any,,,0.01,position,5124,169,0.033,136,2904,33,2051,0.805,0.414,0.045,0.984,1.37,1.27,1.48,,,0.47,0.35,0.64,False,
SMITH-BR7-EST-AR-OCC,main,group,aromatic ester,ester_aromatic,1100.0,1130.0,strong,any,,,0.01,+intensity,5124,169,0.033,40,415,129,4540,0.237,0.916,0.088,0.972,2.83,2.12,3.76,,,0.83,0.77,0.91,False,
SMITH-BR7-EST-AR-OCC,main,group,aromatic ester,ester_aromatic,1100.0,1130.0,strong,any,,,0.01,+shape,5124,169,0.033,40,415,129,4540,0.237,0.916,0.088,0.972,2.83,2.12,3.76,,,0.83,0.77,0.91,False,
SMITH-BR7-EST-AR-OCC,main,group,aromatic ester,ester_aromatic,1100.0,1130.0,strong,any,,,0.02,position,5124,169,0.033,129,2616,40,2339,0.763,0.472,0.047,0.983,1.45,1.32,1.58,,,0.5,0.38,0.66,False,
SMITH-BR7-EST-AR-OCC,main,group,aromatic ester,ester_aromatic,1100.0,1130.0,strong,any,,,0.02,+intensity,5124,169,0.033,40,409,129,4546,0.237,0.917,0.089,0.972,2.87,2.15,3.82,,,0.83,0.76,0.91,False,
SMITH-BR7-EST-AR-OCC,main,group,aromatic ester,ester_aromatic,1100.0,1130.0,strong,any,,,0.02,+shape,5124,169,0.033,40,409,129,4546,0.237,0.917,0.089,0.972,2.87,2.15,3.82,1.93,4.07,0.83,0.76,0.91,False,ether_saturated OR=12.8 (n=106); ether OR=4.9 (n=153); c_o_single_any OR=2.8 (n=223)
SMITH-BR7-EST-AR-OCC,main,group,aromatic ester,ester_aromatic,1100.0,1130.0,strong,any,,,0.05,position,5124,169,0.033,119,2070,50,2885,0.704,0.582,0.054,0.983,1.69,1.52,1.87,,,0.51,0.4,0.64,False,
SMITH-BR7-EST-AR-OCC,main,group,aromatic ester,ester_aromatic,1100.0,1130.0,strong,any,,,0.05,+intensity,5124,169,0.033,39,405,130,4550,0.231,0.918,0.088,0.972,2.82,2.11,3.78,,,0.84,0.77,0.91,False,
SMITH-BR7-EST-AR-OCC,main,group,aromatic ester,ester_aromatic,1100.0,1130.0,strong,any,,,0.05,+shape,5124,169,0.033,39,405,130,4550,0.231,0.918,0.088,0.972,2.82,2.11,3.78,,,0.84,0.77,0.91,False,
SMITH-BR7-EST-AR-OCC,main,group,aromatic ester,ester_aromatic,1100.0,1130.0,strong,any,,,0.1,position,5124,169,0.033,113,1525,56,3430,0.669,0.692,0.069,0.984,2.17,1.94,2.44,,,0.48,0.39,0.59,False,
SMITH-BR7-EST-AR-OCC,main,group,aromatic ester,ester_aromatic,1100.0,1130.0,strong,any,,,0.1,+intensity,5124,169,0.033,38,387,131,4568,0.225,0.922,0.089,0.972,2.88,2.14,3.87,,,0.84,0.77,0.91,False,
SMITH-BR7-EST-AR-OCC,main,group,aromatic ester,ester_aromatic,1100.0,1130.0,strong,any,,,0.1,+shape,5124,169,0.033,38,387,131,4568,0.225,0.922,0.089,0.972,2.88,2.14,3.87,,,0.84,0.77,0.91,False,
SMITH-BR7-CARB-SAT-CO,main,group,saturated organic carbonate,carbonate_organic,1730.0,1750.0,strong,any,,,0.01,position,5124,21,0.004,10,814,11,4289,0.476,0.84,0.012,0.997,2.99,1.9,4.7,,,0.62,0.41,0.94,False,
SMITH-BR7-CARB-SAT-CO,main,group,saturated organic carbonate,carbonate_organic,1730.0,1750.0,strong,any,,,0.01,+intensity,5124,21,0.004,10,429,11,4674,0.476,0.916,0.023,0.998,5.66,3.58,8.95,,,0.57,0.38,0.86,False,
SMITH-BR7-CARB-SAT-CO,main,group,saturated organic carbonate,carbonate_organic,1730.0,1750.0,strong,any,,,0.01,+shape,5124,21,0.004,10,429,11,4674,0.476,0.916,0.023,0.998,5.66,3.58,8.95,,,0.57,0.38,0.86,False,
SMITH-BR7-CARB-SAT-CO,main,group,saturated organic carbonate,carbonate_organic,1730.0,1750.0,strong,any,,,0.02,position,5124,21,0.004,10,629,11,4474,0.476,0.877,0.016,0.998,3.86,2.45,6.09,,,0.6,0.4,0.9,False,
SMITH-BR7-CARB-SAT-CO,main,group,saturated organic carbonate,carbonate_organic,1730.0,1750.0,strong,any,,,0.02,+intensity,5124,21,0.004,10,426,11,4677,0.476,0.917,0.023,0.998,5.7,3.61,9.02,,,0.57,0.38,0.86,False,
SMITH-BR7-CARB-SAT-CO,main,group,saturated organic carbonate,carbonate_organic,1730.0,1750.0,strong,any,,,0.02,+shape,5124,21,0.004,10,426,11,4677,0.476,0.917,0.023,0.998,5.7,3.61,9.02,1.39,9.04,0.57,0.38,0.86,False,carbonyl_any OR=58.7 (n=416); ester_saturated OR=19.6 (n=213); esters OR=17.5 (n=262)
SMITH-BR7-CARB-SAT-CO,main,group,saturated organic carbonate,carbonate_organic,1730.0,1750.0,strong,any,,,0.05,position,5124,21,0.004,10,515,11,4588,0.476,0.899,0.019,0.998,4.72,2.99,7.44,,,0.58,0.39,0.88,False,
SMITH-BR7-CARB-SAT-CO,main,group,saturated organic carbonate,carbonate_organic,1730.0,1750.0,strong,any,,,0.05,+intensity,5124,21,0.004,10,418,11,4685,0.476,0.918,0.023,0.998,5.81,3.68,9.19,,,0.57,0.38,0.86,False,
SMITH-BR7-CARB-SAT-CO,main,group,saturated organic carbonate,carbonate_organic,1730.0,1750.0,strong,any,,,0.05,+shape,5124,21,0.004,10,418,11,4685,0.476,0.918,0.023,0.998,5.81,3.68,9.19,,,0.57,0.38,0.86,False,
SMITH-BR7-CARB-SAT-CO,main,group,saturated organic carbonate,carbonate_organic,1730.0,1750.0,strong,any,,,0.1,position,5124,21,0.004,10,484,11,4619,0.476,0.905,0.02,0.998,5.02,3.18,7.93,,,0.58,0.38,0.87,False,
SMITH-BR7-CARB-SAT-CO,main,group,saturated organic carbonate,carbonate_organic,1730.0,1750.0,strong,any,,,0.1,+intensity,5124,21,0.004,10,410,11,4693,0.476,0.92,0.024,0.998,5.93,3.75,9.37,,,0.57,0.38,0.86,False,
SMITH-BR7-CARB-SAT-CO,main,group,saturated organic carbonate,carbonate_organic,1730.0,1750.0,strong,any,,,0.1,+shape,5124,21,0.004,10,410,11,4693,0.476,0.92,0.024,0.998,5.93,3.75,9.37,,,0.57,0.38,0.86,False,
SMITH-BR7-CARB-SAT-OCO,main,group,saturated organic carbonate,carbonate_organic,1240.0,1280.0,strong,any,,,0.01,position,5124,21,0.004,16,3772,5,1331,0.762,0.261,0.004,0.996,1.03,0.81,1.31,,,0.91,0.42,1.96,False,
SMITH-BR7-CARB-SAT-OCO,main,group,saturated organic carbonate,carbonate_organic,1240.0,1280.0,strong,any,,,0.01,+intensity,5124,21,0.004,15,992,6,4111,0.714,0.806,0.015,0.999,3.67,2.79,4.84,,,0.35,0.18,0.7,False,
SMITH-BR7-CARB-SAT-OCO,main,group,saturated organic carbonate,carbonate_organic,1240.0,1280.0,strong,any,,,0.01,+shape,5124,21,0.004,15,992,6,4111,0.714,0.806,0.015,0.999,3.67,2.79,4.84,,,0.35,0.18,0.7,False,
SMITH-BR7-CARB-SAT-OCO,main,group,saturated organic carbonate,carbonate_organic,1240.0,1280.0,strong,any,,,0.02,position,5124,21,0.004,16,3502,5,1601,0.762,0.314,0.005,0.997,1.11,0.87,1.41,,,0.76,0.35,1.63,False,
SMITH-BR7-CARB-SAT-OCO,main,group,saturated organic carbonate,carbonate_organic,1240.0,1280.0,strong,any,,,0.02,+intensity,5124,21,0.004,15,985,6,4118,0.714,0.807,0.015,0.999,3.7,2.81,4.88,,,0.35,0.18,0.7,False,
SMITH-BR7-CARB-SAT-OCO,main,group,saturated organic carbonate,carbonate_organic,1240.0,1280.0,strong,any,,,0.02,+shape,5124,21,0.004,15,985,6,4118,0.714,0.807,0.015,0.999,3.7,2.81,4.88,1.33,5.63,0.35,0.18,0.7,False,ester_aromatic OR=5.8 (n=94); ether_mixed OR=5.4 (n=181); ketone_aromatic OR=3.7 (n=98)
SMITH-BR7-CARB-SAT-OCO,main,group,saturated organic carbonate,carbonate_organic,1240.0,1280.0,strong,any,,,0.05,position,5124,21,0.004,15,3009,6,2094,0.714,0.41,0.005,0.997,1.21,0.92,1.59,,,0.7,0.35,1.37,False,
SMITH-BR7-CARB-SAT-OCO,main,group,saturated organic carbonate,carbonate_organic,1240.0,1280.0,strong,any,,,0.05,+intensity,5124,21,0.004,14,972,7,4131,0.667,0.81,0.014,0.998,3.5,2.57,4.76,,,0.41,0.22,0.75,False,
SMITH-BR7-CARB-SAT-OCO,main,group,saturated organic carbonate,carbonate_organic,1240.0,1280.0,strong,any,,,0.05,+shape,5124,21,0.004,14,972,7,4131,0.667,0.81,0.014,0.998,3.5,2.57,4.76,,,0.41,0.22,0.75,False,
SMITH-BR7-CARB-SAT-OCO,main,group,saturated organic carbonate,carbonate_organic,1240.0,1280.0,strong,any,,,0.1,position,5124,21,0.004,14,2462,7,2641,0.667,0.518,0.006,0.997,1.38,1.02,1.87,,,0.64,0.35,1.18,False,
SMITH-BR7-CARB-SAT-OCO,main,group,saturated organic carbonate,carbonate_organic,1240.0,1280.0,strong,any,,,0.1,+intensity,5124,21,0.004,13,962,8,4141,0.619,0.811,0.013,0.998,3.28,2.34,4.62,,,0.47,0.27,0.81,False,
SMITH-BR7-CARB-SAT-OCO,main,group,saturated organic carbonate,carbonate_organic,1240.0,1280.0,strong,any,,,0.1,+shape,5124,21,0.004,13,962,8,4141,0.619,0.811,0.013,0.998,3.28,2.34,4.62,,,0.47,0.27,0.81,False,
SMITH-BR7-CARB-MIX-CO,main,group,mixed organic carbonate,carbonate_organic,1760.0,1790.0,strong,any,,,0.01,position,5124,21,0.004,7,580,14,4523,0.333,0.886,0.012,0.997,2.93,1.59,5.4,,,0.75,0.56,1.02,False,
SMITH-BR7-CARB-MIX-CO,main,group,mixed organic carbonate,carbonate_organic,1760.0,1790.0,strong,any,,,0.01,+intensity,5124,21,0.004,4,133,17,4970,0.19,0.974,0.029,0.997,7.31,2.98,17.93,,,0.83,0.68,1.02,False,
SMITH-BR7-CARB-MIX-CO,main,group,mixed organic carbonate,carbonate_organic,1760.0,1790.0,strong,any,,,0.01,+shape,5124,21,0.004,4,133,17,4970,0.19,0.974,0.029,0.997,7.31,2.98,17.93,,,0.83,0.68,1.02,False,
SMITH-BR7-CARB-MIX-CO,main,group,mixed organic carbonate,carbonate_organic,1760.0,1790.0,strong,any,,,0.02,position,5124,21,0.004,7,327,14,4776,0.333,0.936,0.021,0.997,5.2,2.82,9.61,,,0.71,0.53,0.96,False,
SMITH-BR7-CARB-MIX-CO,main,group,mixed organic carbonate,carbonate_organic,1760.0,1790.0,strong,any,,,0.02,+intensity,5124,21,0.004,4,131,17,4972,0.19,0.974,0.03,0.997,7.42,3.02,18.21,,,0.83,0.68,1.02,False,
SMITH-BR7-CARB-MIX-CO,main,group,mixed organic carbonate,carbonate_organic,1760.0,1790.0,strong,any,,,0.02,+shape,5124,21,0.004,4,131,17,4972,0.19,0.974,0.03,0.997,7.42,3.02,18.21,1.45,20.14,0.83,0.68,1.02,False,carbonyl_any OR=47.3 (n=128); acyl_halides OR=20.9 (n=10); esters OR=12.9 (n=82)
SMITH-BR7-CARB-MIX-CO,main,group,mixed organic carbonate,carbonate_organic,1760.0,1790.0,strong,any,,,0.05,position,5124,21,0.004,7,202,14,4901,0.333,0.96,0.033,0.997,8.42,4.53,15.65,,,0.69,0.51,0.94,False,
SMITH-BR7-CARB-MIX-CO,main,group,mixed organic carbonate,carbonate_organic,1760.0,1790.0,strong,any,,,0.05,+intensity,5124,21,0.004,4,129,17,4974,0.19,0.975,0.03,0.997,7.53,3.07,18.5,,,0.83,0.67,1.02,False,
SMITH-BR7-CARB-MIX-CO,main,group,mixed organic carbonate,carbonate_organic,1760.0,1790.0,strong,any,,,0.05,+shape,5124,21,0.004,4,129,17,4974,0.19,0.975,0.03,0.997,7.53,3.07,18.5,,,0.83,0.67,1.02,False,
SMITH-BR7-CARB-MIX-CO,main,group,mixed organic carbonate,carbonate_organic,1760.0,1790.0,strong,any,,,0.1,position,5124,21,0.004,7,180,14,4923,0.333,0.965,0.037,0.997,9.45,5.08,17.6,,,0.69,0.51,0.94,False,
SMITH-BR7-CARB-MIX-CO,main,group,mixed organic carbonate,carbonate_organic,1760.0,1790.0,strong,any,,,0.1,+intensity,5124,21,0.004,4,128,17,4975,0.19,0.975,0.03,0.997,7.59,3.09,18.64,,,0.83,0.67,1.02,False,
SMITH-BR7-CARB-MIX-CO,main,group,mixed organic carbonate,carbonate_organic,1760.0,1790.0,strong,any,,,0.1,+shape,5124,21,0.004,4,128,17,4975,0.19,0.975,0.03,0.997,7.59,3.09,18.64,,,0.83,0.67,1.02,False,
SMITH-BR7-CARB-MIX-OCO,main,group,mixed organic carbonate,carbonate_organic,1210.0,1250.0,strong,any,,,0.01,position,5124,21,0.004,10,3521,11,1582,0.476,0.31,0.003,0.993,0.69,0.44,1.08,,,1.69,1.12,2.55,False,
SMITH-BR7-CARB-MIX-OCO,main,group,mixed organic carbonate,carbonate_organic,1210.0,1250.0,strong,any,,,0.01,+intensity,5124,21,0.004,6,942,15,4161,0.286,0.815,0.006,0.996,1.55,0.79,3.05,,,0.88,0.67,1.15,False,
SMITH-BR7-CARB-MIX-OCO,main,group,mixed organic carbonate,carbonate_organic,1210.0,1250.0,strong,any,,,0.01,+shape,5124,21,0.004,6,942,15,4161,0.286,0.815,0.006,0.996,1.55,0.79,3.05,,,0.88,0.67,1.15,False,
SMITH-BR7-CARB-MIX-OCO,main,group,mixed organic carbonate,carbonate_organic,1210.0,1250.0,strong,any,,,0.02,position,5124,21,0.004,10,3261,11,1842,0.476,0.361,0.003,0.994,0.75,0.48,1.17,,,1.45,0.96,2.19,False,
SMITH-BR7-CARB-MIX-OCO,main,group,mixed organic carbonate,carbonate_organic,1210.0,1250.0,strong,any,,,0.02,+intensity,5124,21,0.004,6,934,15,4169,0.286,0.817,0.006,0.996,1.56,0.79,3.08,,,0.87,0.67,1.15,False,
SMITH-BR7-CARB-MIX-OCO,main,group,mixed organic carbonate,carbonate_organic,1210.0,1250.0,strong,any,,,0.02,+shape,5124,21,0.004,6,934,15,4169,0.286,0.817,0.006,0.996,1.56,0.79,3.08,0.29,3.25,0.87,0.67,1.15,False,ether_aryl OR=6.3 (n=51); ether_mixed OR=4.4 (n=159); ether OR=3.1 (n=244)
SMITH-BR7-CARB-MIX-OCO,main,group,mixed organic carbonate,carbonate_organic,1210.0,1250.0,strong,any,,,0.05,position,5124,21,0.004,8,2765,13,2338,0.381,0.458,0.003,0.994,0.7,0.41,1.21,,,1.35,0.96,1.89,False,
SMITH-BR7-CARB-MIX-OCO,main,group,mixed organic carbonate,carbonate_organic,1210.0,1250.0,strong,any,,,0.05,+intensity,5124,21,0.004,5,920,16,4183,0.238,0.82,0.005,0.996,1.32,0.61,2.84,,,0.93,0.73,1.18,False,
SMITH-BR7-CARB-MIX-OCO,main,group,mixed organic carbonate,carbonate_organic,1210.0,1250.0,strong,any,,,0.05,+shape,5124,21,0.004,5,920,16,4183,0.238,0.82,0.005,0.996,1.32,0.61,2.84,,,0.93,0.73,1.18,False,
SMITH-BR7-CARB-MIX-OCO,main,group,mixed organic carbonate,carbonate_organic,1210.0,1250.0,strong,any,,,0.1,position,5124,21,0.004,6,2275,15,2828,0.286,0.554,0.003,0.995,0.64,0.33,1.26,,,1.29,0.98,1.69,False,
SMITH-BR7-CARB-MIX-OCO,main,group,mixed organic carbonate,carbonate_organic,1210.0,1250.0,strong,any,,,0.1,+intensity,5124,21,0.004,4,904,17,4199,0.19,0.823,0.004,0.996,1.08,0.44,2.6,,,0.98,0.8,1.21,False,
SMITH-BR7-CARB-MIX-OCO,main,group,mixed organic carbonate,carbonate_organic,1210.0,1250.0,strong,any,,,0.1,+shape,5124,21,0.004,4,904,17,4199,0.19,0.823,0.004,0.996,1.08,0.44,2.6,,,0.98,0.8,1.21,False,
SMITH-BR7-CARB-AR-CO,main,group,aromatic organic carbonate,carbonate_organic,1775.0,1820.0,strong,any,,,0.01,position,5124,21,0.004,5,793,16,4310,0.238,0.845,0.006,0.996,1.53,0.71,3.3,,,0.9,0.71,1.15,False,
SMITH-BR7-CARB-AR-CO,main,group,aromatic organic carbonate,carbonate_organic,1775.0,1820.0,strong,any,,,0.01,+intensity,5124,21,0.004,3,77,18,5026,0.143,0.985,0.037,0.996,9.47,3.24,27.63,,,0.87,0.73,1.04,False,
SMITH-BR7-CARB-AR-CO,main,group,aromatic organic carbonate,carbonate_organic,1775.0,1820.0,strong,any,,,0.01,+shape,5124,21,0.004,3,77,18,5026,0.143,0.985,0.037,0.996,9.47,3.24,27.63,,,0.87,0.73,1.04,False,
SMITH-BR7-CARB-AR-CO,main,group,aromatic organic carbonate,carbonate_organic,1775.0,1820.0,strong,any,,,0.02,position,5124,21,0.004,5,383,16,4720,0.238,0.925,0.013,0.997,3.17,1.47,6.86,,,0.82,0.65,1.05,False,
SMITH-BR7-CARB-AR-CO,main,group,aromatic organic carbonate,carbonate_organic,1775.0,1820.0,strong,any,,,0.02,+intensity,5124,21,0.004,3,76,18,5027,0.143,0.985,0.038,0.996,9.59,3.29,28.0,,,0.87,0.73,1.04,False,
SMITH-BR7-CARB-AR-CO,main,group,aromatic organic carbonate,carbonate_organic,1775.0,1820.0,strong,any,,,0.02,+shape,5124,21,0.004,3,76,18,5027,0.143,0.985,0.038,0.996,9.59,3.29,28.0,1.19,30.45,0.87,0.73,1.04,False,acyl_halides OR=81.5 (n=15); carbonyl_any OR=37.5 (n=74); ester_saturated OR=10.3 (n=36)
SMITH-BR7-CARB-AR-CO,main,group,aromatic organic carbonate,carbonate_organic,1775.0,1820.0,strong,any,,,0.05,position,5124,21,0.004,5,150,16,4953,0.238,0.971,0.032,0.997,8.1,3.71,17.69,,,0.78,0.62,1.0,False,
SMITH-BR7-CARB-AR-CO,main,group,aromatic organic carbonate,carbonate_organic,1775.0,1820.0,strong,any,,,0.05,+intensity,5124,21,0.004,3,75,18,5028,0.143,0.985,0.038,0.996,9.72,3.33,28.38,,,0.87,0.73,1.04,False,
SMITH-BR7-CARB-AR-CO,main,group,aromatic organic carbonate,carbonate_organic,1775.0,1820.0,strong,any,,,0.05,+shape,5124,21,0.004,3,75,18,5028,0.143,0.985,0.038,0.996,9.72,3.33,28.38,,,0.87,0.73,1.04,False,
SMITH-BR7-CARB-AR-CO,main,group,aromatic organic carbonate,carbonate_organic,1775.0,1820.0,strong,any,,,0.1,position,5124,21,0.004,5,116,16,4987,0.238,0.977,0.041,0.997,10.47,4.77,22.99,,,0.78,0.61,0.99,False,
SMITH-BR7-CARB-AR-CO,main,group,aromatic organic carbonate,carbonate_organic,1775.0,1820.0,strong,any,,,0.1,+intensity,5124,21,0.004,3,75,18,5028,0.143,0.985,0.038,0.996,9.72,3.33,28.38,,,0.87,0.73,1.04,False,
SMITH-BR7-CARB-AR-CO,main,group,aromatic organic carbonate,carbonate_organic,1775.0,1820.0,strong,any,,,0.1,+shape,5124,21,0.004,3,75,18,5028,0.143,0.985,0.038,0.996,9.72,3.33,28.38,,,0.87,0.73,1.04,False,
SMITH-BR7-CARB-AR-OCO,main,group,aromatic organic carbonate,carbonate_organic,1205.0,1230.0,strong,any,,,0.01,position,5124,21,0.004,8,2316,13,2787,0.381,0.546,0.003,0.995,0.84,0.49,1.45,,,1.13,0.81,1.59,False,
SMITH-BR7-CARB-AR-OCO,main,group,aromatic organic carbonate,carbonate_organic,1205.0,1230.0,strong,any,,,0.01,+intensity,5124,21,0.004,4,535,17,4568,0.19,0.895,0.007,0.996,1.82,0.75,4.4,,,0.9,0.73,1.11,False,
SMITH-BR7-CARB-AR-OCO,main,group,aromatic organic carbonate,carbonate_organic,1205.0,1230.0,strong,any,,,0.01,+shape,5124,21,0.004,4,535,17,4568,0.19,0.895,0.007,0.996,1.82,0.75,4.4,,,0.9,0.73,1.11,False,
SMITH-BR7-CARB-AR-OCO,main,group,aromatic organic carbonate,carbonate_organic,1205.0,1230.0,strong,any,,,0.02,position,5124,21,0.004,7,2091,14,3012,0.333,0.59,0.003,0.995,0.81,0.44,1.49,,,1.13,0.83,1.53,False,
SMITH-BR7-CARB-AR-OCO,main,group,aromatic organic carbonate,carbonate_organic,1205.0,1230.0,strong,any,,,0.02,+intensity,5124,21,0.004,4,524,17,4579,0.19,0.897,0.008,0.996,1.85,0.77,4.5,,,0.9,0.73,1.11,False,
SMITH-BR7-CARB-AR-OCO,main,group,aromatic organic carbonate,carbonate_organic,1205.0,1230.0,strong,any,,,0.02,+shape,5124,21,0.004,4,524,17,4579,0.19,0.897,0.008,0.996,1.85,0.77,4.5,0.24,5.96,0.9,0.73,1.11,False,ether_aryl OR=8.8 (n=43); phenol OR=3.3 (n=103); esters OR=2.5 (n=127)
SMITH-BR7-CARB-AR-OCO,main,group,aromatic organic carbonate,carbonate_organic,1205.0,1230.0,strong,any,,,0.05,position,5124,21,0.004,6,1701,15,3402,0.286,0.667,0.004,0.996,0.86,0.44,1.69,,,1.07,0.82,1.41,False,
SMITH-BR7-CARB-AR-OCO,main,group,aromatic organic carbonate,carbonate_organic,1205.0,1230.0,strong,any,,,0.05,+intensity,5124,21,0.004,4,512,17,4591,0.19,0.9,0.008,0.996,1.9,0.78,4.6,,,0.9,0.73,1.11,False,
SMITH-BR7-CARB-AR-OCO,main,group,aromatic organic carbonate,carbonate_organic,1205.0,1230.0,strong,any,,,0.05,+shape,5124,21,0.004,4,512,17,4591,0.19,0.9,0.008,0.996,1.9,0.78,4.6,,,0.9,0.73,1.11,False,
SMITH-BR7-CARB-AR-OCO,main,group,aromatic organic carbonate,carbonate_organic,1205.0,1230.0,strong,any,,,0.1,position,5124,21,0.004,5,1344,16,3759,0.238,0.737,0.004,0.996,0.9,0.42,1.95,,,1.03,0.81,1.31,False,
SMITH-BR7-CARB-AR-OCO,main,group,aromatic organic carbonate,carbonate_organic,1205.0,1230.0,strong,any,,,0.1,+intensity,5124,21,0.004,4,499,17,4604,0.19,0.902,0.008,0.996,1.95,0.8,4.72,,,0.9,0.73,1.1,False,
SMITH-BR7-CARB-AR-OCO,main,group,aromatic organic carbonate,carbonate_organic,1205.0,1230.0,strong,any,,,0.1,+shape,5124,21,0.004,4,499,17,4604,0.19,0.902,0.008,0.996,1.95,0.8,4.72,,,0.9,0.73,1.1,False,
SMITH-BR7-CARB-OCC,main,group,organic carbonate,carbonate_organic,1000.0,1060.0,strong,any,,,0.01,position,5124,21,0.004,19,4327,2,776,0.905,0.152,0.004,0.997,1.07,0.93,1.23,,,0.63,0.17,2.34,False,
SMITH-BR7-CARB-OCC,main,group,organic carbonate,carbonate_organic,1000.0,1060.0,strong,any,,,0.01,+intensity,5124,21,0.004,4,624,17,4479,0.19,0.878,0.006,0.996,1.56,0.64,3.77,,,0.92,0.75,1.14,False,
SMITH-BR7-CARB-OCC,main,group,organic carbonate,carbonate_organic,1000.0,1060.0,strong,any,,,0.01,+shape,5124,21,0.004,4,624,17,4479,0.19,0.878,0.006,0.996,1.56,0.64,3.77,,,0.92,0.75,1.14,False,
SMITH-BR7-CARB-OCC,main,group,organic carbonate,carbonate_organic,1000.0,1060.0,strong,any,,,0.02,position,5124,21,0.004,18,4108,3,995,0.857,0.195,0.004,0.997,1.06,0.89,1.27,,,0.73,0.26,2.09,False,
SMITH-BR7-CARB-OCC,main,group,organic carbonate,carbonate_organic,1000.0,1060.0,strong,any,,,0.02,+intensity,5124,21,0.004,4,623,17,4480,0.19,0.878,0.006,0.996,1.56,0.64,3.78,,,0.92,0.75,1.13,False,
SMITH-BR7-CARB-OCC,main,group,organic carbonate,carbonate_organic,1000.0,1060.0,strong,any,,,0.02,+shape,5124,21,0.004,4,623,17,4480,0.19,0.878,0.006,0.996,1.56,0.64,3.78,0.49,2.28,0.92,0.75,1.13,False,alcohol_primary OR=6.7 (n=103); alcohol_secondary OR=4.1 (n=87); alkyne_terminal OR=4.0 (n=8)
SMITH-BR7-CARB-OCC,main,group,organic carbonate,carbonate_organic,1000.0,1060.0,strong,any,,,0.05,position,5124,21,0.004,16,3481,5,1622,0.762,0.318,0.005,0.997,1.12,0.88,1.42,,,0.75,0.35,1.61,False,
SMITH-BR7-CARB-OCC,main,group,organic carbonate,carbonate_organic,1000.0,1060.0,strong,any,,,0.05,+intensity,5124,21,0.004,4,618,17,4485,0.19,0.879,0.006,0.996,1.57,0.65,3.81,,,0.92,0.75,1.13,False,
SMITH-BR7-CARB-OCC,main,group,organic carbonate,carbonate_organic,1000.0,1060.0,strong,any,,,0.05,+shape,5124,21,0.004,4,618,17,4485,0.19,0.879,0.006,0.996,1.57,0.65,3.81,,,0.92,0.75,1.13,False,
SMITH-BR7-CARB-OCC,main,group,organic carbonate,carbonate_organic,1000.0,1060.0,strong,any,,,0.1,position,5124,21,0.004,13,2698,8,2405,0.619,0.471,0.005,0.997,1.17,0.84,1.64,,,0.81,0.47,1.4,False,
SMITH-BR7-CARB-OCC,main,group,organic carbonate,carbonate_organic,1000.0,1060.0,strong,any,,,0.1,+intensity,5124,21,0.004,4,607,17,4496,0.19,0.881,0.007,0.996,1.6,0.66,3.88,,,0.92,0.75,1.13,False,
SMITH-BR7-CARB-OCC,main,group,organic carbonate,carbonate_organic,1000.0,1060.0,strong,any,,,0.1,+shape,5124,21,0.004,4,607,17,4496,0.19,0.881,0.007,0.996,1.6,0.66,3.88,,,0.92,0.75,1.13,False,
SMITH-BR8-AMD1-NH-STR,main,group,primary amide,amide_primary,3170.0,3370.0,any,any,,,0.01,position,5124,100,0.02,95,1771,5,3253,0.95,0.647,0.051,0.998,2.69,2.54,2.86,,,0.08,0.03,0.18,False,
SMITH-BR8-AMD1-NH-STR,main,group,primary amide,amide_primary,3170.0,3370.0,any,any,,,0.01,+intensity,5124,100,0.02,95,1771,5,3253,0.95,0.647,0.051,0.998,2.69,2.54,2.86,,,0.08,0.03,0.18,False,
SMITH-BR8-AMD1-NH-STR,main,group,primary amide,amide_primary,3170.0,3370.0,any,any,,,0.01,+shape,5124,100,0.02,95,1771,5,3253,0.95,0.647,0.051,0.998,2.69,2.54,2.86,,,0.08,0.03,0.18,False,
SMITH-BR8-AMD1-NH-STR,main,group,primary amide,amide_primary,3170.0,3370.0,any,any,,,0.02,position,5124,100,0.02,93,1590,7,3434,0.93,0.684,0.055,0.998,2.94,2.75,3.14,,,0.1,0.05,0.21,False,
SMITH-BR8-AMD1-NH-STR,main,group,primary amide,amide_primary,3170.0,3370.0,any,any,,,0.02,+intensity,5124,100,0.02,93,1590,7,3434,0.93,0.684,0.055,0.998,2.94,2.75,3.14,,,0.1,0.05,0.21,False,
SMITH-BR8-AMD1-NH-STR,main,group,primary amide,amide_primary,3170.0,3370.0,any,any,,,0.02,+shape,5124,100,0.02,93,1590,7,3434,0.93,0.684,0.055,0.998,2.94,2.75,3.14,2.62,3.25,0.1,0.05,0.21,False,alkyne_terminal OR=103.0 (n=23); n_h_any OR=11.8 (n=943); amines OR=8.6 (n=660)
SMITH-BR8-AMD1-NH-STR,main,group,primary amide,amide_primary,3170.0,3370.0,any,any,,,0.05,position,5124,100,0.02,85,1433,15,3591,0.85,0.715,0.056,0.996,2.98,2.71,3.27,,,0.21,0.13,0.33,False,
SMITH-BR8-AMD1-NH-STR,main,group,primary amide,amide_primary,3170.0,3370.0,any,any,,,0.05,+intensity,5124,100,0.02,85,1433,15,3591,0.85,0.715,0.056,0.996,2.98,2.71,3.27,,,0.21,0.13,0.33,False,
SMITH-BR8-AMD1-NH-STR,main,group,primary amide,amide_primary,3170.0,3370.0,any,any,,,0.05,+shape,5124,100,0.02,85,1433,15,3591,0.85,0.715,0.056,0.996,2.98,2.71,3.27,,,0.21,0.13,0.33,False,
SMITH-BR8-AMD1-NH-STR,main,group,primary amide,amide_primary,3170.0,3370.0,any,any,,,0.1,position,5124,100,0.02,72,1291,28,3733,0.72,0.743,0.053,0.993,2.8,2.46,3.19,,,0.38,0.28,0.52,False,
SMITH-BR8-AMD1-NH-STR,main,group,primary amide,amide_primary,3170.0,3370.0,any,any,,,0.1,+intensity,5124,100,0.02,72,1291,28,3733,0.72,0.743,0.053,0.993,2.8,2.46,3.19,,,0.38,0.28,0.52,False,
SMITH-BR8-AMD1-NH-STR,main,group,primary amide,amide_primary,3170.0,3370.0,any,any,,,0.1,+shape,5124,100,0.02,72,1291,28,3733,0.72,0.743,0.053,0.993,2.8,2.46,3.19,,,0.38,0.28,0.52,False,
SMITH-BR8-AMD-CO,main,group,amide,amides,1630.0,1680.0,strong,any,,,0.01,position,5124,635,0.124,424,1487,211,3002,0.668,0.669,0.222,0.934,2.02,1.88,2.16,,,0.5,0.44,0.56,False,
SMITH-BR8-AMD-CO,main,group,amide,amides,1630.0,1680.0,strong,any,,,0.01,+intensity,5124,635,0.124,322,575,313,3914,0.507,0.872,0.359,0.926,3.96,3.55,4.41,,,0.57,0.52,0.61,False,
SMITH-BR8-AMD-CO,main,group,amide,amides,1630.0,1680.0,strong,any,,,0.01,+shape,5124,635,0.124,322,575,313,3914,0.507,0.872,0.359,0.926,3.96,3.55,4.41,,,0.57,0.52,0.61,False,
SMITH-BR8-AMD-CO,main,group,amide,amides,1630.0,1680.0,strong,any,,,0.02,position,5124,635,0.124,413,1225,222,3264,0.65,0.727,0.252,0.936,2.38,2.21,2.57,,,0.48,0.43,0.54,False,
SMITH-BR8-AMD-CO,main,group,amide,amides,1630.0,1680.0,strong,any,,,0.02,+intensity,5124,635,0.124,322,574,313,3915,0.507,0.872,0.359,0.926,3.97,3.56,4.42,,,0.57,0.52,0.61,False,
SMITH-BR8-AMD-CO,main,group,amide,amides,1630.0,1680.0,strong,any,,,0.02,+shape,5124,635,0.124,322,574,313,3915,0.507,0.872,0.359,0.926,3.97,3.56,4.42,2.18,5.64,0.57,0.52,0.61,False,ketone_aromatic OR=6.5 (n=92); ketones OR=6.5 (n=175); alkene_trisubstituted OR=6.3 (n=67)
SMITH-BR8-AMD-CO,main,group,amide,amides,1630.0,1680.0,strong,any,,,0.05,position,5124,635,0.124,402,1007,233,3482,0.633,0.776,0.285,0.937,2.82,2.6,3.06,,,0.47,0.43,0.52,False,
SMITH-BR8-AMD-CO,main,group,amide,amides,1630.0,1680.0,strong,any,,,0.05,+intensity,5124,635,0.124,318,569,317,3920,0.501,0.873,0.359,0.925,3.95,3.54,4.41,,,0.57,0.53,0.62,False,
SMITH-BR8-AMD-CO,main,group,amide,amides,1630.0,1680.0,strong,any,,,0.05,+shape,5124,635,0.124,318,569,317,3920,0.501,0.873,0.359,0.925,3.95,3.54,4.41,,,0.57,0.53,0.62,False,
SMITH-BR8-AMD-CO,main,group,amide,amides,1630.0,1680.0,strong,any,,,0.1,position,5124,635,0.124,391,872,244,3617,0.616,0.806,0.31,0.937,3.17,2.91,3.45,,,0.48,0.43,0.53,False,
SMITH-BR8-AMD-CO,main,group,amide,amides,1630.0,1680.0,strong,any,,,0.1,+intensity,5124,635,0.124,313,560,322,3929,0.493,0.875,0.359,0.924,3.95,3.54,4.41,,,0.58,0.54,0.63,False,
SMITH-BR8-AMD-CO,main,group,amide,amides,1630.0,1680.0,strong,any,,,0.1,+shape,5124,635,0.124,313,560,322,3929,0.493,0.875,0.359,0.924,3.95,3.54,4.41,,,0.58,0.54,0.63,False,
SMITH-BR8-AMD1-SCIS,main,group,primary amide,amide_primary,1620.0,1650.0,any,any,,,0.01,position,5124,100,0.02,55,1459,45,3565,0.55,0.71,0.036,0.988,1.89,1.58,2.27,,,0.63,0.51,0.79,False,
SMITH-BR8-AMD1-SCIS,main,group,primary amide,amide_primary,1620.0,1650.0,any,any,,,0.01,+intensity,5124,100,0.02,55,1459,45,3565,0.55,0.71,0.036,0.988,1.89,1.58,2.27,,,0.63,0.51,0.79,False,
SMITH-BR8-AMD1-SCIS,main,group,primary amide,amide_primary,1620.0,1650.0,any,any,,,0.01,+shape,5124,100,0.02,55,1459,45,3565,0.55,0.71,0.036,0.988,1.89,1.58,2.27,,,0.63,0.51,0.79,False,
SMITH-BR8-AMD1-SCIS,main,group,primary amide,amide_primary,1620.0,1650.0,any,any,,,0.02,position,5124,100,0.02,54,1280,46,3744,0.54,0.745,0.04,0.988,2.12,1.76,2.56,,,0.62,0.5,0.76,False,
SMITH-BR8-AMD1-SCIS,main,group,primary amide,amide_primary,1620.0,1650.0,any,any,,,0.02,+intensity,5124,100,0.02,54,1280,46,3744,0.54,0.745,0.04,0.988,2.12,1.76,2.56,,,0.62,0.5,0.76,False,
SMITH-BR8-AMD1-SCIS,main,group,primary amide,amide_primary,1620.0,1650.0,any,any,,,0.02,+shape,5124,100,0.02,54,1280,46,3744,0.54,0.745,0.04,0.988,2.12,1.76,2.56,1.35,2.67,0.62,0.5,0.76,False,alkene_vinyl OR=10.7 (n=71); amine_primary_aromatic OR=6.5 (n=230); amine_primary OR=4.3 (n=264)
SMITH-BR8-AMD1-SCIS,main,group,primary amide,amide_primary,1620.0,1650.0,any,any,,,0.05,position,5124,100,0.02,49,1098,51,3926,0.49,0.781,0.043,0.987,2.24,1.82,2.76,,,0.65,0.54,0.79,False,
SMITH-BR8-AMD1-SCIS,main,group,primary amide,amide_primary,1620.0,1650.0,any,any,,,0.05,+intensity,5124,100,0.02,49,1098,51,3926,0.49,0.781,0.043,0.987,2.24,1.82,2.76,,,0.65,0.54,0.79,False,
SMITH-BR8-AMD1-SCIS,main,group,primary amide,amide_primary,1620.0,1650.0,any,any,,,0.05,+shape,5124,100,0.02,49,1098,51,3926,0.49,0.781,0.043,0.987,2.24,1.82,2.76,,,0.65,0.54,0.79,False,
SMITH-BR8-AMD1-SCIS,main,group,primary amide,amide_primary,1620.0,1650.0,any,any,,,0.1,position,5124,100,0.02,47,949,53,4075,0.47,0.811,0.047,0.987,2.49,2.01,3.09,,,0.65,0.54,0.79,False,
SMITH-BR8-AMD1-SCIS,main,group,primary amide,amide_primary,1620.0,1650.0,any,any,,,0.1,+intensity,5124,100,0.02,47,949,53,4075,0.47,0.811,0.047,0.987,2.49,2.01,3.09,,,0.65,0.54,0.79,False,
SMITH-BR8-AMD1-SCIS,main,group,primary amide,amide_primary,1620.0,1650.0,any,any,,,0.1,+shape,5124,100,0.02,47,949,53,4075,0.47,0.811,0.047,0.987,2.49,2.01,3.09,,,0.65,0.54,0.79,False,
SMITH-BR8-AMD1-CN,main,group,primary amide,amide_primary,1390.0,1430.0,any,any,,,0.01,position,5124,100,0.02,78,3147,22,1877,0.78,0.374,0.024,0.988,1.25,1.12,1.38,,,0.59,0.41,0.85,False,
SMITH-BR8-AMD1-CN,main,group,primary amide,amide_primary,1390.0,1430.0,any,any,,,0.01,+intensity,5124,100,0.02,78,3147,22,1877,0.78,0.374,0.024,0.988,1.25,1.12,1.38,,,0.59,0.41,0.85,False,
SMITH-BR8-AMD1-CN,main,group,primary amide,amide_primary,1390.0,1430.0,any,any,,,0.01,+shape,5124,100,0.02,78,3147,22,1877,0.78,0.374,0.024,0.988,1.25,1.12,1.38,,,0.59,0.41,0.85,False,
SMITH-BR8-AMD1-CN,main,group,primary amide,amide_primary,1390.0,1430.0,any,any,,,0.02,position,5124,100,0.02,78,2905,22,2119,0.78,0.422,0.026,0.99,1.35,1.21,1.5,,,0.52,0.36,0.76,False,
SMITH-BR8-AMD1-CN,main,group,primary amide,amide_primary,1390.0,1430.0,any,any,,,0.02,+intensity,5124,100,0.02,78,2905,22,2119,0.78,0.422,0.026,0.99,1.35,1.21,1.5,,,0.52,0.36,0.76,False,
SMITH-BR8-AMD1-CN,main,group,primary amide,amide_primary,1390.0,1430.0,any,any,,,0.02,+shape,5124,100,0.02,78,2905,22,2119,0.78,0.422,0.026,0.99,1.35,1.21,1.5,1.14,1.47,0.52,0.36,0.76,False,ammonium_primary OR=6.6 (n=4); carboxylic_acid_saturated OR=3.8 (n=173); alkene_vinyl OR=3.4 (n=75)
SMITH-BR8-AMD1-CN,main,group,primary amide,amide_primary,1390.0,1430.0,any,any,,,0.05,position,5124,100,0.02,77,2438,23,2586,0.77,0.515,0.031,0.991,1.59,1.42,1.77,,,0.45,0.31,0.64,False,
SMITH-BR8-AMD1-CN,main,group,primary amide,amide_primary,1390.0,1430.0,any,any,,,0.05,+intensity,5124,100,0.02,77,2438,23,2586,0.77,0.515,0.031,0.991,1.59,1.42,1.77,,,0.45,0.31,0.64,False,
SMITH-BR8-AMD1-CN,main,group,primary amide,amide_primary,1390.0,1430.0,any,any,,,0.05,+shape,5124,100,0.02,77,2438,23,2586,0.77,0.515,0.031,0.991,1.59,1.42,1.77,,,0.45,0.31,0.64,False,
SMITH-BR8-AMD1-CN,main,group,primary amide,amide_primary,1390.0,1430.0,any,any,,,0.1,position,5124,100,0.02,69,1880,31,3144,0.69,0.626,0.035,0.99,1.84,1.61,2.11,,,0.5,0.37,0.66,False,
SMITH-BR8-AMD1-CN,main,group,primary amide,amide_primary,1390.0,1430.0,any,any,,,0.1,+intensity,5124,100,0.02,69,1880,31,3144,0.69,0.626,0.035,0.99,1.84,1.61,2.11,,,0.5,0.37,0.66,False,
SMITH-BR8-AMD1-CN,main,group,primary amide,amide_primary,1390.0,1430.0,any,any,,,0.1,+shape,5124,100,0.02,69,1880,31,3144,0.69,0.626,0.035,0.99,1.84,1.61,2.11,,,0.5,0.37,0.66,False,
SMITH-BR8-AMD1-WAG,main,group,primary amide,amide_primary,600.0,750.0,any,any,,,0.01,position,1664,39,0.023,37,1442,2,183,0.949,0.113,0.025,0.989,1.07,0.99,1.15,,,0.46,0.12,1.77,False,
SMITH-BR8-AMD1-WAG,main,group,primary amide,amide_primary,600.0,750.0,any,any,,,0.01,+intensity,1664,39,0.023,37,1442,2,183,0.949,0.113,0.025,0.989,1.07,0.99,1.15,,,0.46,0.12,1.77,False,
SMITH-BR8-AMD1-WAG,main,group,primary amide,amide_primary,600.0,750.0,any,any,,,0.01,+shape,1664,39,0.023,37,1442,2,183,0.949,0.113,0.025,0.989,1.07,0.99,1.15,,,0.46,0.12,1.77,False,
SMITH-BR8-AMD1-WAG,main,group,primary amide,amide_primary,600.0,750.0,any,any,,,0.02,position,1664,39,0.023,37,1364,2,261,0.949,0.161,0.026,0.992,1.13,1.05,1.22,,,0.32,0.08,1.24,False,
SMITH-BR8-AMD1-WAG,main,group,primary amide,amide_primary,600.0,750.0,any,any,,,0.02,+intensity,1664,39,0.023,37,1364,2,261,0.949,0.161,0.026,0.992,1.13,1.05,1.22,,,0.32,0.08,1.24,False,
SMITH-BR8-AMD1-WAG,main,group,primary amide,amide_primary,600.0,750.0,any,any,,,0.02,+shape,1664,39,0.023,37,1364,2,261,0.949,0.161,0.026,0.992,1.13,1.05,1.22,1.0,1.2,0.32,0.08,1.24,False,aromatic_mono OR=105.7 (n=229); aromatic_meta OR=18.0 (n=45); carboxylic_acid_aromatic OR=15.2 (n=38)
SMITH-BR8-AMD1-WAG,main,group,primary amide,amide_primary,600.0,750.0,any,any,,,0.05,position,1664,39,0.023,35,1165,4,460,0.897,0.283,0.029,0.991,1.25,1.12,1.4,,,0.36,0.14,0.92,False,
SMITH-BR8-AMD1-WAG,main,group,primary amide,amide_primary,600.0,750.0,any,any,,,0.05,+intensity,1664,39,0.023,35,1165,4,460,0.897,0.283,0.029,0.991,1.25,1.12,1.4,,,0.36,0.14,0.92,False,
SMITH-BR8-AMD1-WAG,main,group,primary amide,amide_primary,600.0,750.0,any,any,,,0.05,+shape,1664,39,0.023,35,1165,4,460,0.897,0.283,0.029,0.991,1.25,1.12,1.4,,,0.36,0.14,0.92,False,
SMITH-BR8-AMD1-WAG,main,group,primary amide,amide_primary,600.0,750.0,any,any,,,0.1,position,1664,39,0.023,30,944,9,681,0.769,0.419,0.031,0.987,1.32,1.11,1.58,,,0.55,0.31,0.98,False,
SMITH-BR8-AMD1-WAG,main,group,primary amide,amide_primary,600.0,750.0,any,any,,,0.1,+intensity,1664,39,0.023,30,944,9,681,0.769,0.419,0.031,0.987,1.32,1.11,1.58,,,0.55,0.31,0.98,False,
SMITH-BR8-AMD1-WAG,main,group,primary amide,amide_primary,600.0,750.0,any,any,,,0.1,+shape,1664,39,0.023,30,944,9,681,0.769,0.419,0.031,0.987,1.32,1.11,1.58,,,0.55,0.31,0.98,False,
SMITH-BR8-AMD2-NH-STR,main,group,secondary amide,amide_secondary,3170.0,3370.0,any,any,,,0.01,position,5124,356,0.069,279,1587,77,3181,0.784,0.667,0.15,0.976,2.35,2.2,2.52,,,0.32,0.27,0.4,False,
SMITH-BR8-AMD2-NH-STR,main,group,secondary amide,amide_secondary,3170.0,3370.0,any,any,,,0.01,+intensity,5124,356,0.069,279,1587,77,3181,0.784,0.667,0.15,0.976,2.35,2.2,2.52,,,0.32,0.27,0.4,False,
SMITH-BR8-AMD2-NH-STR,main,group,secondary amide,amide_secondary,3170.0,3370.0,any,any,,,0.01,+shape,5124,356,0.069,279,1587,77,3181,0.784,0.667,0.15,0.976,2.35,2.2,2.52,,,0.32,0.27,0.4,False,
SMITH-BR8-AMD2-NH-STR,main,group,secondary amide,amide_secondary,3170.0,3370.0,any,any,,,0.02,position,5124,356,0.069,274,1409,82,3359,0.77,0.704,0.163,0.976,2.6,2.42,2.8,,,0.33,0.27,0.4,False,
SMITH-BR8-AMD2-NH-STR,main,group,secondary amide,amide_secondary,3170.0,3370.0,any,any,,,0.02,+intensity,5124,356,0.069,274,1409,82,3359,0.77,0.704,0.163,0.976,2.6,2.42,2.8,,,0.33,0.27,0.4,False,
SMITH-BR8-AMD2-NH-STR,main,group,secondary amide,amide_secondary,3170.0,3370.0,any,any,,,0.02,+shape,5124,356,0.069,274,1409,82,3359,0.77,0.704,0.163,0.976,2.6,2.42,2.8,2.06,3.02,0.33,0.27,0.4,False,alkyne_terminal OR=113.9 (n=23); amide_primary OR=30.7 (n=90); n_h_any OR=11.9 (n=762)
SMITH-BR8-AMD2-NH-STR,main,group,secondary amide,amide_secondary,3170.0,3370.0,any,any,,,0.05,position,5124,356,0.069,262,1256,94,3512,0.736,0.737,0.173,0.974,2.79,2.58,3.02,,,0.36,0.3,0.43,False,
SMITH-BR8-AMD2-NH-STR,main,group,secondary amide,amide_secondary,3170.0,3370.0,any,any,,,0.05,+intensity,5124,356,0.069,262,1256,94,3512,0.736,0.737,0.173,0.974,2.79,2.58,3.02,,,0.36,0.3,0.43,False,
SMITH-BR8-AMD2-NH-STR,main,group,secondary amide,amide_secondary,3170.0,3370.0,any,any,,,0.05,+shape,5124,356,0.069,262,1256,94,3512,0.736,0.737,0.173,0.974,2.79,2.58,3.02,,,0.36,0.3,0.43,False,
SMITH-BR8-AMD2-NH-STR,main,group,secondary amide,amide_secondary,3170.0,3370.0,any,any,,,0.1,position,5124,356,0.069,243,1120,113,3648,0.683,0.765,0.178,0.97,2.91,2.66,3.17,,,0.41,0.36,0.48,False,
SMITH-BR8-AMD2-NH-STR,main,group,secondary amide,amide_secondary,3170.0,3370.0,any,any,,,0.1,+intensity,5124,356,0.069,243,1120,113,3648,0.683,0.765,0.178,0.97,2.91,2.66,3.17,,,0.41,0.36,0.48,False,
SMITH-BR8-AMD2-NH-STR,main,group,secondary amide,amide_secondary,3170.0,3370.0,any,any,,,0.1,+shape,5124,356,0.069,243,1120,113,3648,0.683,0.765,0.178,0.97,2.91,2.66,3.17,,,0.41,0.36,0.48,False,
SMITH-BR8-AMD2-NH-IPB,main,group,secondary amide,amide_secondary,1515.0,1570.0,strong,any,,,0.01,position,5124,356,0.069,259,2240,97,2528,0.728,0.53,0.104,0.963,1.55,1.44,1.66,,,0.51,0.43,0.61,False,
SMITH-BR8-AMD2-NH-IPB,main,group,secondary amide,amide_secondary,1515.0,1570.0,strong,any,,,0.01,+intensity,5124,356,0.069,138,720,218,4048,0.388,0.849,0.161,0.949,2.57,2.22,2.97,,,0.72,0.66,0.78,False,
SMITH-BR8-AMD2-NH-IPB,main,group,secondary amide,amide_secondary,1515.0,1570.0,strong,any,,,0.01,+shape,5124,356,0.069,138,720,218,4048,0.388,0.849,0.161,0.949,2.57,2.22,2.97,,,0.72,0.66,0.78,False,
SMITH-BR8-AMD2-NH-IPB,main,group,secondary amide,amide_secondary,1515.0,1570.0,strong,any,,,0.02,position,5124,356,0.069,251,2045,105,2723,0.705,0.571,0.109,0.963,1.64,1.53,1.77,,,0.52,0.44,0.61,False,
SMITH-BR8-AMD2-NH-IPB,main,group,secondary amide,amide_secondary,1515.0,1570.0,strong,any,,,0.02,+intensity,5124,356,0.069,138,718,218,4050,0.388,0.849,0.161,0.949,2.57,2.22,2.98,,,0.72,0.66,0.78,False,
SMITH-BR8-AMD2-NH-IPB,main,group,secondary amide,amide_secondary,1515.0,1570.0,strong,any,,,0.02,+shape,5124,356,0.069,138,718,218,4050,0.388,0.849,0.161,0.949,2.57,2.22,2.98,1.47,3.93,0.72,0.66,0.78,False,nitro OR=10.7 (n=208); aromatics OR=7.4 (n=662); n_h_any OR=3.8 (n=330)
SMITH-BR8-AMD2-NH-IPB,main,group,secondary amide,amide_secondary,1515.0,1570.0,strong,any,,,0.05,position,5124,356,0.069,238,1774,118,2994,0.669,0.628,0.118,0.962,1.8,1.66,1.95,,,0.53,0.45,0.61,False,
SMITH-BR8-AMD2-NH-IPB,main,group,secondary amide,amide_secondary,1515.0,1570.0,strong,any,,,0.05,+intensity,5124,356,0.069,136,710,220,4058,0.382,0.851,0.161,0.949,2.57,2.21,2.98,,,0.73,0.67,0.79,False,
SMITH-BR8-AMD2-NH-IPB,main,group,secondary amide,amide_secondary,1515.0,1570.0,strong,any,,,0.05,+shape,5124,356,0.069,136,710,220,4058,0.382,0.851,0.161,0.949,2.57,2.21,2.98,,,0.73,0.67,0.79,False,
SMITH-BR8-AMD2-NH-IPB,main,group,secondary amide,amide_secondary,1515.0,1570.0,strong,any,,,0.1,position,5124,356,0.069,230,1488,126,3280,0.646,0.688,0.134,0.963,2.07,1.9,2.26,,,0.51,0.45,0.59,False,
SMITH-BR8-AMD2-NH-IPB,main,group,secondary amide,amide_secondary,1515.0,1570.0,strong,any,,,0.1,+intensity,5124,356,0.069,133,700,223,4068,0.374,0.853,0.16,0.948,2.54,2.19,2.96,,,0.73,0.68,0.8,False,
SMITH-BR8-AMD2-NH-IPB,main,group,secondary amide,amide_secondary,1515.0,1570.0,strong,any,,,0.1,+shape,5124,356,0.069,133,700,223,4068,0.374,0.853,0.16,0.948,2.54,2.19,2.96,,,0.73,0.68,0.8,False,
SMITH-BR8-AMD2-CN,main,group,secondary amide,amide_secondary,1230.0,1310.0,any,any,,,0.01,position,5124,356,0.069,344,4419,12,349,0.966,0.073,0.072,0.967,1.04,1.02,1.06,,,0.46,0.26,0.81,False,
SMITH-BR8-AMD2-CN,main,group,secondary amide,amide_secondary,1230.0,1310.0,any,any,,,0.01,+intensity,5124,356,0.069,344,4419,12,349,0.966,0.073,0.072,0.967,1.04,1.02,1.06,,,0.46,0.26,0.81,False,
SMITH-BR8-AMD2-CN,main,group,secondary amide,amide_secondary,1230.0,1310.0,any,any,,,0.01,+shape,5124,356,0.069,344,4419,12,349,0.966,0.073,0.072,0.967,1.04,1.02,1.06,,,0.46,0.26,0.81,False,
SMITH-BR8-AMD2-CN,main,group,secondary amide,amide_secondary,1230.0,1310.0,any,any,,,0.02,position,5124,356,0.069,338,4231,18,537,0.949,0.113,0.074,0.968,1.07,1.04,1.1,,,0.45,0.28,0.71,False,
SMITH-BR8-AMD2-CN,main,group,secondary amide,amide_secondary,1230.0,1310.0,any,any,,,0.02,+intensity,5124,356,0.069,338,4231,18,537,0.949,0.113,0.074,0.968,1.07,1.04,1.1,,,0.45,0.28,0.71,False,
SMITH-BR8-AMD2-CN,main,group,secondary amide,amide_secondary,1230.0,1310.0,any,any,,,0.02,+shape,5124,356,0.069,338,4231,18,537,0.949,0.113,0.074,0.968,1.07,1.04,1.1,0.99,1.12,0.45,0.28,0.71,False,ester_aromatic OR=44.0 (n=166); ketone_aromatic OR=7.7 (n=203); ether_aryl OR=7.6 (n=88)
SMITH-BR8-AMD2-CN,main,group,secondary amide,amide_secondary,1230.0,1310.0,any,any,,,0.05,position,5124,356,0.069,325,3795,31,973,0.913,0.204,0.079,0.969,1.15,1.11,1.19,,,0.43,0.3,0.6,False,
SMITH-BR8-AMD2-CN,main,group,secondary amide,amide_secondary,1230.0,1310.0,any,any,,,0.05,+intensity,5124,356,0.069,325,3795,31,973,0.913,0.204,0.079,0.969,1.15,1.11,1.19,,,0.43,0.3,0.6,False,
SMITH-BR8-AMD2-CN,main,group,secondary amide,amide_secondary,1230.0,1310.0,any,any,,,0.05,+shape,5124,356,0.069,325,3795,31,973,0.913,0.204,0.079,0.969,1.15,1.11,1.19,,,0.43,0.3,0.6,False,
SMITH-BR8-AMD2-CN,main,group,secondary amide,amide_secondary,1230.0,1310.0,any,any,,,0.1,position,5124,356,0.069,280,3291,76,1477,0.787,0.31,0.078,0.951,1.14,1.08,1.21,,,0.69,0.56,0.84,False,
SMITH-BR8-AMD2-CN,main,group,secondary amide,amide_secondary,1230.0,1310.0,any,any,,,0.1,+intensity,5124,356,0.069,280,3291,76,1477,0.787,0.31,0.078,0.951,1.14,1.08,1.21,,,0.69,0.56,0.84,False,
SMITH-BR8-AMD2-CN,main,group,secondary amide,amide_secondary,1230.0,1310.0,any,any,,,0.1,+shape,5124,356,0.069,280,3291,76,1477,0.787,0.31,0.078,0.951,1.14,1.08,1.21,,,0.69,0.56,0.84,False,
SMITH-BR8-AMD2-WAG,main,group,secondary amide,amide_secondary,680.0,750.0,any,any,,,0.01,position,5109,354,0.069,317,4004,37,751,0.895,0.158,0.073,0.953,1.06,1.02,1.1,,,0.66,0.48,0.9,False,
SMITH-BR8-AMD2-WAG,main,group,secondary amide,amide_secondary,680.0,750.0,any,any,,,0.01,+intensity,5109,354,0.069,317,4004,37,751,0.895,0.158,0.073,0.953,1.06,1.02,1.1,,,0.66,0.48,0.9,False,
SMITH-BR8-AMD2-WAG,main,group,secondary amide,amide_secondary,680.0,750.0,any,any,,,0.01,+shape,5109,354,0.069,317,4004,37,751,0.895,0.158,0.073,0.953,1.06,1.02,1.1,,,0.66,0.48,0.9,False,
SMITH-BR8-AMD2-WAG,main,group,secondary amide,amide_secondary,680.0,750.0,any,any,,,0.02,position,5109,354,0.069,303,3775,51,980,0.856,0.206,0.074,0.951,1.08,1.03,1.13,,,0.7,0.54,0.91,False,
SMITH-BR8-AMD2-WAG,main,group,secondary amide,amide_secondary,680.0,750.0,any,any,,,0.02,+intensity,5109,354,0.069,303,3775,51,980,0.856,0.206,0.074,0.951,1.08,1.03,1.13,,,0.7,0.54,0.91,False,
SMITH-BR8-AMD2-WAG,main,group,secondary amide,amide_secondary,680.0,750.0,any,any,,,0.02,+shape,5109,354,0.069,303,3775,51,980,0.856,0.206,0.074,0.951,1.08,1.03,1.13,1.0,1.18,0.7,0.54,0.91,False,aromatic_mono OR=43.3 (n=845); ether_aryl OR=9.3 (n=87); aromatic_ortho OR=5.5 (n=231)
SMITH-BR8-AMD2-WAG,main,group,secondary amide,amide_secondary,680.0,750.0,any,any,,,0.05,position,5109,354,0.069,272,3302,82,1453,0.768,0.306,0.076,0.947,1.11,1.04,1.18,,,0.76,0.62,0.92,False,
SMITH-BR8-AMD2-WAG,main,group,secondary amide,amide_secondary,680.0,750.0,any,any,,,0.05,+intensity,5109,354,0.069,272,3302,82,1453,0.768,0.306,0.076,0.947,1.11,1.04,1.18,,,0.76,0.62,0.92,False,
SMITH-BR8-AMD2-WAG,main,group,secondary amide,amide_secondary,680.0,750.0,any,any,,,0.05,+shape,5109,354,0.069,272,3302,82,1453,0.768,0.306,0.076,0.947,1.11,1.04,1.18,,,0.76,0.62,0.92,False,
SMITH-BR8-AMD2-WAG,main,group,secondary amide,amide_secondary,680.0,750.0,any,any,,,0.1,position,5109,354,0.069,216,2769,138,1986,0.61,0.418,0.072,0.935,1.05,0.96,1.14,,,0.93,0.82,1.07,False,
SMITH-BR8-AMD2-WAG,main,group,secondary amide,amide_secondary,680.0,750.0,any,any,,,0.1,+intensity,5109,354,0.069,216,2769,138,1986,0.61,0.418,0.072,0.935,1.05,0.96,1.14,,,0.93,0.82,1.07,False,
SMITH-BR8-AMD2-WAG,main,group,secondary amide,amide_secondary,680.0,750.0,any,any,,,0.1,+shape,5109,354,0.069,216,2769,138,1986,0.61,0.418,0.072,0.935,1.05,0.96,1.14,,,0.93,0.82,1.07,False,
SMITH-BR8-AMN1-SAT-ASYM,main,group,primary saturated amine,amine_primary_saturated,3350.0,3380.0,any,any,,,0.01,position,5124,111,0.022,23,507,88,4506,0.207,0.899,0.043,0.981,2.05,1.41,2.98,,,0.88,0.8,0.97,False,
SMITH-BR8-AMN1-SAT-ASYM,main,group,primary saturated amine,amine_primary_saturated,3350.0,3380.0,any,any,,,0.01,+intensity,5124,111,0.022,23,507,88,4506,0.207,0.899,0.043,0.981,2.05,1.41,2.98,,,0.88,0.8,0.97,False,
SMITH-BR8-AMN1-SAT-ASYM,main,group,primary saturated amine,amine_primary_saturated,3350.0,3380.0,any,any,,,0.01,+shape,5124,111,0.022,23,507,88,4506,0.207,0.899,0.043,0.981,2.05,1.41,2.98,,,0.88,0.8,0.97,False,
SMITH-BR8-AMN1-SAT-ASYM,main,group,primary saturated amine,amine_primary_saturated,3350.0,3380.0,any,any,,,0.02,position,5124,111,0.022,23,446,88,4567,0.207,0.911,0.049,0.981,2.33,1.6,3.39,,,0.87,0.79,0.96,False,
SMITH-BR8-AMN1-SAT-ASYM,main,group,primary saturated amine,amine_primary_saturated,3350.0,3380.0,any,any,,,0.02,+intensity,5124,111,0.022,23,446,88,4567,0.207,0.911,0.049,0.981,2.33,1.6,3.39,,,0.87,0.79,0.96,False,
SMITH-BR8-AMN1-SAT-ASYM,main,group,primary saturated amine,amine_primary_saturated,3350.0,3380.0,any,any,,,0.02,+shape,5124,111,0.022,23,446,88,4567,0.207,0.911,0.049,0.981,2.33,1.6,3.39,0.83,3.61,0.87,0.79,0.96,False,amide_primary OR=7.4 (n=38); n_h_any OR=4.9 (n=265); amine_primary_aromatic OR=4.1 (n=91)
SMITH-BR8-AMN1-SAT-ASYM,main,group,primary saturated amine,amine_primary_saturated,3350.0,3380.0,any,any,,,0.05,position,5124,111,0.022,19,396,92,4617,0.171,0.921,0.046,0.98,2.17,1.42,3.3,,,0.9,0.83,0.98,False,
SMITH-BR8-AMN1-SAT-ASYM,main,group,primary saturated amine,amine_primary_saturated,3350.0,3380.0,any,any,,,0.05,+intensity,5124,111,0.022,19,396,92,4617,0.171,0.921,0.046,0.98,2.17,1.42,3.3,,,0.9,0.83,0.98,False,
SMITH-BR8-AMN1-SAT-ASYM,main,group,primary saturated amine,amine_primary_saturated,3350.0,3380.0,any,any,,,0.05,+shape,5124,111,0.022,19,396,92,4617,0.171,0.921,0.046,0.98,2.17,1.42,3.3,,,0.9,0.83,0.98,False,
SMITH-BR8-AMN1-SAT-ASYM,main,group,primary saturated amine,amine_primary_saturated,3350.0,3380.0,any,any,,,0.1,position,5124,111,0.022,13,344,98,4669,0.117,0.931,0.036,0.979,1.71,1.01,2.87,,,0.95,0.89,1.01,False,
SMITH-BR8-AMN1-SAT-ASYM,main,group,primary saturated amine,amine_primary_saturated,3350.0,3380.0,any,any,,,0.1,+intensity,5124,111,0.022,13,344,98,4669,0.117,0.931,0.036,0.979,1.71,1.01,2.87,,,0.95,0.89,1.01,False,
SMITH-BR8-AMN1-SAT-ASYM,main,group,primary saturated amine,amine_primary_saturated,3350.0,3380.0,any,any,,,0.1,+shape,5124,111,0.022,13,344,98,4669,0.117,0.931,0.036,0.979,1.71,1.01,2.87,,,0.95,0.89,1.01,False,
SMITH-BR8-AMN1-AR-ASYM,main,group,primary aromatic amine,amine_primary_aromatic,3420.0,3500.0,any,any,,,0.01,position,5124,361,0.07,181,1026,180,3737,0.501,0.785,0.15,0.954,2.33,2.07,2.61,,,0.64,0.57,0.71,False,
SMITH-BR8-AMN1-AR-ASYM,main,group,primary aromatic amine,amine_primary_aromatic,3420.0,3500.0,any,any,,,0.01,+intensity,5124,361,0.07,181,1026,180,3737,0.501,0.785,0.15,0.954,2.33,2.07,2.61,,,0.64,0.57,0.71,False,
SMITH-BR8-AMN1-AR-ASYM,main,group,primary aromatic amine,amine_primary_aromatic,3420.0,3500.0,any,any,,,0.01,+shape,5124,361,0.07,181,1026,180,3737,0.501,0.785,0.15,0.954,2.33,2.07,2.61,,,0.64,0.57,0.71,False,
SMITH-BR8-AMN1-AR-ASYM,main,group,primary aromatic amine,amine_primary_aromatic,3420.0,3500.0,any,any,,,0.02,position,5124,361,0.07,175,761,186,4002,0.485,0.84,0.187,0.956,3.03,2.68,3.44,,,0.61,0.55,0.68,False,
SMITH-BR8-AMN1-AR-ASYM,main,group,primary aromatic amine,amine_primary_aromatic,3420.0,3500.0,any,any,,,0.02,+intensity,5124,361,0.07,175,761,186,4002,0.485,0.84,0.187,0.956,3.03,2.68,3.44,,,0.61,0.55,0.68,False,
SMITH-BR8-AMN1-AR-ASYM,main,group,primary aromatic amine,amine_primary_aromatic,3420.0,3500.0,any,any,,,0.02,+shape,5124,361,0.07,175,761,186,4002,0.485,0.84,0.187,0.956,3.03,2.68,3.44,1.81,4.11,0.61,0.55,0.68,False,aldehyde_saturated OR=5.3 (n=9); ketone_saturated OR=3.1 (n=62); alcohol_tertiary OR=3.0 (n=33)
SMITH-BR8-AMN1-AR-ASYM,main,group,primary aromatic amine,amine_primary_aromatic,3420.0,3500.0,any,any,,,0.05,position,5124,361,0.07,143,485,218,4278,0.396,0.898,0.228,0.952,3.89,3.34,4.53,,,0.67,0.62,0.73,False,
SMITH-BR8-AMN1-AR-ASYM,main,group,primary aromatic amine,amine_primary_aromatic,3420.0,3500.0,any,any,,,0.05,+intensity,5124,361,0.07,143,485,218,4278,0.396,0.898,0.228,0.952,3.89,3.34,4.53,,,0.67,0.62,0.73,False,
SMITH-BR8-AMN1-AR-ASYM,main,group,primary aromatic amine,amine_primary_aromatic,3420.0,3500.0,any,any,,,0.05,+shape,5124,361,0.07,143,485,218,4278,0.396,0.898,0.228,0.952,3.89,3.34,4.53,,,0.67,0.62,0.73,False,
SMITH-BR8-AMN1-AR-ASYM,main,group,primary aromatic amine,amine_primary_aromatic,3420.0,3500.0,any,any,,,0.1,position,5124,361,0.07,109,276,252,4487,0.302,0.942,0.283,0.947,5.21,4.29,6.33,,,0.74,0.69,0.79,False,
SMITH-BR8-AMN1-AR-ASYM,main,group,primary aromatic amine,amine_primary_aromatic,3420.0,3500.0,any,any,,,0.1,+intensity,5124,361,0.07,109,276,252,4487,0.302,0.942,0.283,0.947,5.21,4.29,6.33,,,0.74,0.69,0.79,False,
SMITH-BR8-AMN1-AR-ASYM,main,group,primary aromatic amine,amine_primary_aromatic,3420.0,3500.0,any,any,,,0.1,+shape,5124,361,0.07,109,276,252,4487,0.302,0.942,0.283,0.947,5.21,4.29,6.33,,,0.74,0.69,0.79,False,
SMITH-BR8-AMN1-SAT-SYM,main,group,primary saturated amine,amine_primary_saturated,3280.0,3310.0,any,any,,,0.01,position,5124,111,0.022,24,399,87,4614,0.216,0.92,0.057,0.981,2.72,1.88,3.92,,,0.85,0.77,0.94,False,
SMITH-BR8-AMN1-SAT-SYM,main,group,primary saturated amine,amine_primary_saturated,3280.0,3310.0,any,any,,,0.01,+intensity,5124,111,0.022,24,399,87,4614,0.216,0.92,0.057,0.981,2.72,1.88,3.92,,,0.85,0.77,0.94,False,
SMITH-BR8-AMN1-SAT-SYM,main,group,primary saturated amine,amine_primary_saturated,3280.0,3310.0,any,any,,,0.01,+shape,5124,111,0.022,24,399,87,4614,0.216,0.92,0.057,0.981,2.72,1.88,3.92,,,0.85,0.77,0.94,False,
SMITH-BR8-AMN1-SAT-SYM,main,group,primary saturated amine,amine_primary_saturated,3280.0,3310.0,any,any,,,0.02,position,5124,111,0.022,22,363,89,4650,0.198,0.928,0.057,0.981,2.74,1.86,4.03,,,0.86,0.79,0.95,False,
SMITH-BR8-AMN1-SAT-SYM,main,group,primary saturated amine,amine_primary_saturated,3280.0,3310.0,any,any,,,0.02,+intensity,5124,111,0.022,22,363,89,4650,0.198,0.928,0.057,0.981,2.74,1.86,4.03,,,0.86,0.79,0.95,False,
SMITH-BR8-AMN1-SAT-SYM,main,group,primary saturated amine,amine_primary_saturated,3280.0,3310.0,any,any,,,0.02,+shape,5124,111,0.022,22,363,89,4650,0.198,0.928,0.057,0.981,2.74,1.86,4.03,0.65,4.03,0.86,0.79,0.95,False,alkyne_terminal OR=8.6 (n=9); alkyne OR=8.0 (n=12); alkyne_internal OR=6.9 (n=3)
SMITH-BR8-AMN1-SAT-SYM,main,group,primary saturated amine,amine_primary_saturated,3280.0,3310.0,any,any,,,0.05,position,5124,111,0.022,11,325,100,4688,0.099,0.935,0.033,0.979,1.53,0.86,2.7,,,0.96,0.91,1.03,False,
SMITH-BR8-AMN1-SAT-SYM,main,group,primary saturated amine,amine_primary_saturated,3280.0,3310.0,any,any,,,0.05,+intensity,5124,111,0.022,11,325,100,4688,0.099,0.935,0.033,0.979,1.53,0.86,2.7,,,0.96,0.91,1.03,False,
SMITH-BR8-AMN1-SAT-SYM,main,group,primary saturated amine,amine_primary_saturated,3280.0,3310.0,any,any,,,0.05,+shape,5124,111,0.022,11,325,100,4688,0.099,0.935,0.033,0.979,1.53,0.86,2.7,,,0.96,0.91,1.03,False,
SMITH-BR8-AMN1-SAT-SYM,main,group,primary saturated amine,amine_primary_saturated,3280.0,3310.0,any,any,,,0.1,position,5124,111,0.022,7,283,104,4730,0.063,0.944,0.024,0.978,1.12,0.54,2.31,,,0.99,0.95,1.04,False,
SMITH-BR8-AMN1-SAT-SYM,main,group,primary saturated amine,amine_primary_saturated,3280.0,3310.0,any,any,,,0.1,+intensity,5124,111,0.022,7,283,104,4730,0.063,0.944,0.024,0.978,1.12,0.54,2.31,,,0.99,0.95,1.04,False,
SMITH-BR8-AMN1-SAT-SYM,main,group,primary saturated amine,amine_primary_saturated,3280.0,3310.0,any,any,,,0.1,+shape,5124,111,0.022,7,283,104,4730,0.063,0.944,0.024,0.978,1.12,0.54,2.31,,,0.99,0.95,1.04,False,
SMITH-BR8-AMN1-AR-SYM,main,group,primary aromatic amine,amine_primary_aromatic,3340.0,3420.0,any,any,,,0.01,position,5124,361,0.07,232,1180,129,3583,0.643,0.752,0.164,0.965,2.59,2.37,2.84,,,0.48,0.41,0.55,False,
SMITH-BR8-AMN1-AR-SYM,main,group,primary aromatic amine,amine_primary_aromatic,3340.0,3420.0,any,any,,,0.01,+intensity,5124,361,0.07,232,1180,129,3583,0.643,0.752,0.164,0.965,2.59,2.37,2.84,,,0.48,0.41,0.55,False,
SMITH-BR8-AMN1-AR-SYM,main,group,primary aromatic amine,amine_primary_aromatic,3340.0,3420.0,any,any,,,0.01,+shape,5124,361,0.07,232,1180,129,3583,0.643,0.752,0.164,0.965,2.59,2.37,2.84,,,0.48,0.41,0.55,False,
SMITH-BR8-AMN1-AR-SYM,main,group,primary aromatic amine,amine_primary_aromatic,3340.0,3420.0,any,any,,,0.02,position,5124,361,0.07,229,999,132,3764,0.634,0.79,0.186,0.966,3.02,2.75,3.33,,,0.46,0.4,0.53,False,
SMITH-BR8-AMN1-AR-SYM,main,group,primary aromatic amine,amine_primary_aromatic,3340.0,3420.0,any,any,,,0.02,+intensity,5124,361,0.07,229,999,132,3764,0.634,0.79,0.186,0.966,3.02,2.75,3.33,,,0.46,0.4,0.53,False,
SMITH-BR8-AMN1-AR-SYM,main,group,primary aromatic amine,amine_primary_aromatic,3340.0,3420.0,any,any,,,0.02,+shape,5124,361,0.07,229,999,132,3764,0.634,0.79,0.186,0.966,3.02,2.75,3.33,2.33,3.5,0.46,0.4,0.53,False,amide_primary OR=8.9 (n=63); n_h_any OR=3.7 (n=426); alcohol_primary OR=3.5 (n=103)
SMITH-BR8-AMN1-AR-SYM,main,group,primary aromatic amine,amine_primary_aromatic,3340.0,3420.0,any,any,,,0.05,position,5124,361,0.07,216,812,145,3951,0.598,0.83,0.21,0.965,3.51,3.16,3.9,,,0.48,0.43,0.55,False,
SMITH-BR8-AMN1-AR-SYM,main,group,primary aromatic amine,amine_primary_aromatic,3340.0,3420.0,any,any,,,0.05,+intensity,5124,361,0.07,216,812,145,3951,0.598,0.83,0.21,0.965,3.51,3.16,3.9,,,0.48,0.43,0.55,False,
SMITH-BR8-AMN1-AR-SYM,main,group,primary aromatic amine,amine_primary_aromatic,3340.0,3420.0,any,any,,,0.05,+shape,5124,361,0.07,216,812,145,3951,0.598,0.83,0.21,0.965,3.51,3.16,3.9,,,0.48,0.43,0.55,False,
SMITH-BR8-AMN1-AR-SYM,main,group,primary aromatic amine,amine_primary_aromatic,3340.0,3420.0,any,any,,,0.1,position,5124,361,0.07,190,631,171,4132,0.526,0.868,0.231,0.96,3.97,3.52,4.49,,,0.55,0.49,0.61,False,
SMITH-BR8-AMN1-AR-SYM,main,group,primary aromatic amine,amine_primary_aromatic,3340.0,3420.0,any,any,,,0.1,+intensity,5124,361,0.07,190,631,171,4132,0.526,0.868,0.231,0.96,3.97,3.52,4.49,,,0.55,0.49,0.61,False,
SMITH-BR8-AMN1-AR-SYM,main,group,primary aromatic amine,amine_primary_aromatic,3340.0,3420.0,any,any,,,0.1,+shape,5124,361,0.07,190,631,171,4132,0.526,0.868,0.231,0.96,3.97,3.52,4.49,,,0.55,0.49,0.61,False,
SMITH-BR8-AMN1-SCIS,main,group,primary amine,amine_primary,1580.0,1650.0,any,any,,,0.01,position,5124,490,0.096,474,3246,16,1388,0.967,0.3,0.127,0.989,1.38,1.35,1.42,,,0.11,0.07,0.18,False,
SMITH-BR8-AMN1-SCIS,main,group,primary amine,amine_primary,1580.0,1650.0,any,any,,,0.01,+intensity,5124,490,0.096,474,3246,16,1388,0.967,0.3,0.127,0.989,1.38,1.35,1.42,,,0.11,0.07,0.18,False,
SMITH-BR8-AMN1-SCIS,main,group,primary amine,amine_primary,1580.0,1650.0,any,any,,,0.01,+shape,5124,490,0.096,474,3246,16,1388,0.967,0.3,0.127,0.989,1.38,1.35,1.42,,,0.11,0.07,0.18,False,
SMITH-BR8-AMN1-SCIS,main,group,primary amine,amine_primary,1580.0,1650.0,any,any,,,0.02,position,5124,490,0.096,472,3069,18,1565,0.963,0.338,0.133,0.989,1.45,1.42,1.49,,,0.11,0.07,0.17,False,
SMITH-BR8-AMN1-SCIS,main,group,primary amine,amine_primary,1580.0,1650.0,any,any,,,0.02,+intensity,5124,490,0.096,472,3069,18,1565,0.963,0.338,0.133,0.989,1.45,1.42,1.49,,,0.11,0.07,0.17,False,
SMITH-BR8-AMN1-SCIS,main,group,primary amine,amine_primary,1580.0,1650.0,any,any,,,0.02,+shape,5124,490,0.096,472,3069,18,1565,0.963,0.338,0.133,0.989,1.45,1.42,1.49,1.21,1.86,0.11,0.07,0.17,False,amine_secondary_aromatic OR=36.1 (n=167); ether_aryl OR=29.5 (n=84); aromatics OR=16.5 (n=2592)
SMITH-BR8-AMN1-SCIS,main,group,primary amine,amine_primary,1580.0,1650.0,any,any,,,0.05,position,5124,490,0.096,464,2744,26,1890,0.947,0.408,0.145,0.986,1.6,1.55,1.65,,,0.13,0.09,0.19,False,
SMITH-BR8-AMN1-SCIS,main,group,primary amine,amine_primary,1580.0,1650.0,any,any,,,0.05,+intensity,5124,490,0.096,464,2744,26,1890,0.947,0.408,0.145,0.986,1.6,1.55,1.65,,,0.13,0.09,0.19,False,
SMITH-BR8-AMN1-SCIS,main,group,primary amine,amine_primary,1580.0,1650.0,any,any,,,0.05,+shape,5124,490,0.096,464,2744,26,1890,0.947,0.408,0.145,0.986,1.6,1.55,1.65,,,0.13,0.09,0.19,False,
SMITH-BR8-AMN1-SCIS,main,group,primary amine,amine_primary,1580.0,1650.0,any,any,,,0.1,position,5124,490,0.096,444,2378,46,2256,0.906,0.487,0.157,0.98,1.77,1.7,1.84,,,0.19,0.15,0.25,False,
SMITH-BR8-AMN1-SCIS,main,group,primary amine,amine_primary,1580.0,1650.0,any,any,,,0.1,+intensity,5124,490,0.096,444,2378,46,2256,0.906,0.487,0.157,0.98,1.77,1.7,1.84,,,0.19,0.15,0.25,False,
SMITH-BR8-AMN1-SCIS,main,group,primary amine,amine_primary,1580.0,1650.0,any,any,,,0.1,+shape,5124,490,0.096,444,2378,46,2256,0.906,0.487,0.157,0.98,1.77,1.7,1.84,,,0.19,0.15,0.25,False,
SMITH-BR8-AMN1-SAT-CN,main,group,primary saturated amine,amine_primary_saturated,1020.0,1250.0,any,any,,,0.01,position,5124,111,0.022,111,4989,0,24,1.0,0.005,0.022,1.0,1.0,0.99,1.01,,,0.91,0.06,14.93,False,
SMITH-BR8-AMN1-SAT-CN,main,group,primary saturated amine,amine_primary_saturated,1020.0,1250.0,any,any,,,0.01,+intensity,5124,111,0.022,111,4989,0,24,1.0,0.005,0.022,1.0,1.0,0.99,1.01,,,0.91,0.06,14.93,False,
SMITH-BR8-AMN1-SAT-CN,main,group,primary saturated amine,amine_primary_saturated,1020.0,1250.0,any,any,,,0.01,+shape,5124,111,0.022,111,4989,0,24,1.0,0.005,0.022,1.0,1.0,0.99,1.01,,,0.91,0.06,14.93,False,
SMITH-BR8-AMN1-SAT-CN,main,group,primary saturated amine,amine_primary_saturated,1020.0,1250.0,any,any,,,0.02,position,5124,111,0.022,111,4961,0,52,1.0,0.01,0.022,1.0,1.01,0.99,1.02,,,0.43,0.03,6.86,False,
SMITH-BR8-AMN1-SAT-CN,main,group,primary saturated amine,amine_primary_saturated,1020.0,1250.0,any,any,,,0.02,+intensity,5124,111,0.022,111,4961,0,52,1.0,0.01,0.022,1.0,1.01,0.99,1.02,,,0.43,0.03,6.86,False,
SMITH-BR8-AMN1-SAT-CN,main,group,primary saturated amine,amine_primary_saturated,1020.0,1250.0,any,any,,,0.02,+shape,5124,111,0.022,111,4961,0,52,1.0,0.01,0.022,1.0,1.01,0.99,1.02,0.97,1.02,0.43,0.03,6.86,False,aromatic_mono OR=23.9 (n=918); esters OR=15.8 (n=650); aromatics OR=14.8 (n=3345)
SMITH-BR8-AMN1-SAT-CN,main,group,primary saturated amine,amine_primary_saturated,1020.0,1250.0,any,any,,,0.05,position,5124,111,0.022,108,4864,3,149,0.973,0.03,0.022,0.98,1.0,0.97,1.03,,,0.91,0.29,2.81,False,
SMITH-BR8-AMN1-SAT-CN,main,group,primary saturated amine,amine_primary_saturated,1020.0,1250.0,any,any,,,0.05,+intensity,5124,111,0.022,108,4864,3,149,0.973,0.03,0.022,0.98,1.0,0.97,1.03,,,0.91,0.29,2.81,False,
SMITH-BR8-AMN1-SAT-CN,main,group,primary saturated amine,amine_primary_saturated,1020.0,1250.0,any,any,,,0.05,+shape,5124,111,0.022,108,4864,3,149,0.973,0.03,0.022,0.98,1.0,0.97,1.03,,,0.91,0.29,2.81,False,
SMITH-BR8-AMN1-SAT-CN,main,group,primary saturated amine,amine_primary_saturated,1020.0,1250.0,any,any,,,0.1,position,5124,111,0.022,95,4639,16,374,0.856,0.075,0.02,0.959,0.92,0.86,1.0,,,1.93,1.22,3.07,False,
SMITH-BR8-AMN1-SAT-CN,main,group,primary saturated amine,amine_primary_saturated,1020.0,1250.0,any,any,,,0.1,+intensity,5124,111,0.022,95,4639,16,374,0.856,0.075,0.02,0.959,0.92,0.86,1.0,,,1.93,1.22,3.07,False,
SMITH-BR8-AMN1-SAT-CN,main,group,primary saturated amine,amine_primary_saturated,1020.0,1250.0,any,any,,,0.1,+shape,5124,111,0.022,95,4639,16,374,0.856,0.075,0.02,0.959,0.92,0.86,1.0,,,1.93,1.22,3.07,False,
SMITH-BR8-AMN1-AR-CN,main,group,primary aromatic amine,amine_primary_aromatic,1250.0,1350.0,any,any,,,0.01,position,5124,361,0.07,358,4488,3,275,0.992,0.058,0.074,0.989,1.05,1.04,1.06,,,0.14,0.05,0.45,False,
SMITH-BR8-AMN1-AR-CN,main,group,primary aromatic amine,amine_primary_aromatic,1250.0,1350.0,any,any,,,0.01,+intensity,5124,361,0.07,358,4488,3,275,0.992,0.058,0.074,0.989,1.05,1.04,1.06,,,0.14,0.05,0.45,False,
SMITH-BR8-AMN1-AR-CN,main,group,primary aromatic amine,amine_primary_aromatic,1250.0,1350.0,any,any,,,0.01,+shape,5124,361,0.07,358,4488,3,275,0.992,0.058,0.074,0.989,1.05,1.04,1.06,,,0.14,0.05,0.45,False,
SMITH-BR8-AMN1-AR-CN,main,group,primary aromatic amine,amine_primary_aromatic,1250.0,1350.0,any,any,,,0.02,position,5124,361,0.07,353,4323,8,440,0.978,0.092,0.075,0.982,1.08,1.06,1.1,,,0.24,0.12,0.48,False,
SMITH-BR8-AMN1-AR-CN,main,group,primary aromatic amine,amine_primary_aromatic,1250.0,1350.0,any,any,,,0.02,+intensity,5124,361,0.07,353,4323,8,440,0.978,0.092,0.075,0.982,1.08,1.06,1.1,,,0.24,0.12,0.48,False,
SMITH-BR8-AMN1-AR-CN,main,group,primary aromatic amine,amine_primary_aromatic,1250.0,1350.0,any,any,,,0.02,+shape,5124,361,0.07,353,4323,8,440,0.978,0.092,0.075,0.982,1.08,1.06,1.1,1.01,1.14,0.24,0.12,0.48,False,ketone_aromatic OR=42.2 (n=197); ether_mixed OR=14.2 (n=323); ester_aromatic OR=11.0 (n=156)
SMITH-BR8-AMN1-AR-CN,main,group,primary aromatic amine,amine_primary_aromatic,1250.0,1350.0,any,any,,,0.05,position,5124,361,0.07,345,3914,16,849,0.956,0.178,0.081,0.982,1.16,1.13,1.19,,,0.25,0.15,0.4,False,
SMITH-BR8-AMN1-AR-CN,main,group,primary aromatic amine,amine_primary_aromatic,1250.0,1350.0,any,any,,,0.05,+intensity,5124,361,0.07,345,3914,16,849,0.956,0.178,0.081,0.982,1.16,1.13,1.19,,,0.25,0.15,0.4,False,
SMITH-BR8-AMN1-AR-CN,main,group,primary aromatic amine,amine_primary_aromatic,1250.0,1350.0,any,any,,,0.05,+shape,5124,361,0.07,345,3914,16,849,0.956,0.178,0.081,0.982,1.16,1.13,1.19,,,0.25,0.15,0.4,False,
SMITH-BR8-AMN1-AR-CN,main,group,primary aromatic amine,amine_primary_aromatic,1250.0,1350.0,any,any,,,0.1,position,5124,361,0.07,324,3438,37,1325,0.898,0.278,0.086,0.973,1.24,1.2,1.29,,,0.37,0.27,0.5,False,
SMITH-BR8-AMN1-AR-CN,main,group,primary aromatic amine,amine_primary_aromatic,1250.0,1350.0,any,any,,,0.1,+intensity,5124,361,0.07,324,3438,37,1325,0.898,0.278,0.086,0.973,1.24,1.2,1.29,,,0.37,0.27,0.5,False,
SMITH-BR8-AMN1-AR-CN,main,group,primary aromatic amine,amine_primary_aromatic,1250.0,1350.0,any,any,,,0.1,+shape,5124,361,0.07,324,3438,37,1325,0.898,0.278,0.086,0.973,1.24,1.2,1.29,,,0.37,0.27,0.5,False,
SMITH-BR8-AMN1-WAG,main,group,primary amine,amine_primary,750.0,850.0,any,any,,,0.01,position,5124,490,0.096,479,4242,11,392,0.978,0.085,0.101,0.973,1.07,1.05,1.09,,,0.27,0.15,0.48,False,
SMITH-BR8-AMN1-WAG,main,group,primary amine,amine_primary,750.0,850.0,any,any,,,0.01,+intensity,5124,490,0.096,479,4242,11,392,0.978,0.085,0.101,0.973,1.07,1.05,1.09,,,0.27,0.15,0.48,False,
SMITH-BR8-AMN1-WAG,main,group,primary amine,amine_primary,750.0,850.0,any,any,,,0.01,+shape,5124,490,0.096,479,4242,11,392,0.978,0.085,0.101,0.973,1.07,1.05,1.09,,,0.27,0.15,0.48,False,
SMITH-BR8-AMN1-WAG,main,group,primary amine,amine_primary,750.0,850.0,any,any,,,0.02,position,5124,490,0.096,469,4061,21,573,0.957,0.124,0.104,0.965,1.09,1.07,1.12,,,0.35,0.23,0.53,False,
SMITH-BR8-AMN1-WAG,main,group,primary amine,amine_primary,750.0,850.0,any,any,,,0.02,+intensity,5124,490,0.096,469,4061,21,573,0.957,0.124,0.104,0.965,1.09,1.07,1.12,,,0.35,0.23,0.53,False,
SMITH-BR8-AMN1-WAG,main,group,primary amine,amine_primary,750.0,850.0,any,any,,,0.02,+shape,5124,490,0.096,469,4061,21,573,0.957,0.124,0.104,0.965,1.09,1.07,1.12,1.02,1.18,0.35,0.23,0.53,False,aromatic_para OR=64.0 (n=583); ether_aryl OR=24.7 (n=85); carboxylic_acid_aromatic OR=23.2 (n=80)
SMITH-BR8-AMN1-WAG,main,group,primary amine,amine_primary,750.0,850.0,any,any,,,0.05,position,5124,490,0.096,449,3677,41,957,0.916,0.207,0.109,0.959,1.15,1.12,1.19,,,0.41,0.3,0.55,False,
SMITH-BR8-AMN1-WAG,main,group,primary amine,amine_primary,750.0,850.0,any,any,,,0.05,+intensity,5124,490,0.096,449,3677,41,957,0.916,0.207,0.109,0.959,1.15,1.12,1.19,,,0.41,0.3,0.55,False,
SMITH-BR8-AMN1-WAG,main,group,primary amine,amine_primary,750.0,850.0,any,any,,,0.05,+shape,5124,490,0.096,449,3677,41,957,0.916,0.207,0.109,0.959,1.15,1.12,1.19,,,0.41,0.3,0.55,False,
SMITH-BR8-AMN1-WAG,main,group,primary amine,amine_primary,750.0,850.0,any,any,,,0.1,position,5124,490,0.096,393,3271,97,1363,0.802,0.294,0.107,0.934,1.14,1.08,1.19,,,0.67,0.56,0.81,False,
SMITH-BR8-AMN1-WAG,main,group,primary amine,amine_primary,750.0,850.0,any,any,,,0.1,+intensity,5124,490,0.096,393,3271,97,1363,0.802,0.294,0.107,0.934,1.14,1.08,1.19,,,0.67,0.56,0.81,False,
SMITH-BR8-AMN1-WAG,main,group,primary amine,amine_primary,750.0,850.0,any,any,,,0.1,+shape,5124,490,0.096,393,3271,97,1363,0.802,0.294,0.107,0.934,1.14,1.08,1.19,,,0.67,0.56,0.81,False,
SMITH-BR8-AMN2-SAT-NH,main,group,secondary saturated amine,amine_secondary_saturated,3280.0,3320.0,any,any,,,0.01,position,5124,74,0.014,32,529,42,4521,0.432,0.895,0.057,0.991,4.13,3.14,5.43,,,0.63,0.52,0.77,False,
SMITH-BR8-AMN2-SAT-NH,main,group,secondary saturated amine,amine_secondary_saturated,3280.0,3320.0,any,any,,,0.01,+intensity,5124,74,0.014,32,529,42,4521,0.432,0.895,0.057,0.991,4.13,3.14,5.43,,,0.63,0.52,0.77,False,
SMITH-BR8-AMN2-SAT-NH,main,group,secondary saturated amine,amine_secondary_saturated,3280.0,3320.0,any,any,,,0.01,+shape,5124,74,0.014,32,529,42,4521,0.432,0.895,0.057,0.991,4.13,3.14,5.43,,,0.63,0.52,0.77,False,
SMITH-BR8-AMN2-SAT-NH,main,group,secondary saturated amine,amine_secondary_saturated,3280.0,3320.0,any,any,,,0.02,position,5124,74,0.014,30,480,44,4570,0.405,0.905,0.059,0.99,4.27,3.2,5.69,,,0.66,0.54,0.79,False,
SMITH-BR8-AMN2-SAT-NH,main,group,secondary saturated amine,amine_secondary_saturated,3280.0,3320.0,any,any,,,0.02,+intensity,5124,74,0.014,30,480,44,4570,0.405,0.905,0.059,0.99,4.27,3.2,5.69,,,0.66,0.54,0.79,False,
SMITH-BR8-AMN2-SAT-NH,main,group,secondary saturated amine,amine_secondary_saturated,3280.0,3320.0,any,any,,,0.02,+shape,5124,74,0.014,30,480,44,4570,0.405,0.905,0.059,0.99,4.27,3.2,5.69,2.85,5.38,0.66,0.54,0.79,False,alkyne_terminal OR=12.5 (n=13); alkyne OR=9.8 (n=16); n_h_any OR=5.8 (n=304)
SMITH-BR8-AMN2-SAT-NH,main,group,secondary saturated amine,amine_secondary_saturated,3280.0,3320.0,any,any,,,0.05,position,5124,74,0.014,23,427,51,4623,0.311,0.915,0.051,0.989,3.68,2.59,5.22,,,0.75,0.65,0.88,False,
SMITH-BR8-AMN2-SAT-NH,main,group,secondary saturated amine,amine_secondary_saturated,3280.0,3320.0,any,any,,,0.05,+intensity,5124,74,0.014,23,427,51,4623,0.311,0.915,0.051,0.989,3.68,2.59,5.22,,,0.75,0.65,0.88,False,
SMITH-BR8-AMN2-SAT-NH,main,group,secondary saturated amine,amine_secondary_saturated,3280.0,3320.0,any,any,,,0.05,+shape,5124,74,0.014,23,427,51,4623,0.311,0.915,0.051,0.989,3.68,2.59,5.22,,,0.75,0.65,0.88,False,
SMITH-BR8-AMN2-SAT-NH,main,group,secondary saturated amine,amine_secondary_saturated,3280.0,3320.0,any,any,,,0.1,position,5124,74,0.014,14,377,60,4673,0.189,0.925,0.036,0.987,2.53,1.57,4.1,,,0.88,0.78,0.98,False,
SMITH-BR8-AMN2-SAT-NH,main,group,secondary saturated amine,amine_secondary_saturated,3280.0,3320.0,any,any,,,0.1,+intensity,5124,74,0.014,14,377,60,4673,0.189,0.925,0.036,0.987,2.53,1.57,4.1,,,0.88,0.78,0.98,False,
SMITH-BR8-AMN2-SAT-NH,main,group,secondary saturated amine,amine_secondary_saturated,3280.0,3320.0,any,any,,,0.1,+shape,5124,74,0.014,14,377,60,4673,0.189,0.925,0.036,0.987,2.53,1.57,4.1,,,0.88,0.78,0.98,False,
SMITH-BR8-AMN2-AR-NH,main,group,secondary aromatic amine,amine_secondary_aromatic,3380.0,3420.0,any,any,,,0.01,position,5124,191,0.037,48,728,143,4205,0.251,0.852,0.062,0.967,1.7,1.32,2.19,,,0.88,0.81,0.95,False,
SMITH-BR8-AMN2-AR-NH,main,group,secondary aromatic amine,amine_secondary_aromatic,3380.0,3420.0,any,any,,,0.01,+intensity,5124,191,0.037,48,728,143,4205,0.251,0.852,0.062,0.967,1.7,1.32,2.19,,,0.88,0.81,0.95,False,
SMITH-BR8-AMN2-AR-NH,main,group,secondary aromatic amine,amine_secondary_aromatic,3380.0,3420.0,any,any,,,0.01,+shape,5124,191,0.037,48,728,143,4205,0.251,0.852,0.062,0.967,1.7,1.32,2.19,,,0.88,0.81,0.95,False,
SMITH-BR8-AMN2-AR-NH,main,group,secondary aromatic amine,amine_secondary_aromatic,3380.0,3420.0,any,any,,,0.02,position,5124,191,0.037,46,612,145,4321,0.241,0.876,0.07,0.968,1.94,1.49,2.52,,,0.87,0.8,0.94,False,
SMITH-BR8-AMN2-AR-NH,main,group,secondary aromatic amine,amine_secondary_aromatic,3380.0,3420.0,any,any,,,0.02,+intensity,5124,191,0.037,46,612,145,4321,0.241,0.876,0.07,0.968,1.94,1.49,2.52,,,0.87,0.8,0.94,False,
SMITH-BR8-AMN2-AR-NH,main,group,secondary aromatic amine,amine_secondary_aromatic,3380.0,3420.0,any,any,,,0.02,+shape,5124,191,0.037,46,612,145,4321,0.241,0.876,0.07,0.968,1.94,1.49,2.52,1.23,2.51,0.87,0.8,0.94,False,amine_primary_aromatic OR=4.7 (n=123); amine_primary OR=4.0 (n=148); amide_primary OR=2.9 (n=28)
SMITH-BR8-AMN2-AR-NH,main,group,secondary aromatic amine,amine_secondary_aromatic,3380.0,3420.0,any,any,,,0.05,position,5124,191,0.037,42,475,149,4458,0.22,0.904,0.081,0.968,2.28,1.73,3.02,,,0.86,0.8,0.93,False,
SMITH-BR8-AMN2-AR-NH,main,group,secondary aromatic amine,amine_secondary_aromatic,3380.0,3420.0,any,any,,,0.05,+intensity,5124,191,0.037,42,475,149,4458,0.22,0.904,0.081,0.968,2.28,1.73,3.02,,,0.86,0.8,0.93,False,
SMITH-BR8-AMN2-AR-NH,main,group,secondary aromatic amine,amine_secondary_aromatic,3380.0,3420.0,any,any,,,0.05,+shape,5124,191,0.037,42,475,149,4458,0.22,0.904,0.081,0.968,2.28,1.73,3.02,,,0.86,0.8,0.93,False,
SMITH-BR8-AMN2-AR-NH,main,group,secondary aromatic amine,amine_secondary_aromatic,3380.0,3420.0,any,any,,,0.1,position,5124,191,0.037,32,339,159,4594,0.168,0.931,0.086,0.967,2.44,1.75,3.4,,,0.89,0.84,0.95,False,
SMITH-BR8-AMN2-AR-NH,main,group,secondary aromatic amine,amine_secondary_aromatic,3380.0,3420.0,any,any,,,0.1,+intensity,5124,191,0.037,32,339,159,4594,0.168,0.931,0.086,0.967,2.44,1.75,3.4,,,0.89,0.84,0.95,False,
SMITH-BR8-AMN2-AR-NH,main,group,secondary aromatic amine,amine_secondary_aromatic,3380.0,3420.0,any,any,,,0.1,+shape,5124,191,0.037,32,339,159,4594,0.168,0.931,0.086,0.967,2.44,1.75,3.4,,,0.89,0.84,0.95,False,
SMITH-BR8-AMN2-SAT-CNC,main,group,secondary saturated amine,amine_secondary_saturated,1130.0,1180.0,any,any,,,0.01,position,5124,74,0.014,56,3988,18,1062,0.757,0.21,0.014,0.983,0.96,0.84,1.09,,,1.16,0.77,1.73,False,
SMITH-BR8-AMN2-SAT-CNC,main,group,secondary saturated amine,amine_secondary_saturated,1130.0,1180.0,any,any,,,0.01,+intensity,5124,74,0.014,56,3988,18,1062,0.757,0.21,0.014,0.983,0.96,0.84,1.09,,,1.16,0.77,1.73,False,
SMITH-BR8-AMN2-SAT-CNC,main,group,secondary saturated amine,amine_secondary_saturated,1130.0,1180.0,any,any,,,0.01,+shape,5124,74,0.014,56,3988,18,1062,0.757,0.21,0.014,0.983,0.96,0.84,1.09,,,1.16,0.77,1.73,False,
SMITH-BR8-AMN2-SAT-CNC,main,group,secondary saturated amine,amine_secondary_saturated,1130.0,1180.0,any,any,,,0.02,position,5124,74,0.014,54,3728,20,1322,0.73,0.262,0.014,0.985,0.99,0.86,1.14,,,1.03,0.71,1.51,False,
SMITH-BR8-AMN2-SAT-CNC,main,group,secondary saturated amine,amine_secondary_saturated,1130.0,1180.0,any,any,,,0.02,+intensity,5124,74,0.014,54,3728,20,1322,0.73,0.262,0.014,0.985,0.99,0.86,1.14,,,1.03,0.71,1.51,False,
SMITH-BR8-AMN2-SAT-CNC,main,group,secondary saturated amine,amine_secondary_saturated,1130.0,1180.0,any,any,,,0.02,+shape,5124,74,0.014,54,3728,20,1322,0.73,0.262,0.014,0.985,0.99,0.86,1.14,0.89,1.12,1.03,0.71,1.51,False,ether_aryl OR=5.6 (n=84); ketone_saturated OR=3.7 (n=158); alcohol_tertiary OR=3.6 (n=84)
SMITH-BR8-AMN2-SAT-CNC,main,group,secondary saturated amine,amine_secondary_saturated,1130.0,1180.0,any,any,,,0.05,position,5124,74,0.014,50,3138,24,1912,0.676,0.379,0.016,0.988,1.09,0.93,1.28,,,0.86,0.62,1.19,False,
SMITH-BR8-AMN2-SAT-CNC,main,group,secondary saturated amine,amine_secondary_saturated,1130.0,1180.0,any,any,,,0.05,+intensity,5124,74,0.014,50,3138,24,1912,0.676,0.379,0.016,0.988,1.09,0.93,1.28,,,0.86,0.62,1.19,False,
SMITH-BR8-AMN2-SAT-CNC,main,group,secondary saturated amine,amine_secondary_saturated,1130.0,1180.0,any,any,,,0.05,+shape,5124,74,0.014,50,3138,24,1912,0.676,0.379,0.016,0.988,1.09,0.93,1.28,,,0.86,0.62,1.19,False,
SMITH-BR8-AMN2-SAT-CNC,main,group,secondary saturated amine,amine_secondary_saturated,1130.0,1180.0,any,any,,,0.1,position,5124,74,0.014,39,2579,35,2471,0.527,0.489,0.015,0.986,1.03,0.83,1.28,,,0.97,0.76,1.23,False,
SMITH-BR8-AMN2-SAT-CNC,main,group,secondary saturated amine,amine_secondary_saturated,1130.0,1180.0,any,any,,,0.1,+intensity,5124,74,0.014,39,2579,35,2471,0.527,0.489,0.015,0.986,1.03,0.83,1.28,,,0.97,0.76,1.23,False,
SMITH-BR8-AMN2-SAT-CNC,main,group,secondary saturated amine,amine_secondary_saturated,1130.0,1180.0,any,any,,,0.1,+shape,5124,74,0.014,39,2579,35,2471,0.527,0.489,0.015,0.986,1.03,0.83,1.28,,,0.97,0.76,1.23,False,
SMITH-BR8-AMN2-AR-CNC,main,group,secondary aromatic amine,amine_secondary_aromatic,1250.0,1350.0,any,any,,,0.01,position,5124,191,0.037,190,4656,1,277,0.995,0.056,0.039,0.996,1.05,1.04,1.07,,,0.09,0.01,0.66,False,
SMITH-BR8-AMN2-AR-CNC,main,group,secondary aromatic amine,amine_secondary_aromatic,1250.0,1350.0,any,any,,,0.01,+intensity,5124,191,0.037,190,4656,1,277,0.995,0.056,0.039,0.996,1.05,1.04,1.07,,,0.09,0.01,0.66,False,
SMITH-BR8-AMN2-AR-CNC,main,group,secondary aromatic amine,amine_secondary_aromatic,1250.0,1350.0,any,any,,,0.01,+shape,5124,191,0.037,190,4656,1,277,0.995,0.056,0.039,0.996,1.05,1.04,1.07,,,0.09,0.01,0.66,False,
SMITH-BR8-AMN2-AR-CNC,main,group,secondary aromatic amine,amine_secondary_aromatic,1250.0,1350.0,any,any,,,0.02,position,5124,191,0.037,188,4488,3,445,0.984,0.09,0.04,0.993,1.08,1.06,1.1,,,0.17,0.06,0.54,False,
SMITH-BR8-AMN2-AR-CNC,main,group,secondary aromatic amine,amine_secondary_aromatic,1250.0,1350.0,any,any,,,0.02,+intensity,5124,191,0.037,188,4488,3,445,0.984,0.09,0.04,0.993,1.08,1.06,1.1,,,0.17,0.06,0.54,False,
SMITH-BR8-AMN2-AR-CNC,main,group,secondary aromatic amine,amine_secondary_aromatic,1250.0,1350.0,any,any,,,0.02,+shape,5124,191,0.037,188,4488,3,445,0.984,0.09,0.04,0.993,1.08,1.06,1.1,1.03,1.16,0.17,0.06,0.54,False,ketone_aromatic OR=43.8 (n=210); ether_mixed OR=14.5 (n=339); ester_aromatic OR=11.2 (n=163)
SMITH-BR8-AMN2-AR-CNC,main,group,secondary aromatic amine,amine_secondary_aromatic,1250.0,1350.0,any,any,,,0.05,position,5124,191,0.037,187,4072,4,861,0.979,0.175,0.044,0.995,1.19,1.16,1.22,,,0.12,0.05,0.32,False,
SMITH-BR8-AMN2-AR-CNC,main,group,secondary aromatic amine,amine_secondary_aromatic,1250.0,1350.0,any,any,,,0.05,+intensity,5124,191,0.037,187,4072,4,861,0.979,0.175,0.044,0.995,1.19,1.16,1.22,,,0.12,0.05,0.32,False,
SMITH-BR8-AMN2-AR-CNC,main,group,secondary aromatic amine,amine_secondary_aromatic,1250.0,1350.0,any,any,,,0.05,+shape,5124,191,0.037,187,4072,4,861,0.979,0.175,0.044,0.995,1.19,1.16,1.22,,,0.12,0.05,0.32,False,
SMITH-BR8-AMN2-AR-CNC,main,group,secondary aromatic amine,amine_secondary_aromatic,1250.0,1350.0,any,any,,,0.1,position,5124,191,0.037,177,3585,14,1348,0.927,0.273,0.047,0.99,1.28,1.22,1.33,,,0.27,0.16,0.45,False,
SMITH-BR8-AMN2-AR-CNC,main,group,secondary aromatic amine,amine_secondary_aromatic,1250.0,1350.0,any,any,,,0.1,+intensity,5124,191,0.037,177,3585,14,1348,0.927,0.273,0.047,0.99,1.28,1.22,1.33,,,0.27,0.16,0.45,False,
SMITH-BR8-AMN2-AR-CNC,main,group,secondary aromatic amine,amine_secondary_aromatic,1250.0,1350.0,any,any,,,0.1,+shape,5124,191,0.037,177,3585,14,1348,0.927,0.273,0.047,0.99,1.28,1.22,1.33,,,0.27,0.16,0.45,False,
SMITH-BR8-AMN2-WAG,main,group,secondary amine,amine_secondary,700.0,750.0,any,any,,,0.01,position,5124,281,0.055,219,3644,62,1199,0.779,0.248,0.057,0.951,1.04,0.97,1.1,,,0.89,0.71,1.12,False,
SMITH-BR8-AMN2-WAG,main,group,secondary amine,amine_secondary,700.0,750.0,any,any,,,0.01,+intensity,5124,281,0.055,219,3644,62,1199,0.779,0.248,0.057,0.951,1.04,0.97,1.1,,,0.89,0.71,1.12,False,
SMITH-BR8-AMN2-WAG,main,group,secondary amine,amine_secondary,700.0,750.0,any,any,,,0.01,+shape,5124,281,0.055,219,3644,62,1199,0.779,0.248,0.057,0.951,1.04,0.97,1.1,,,0.89,0.71,1.12,False,
SMITH-BR8-AMN2-WAG,main,group,secondary amine,amine_secondary,700.0,750.0,any,any,,,0.02,position,5124,281,0.055,203,3373,78,1470,0.722,0.304,0.057,0.95,1.04,0.96,1.12,,,0.91,0.75,1.11,False,
SMITH-BR8-AMN2-WAG,main,group,secondary amine,amine_secondary,700.0,750.0,any,any,,,0.02,+intensity,5124,281,0.055,203,3373,78,1470,0.722,0.304,0.057,0.95,1.04,0.96,1.12,,,0.91,0.75,1.11,False,
SMITH-BR8-AMN2-WAG,main,group,secondary amine,amine_secondary,700.0,750.0,any,any,,,0.02,+shape,5124,281,0.055,203,3373,78,1470,0.722,0.304,0.057,0.95,1.04,0.96,1.12,0.95,1.1,0.91,0.75,1.11,False,aromatic_ortho OR=3.9 (n=211); ketone_aromatic OR=3.5 (n=186); nitro OR=3.4 (n=330)
SMITH-BR8-AMN2-WAG,main,group,secondary amine,amine_secondary,700.0,750.0,any,any,,,0.05,position,5124,281,0.055,175,2827,106,2016,0.623,0.416,0.058,0.95,1.07,0.97,1.17,,,0.91,0.78,1.06,False,
SMITH-BR8-AMN2-WAG,main,group,secondary amine,amine_secondary,700.0,750.0,any,any,,,0.05,+intensity,5124,281,0.055,175,2827,106,2016,0.623,0.416,0.058,0.95,1.07,0.97,1.17,,,0.91,0.78,1.06,False,
SMITH-BR8-AMN2-WAG,main,group,secondary amine,amine_secondary,700.0,750.0,any,any,,,0.05,+shape,5124,281,0.055,175,2827,106,2016,0.623,0.416,0.058,0.95,1.07,0.97,1.17,,,0.91,0.78,1.06,False,
SMITH-BR8-AMN2-WAG,main,group,secondary amine,amine_secondary,700.0,750.0,any,any,,,0.1,position,5124,281,0.055,154,2255,127,2588,0.548,0.534,0.064,0.953,1.18,1.05,1.31,,,0.85,0.74,0.96,False,
SMITH-BR8-AMN2-WAG,main,group,secondary amine,amine_secondary,700.0,750.0,any,any,,,0.1,+intensity,5124,281,0.055,154,2255,127,2588,0.548,0.534,0.064,0.953,1.18,1.05,1.31,,,0.85,0.74,0.96,False,
SMITH-BR8-AMN2-WAG,main,group,secondary amine,amine_secondary,700.0,750.0,any,any,,,0.1,+shape,5124,281,0.055,154,2255,127,2588,0.548,0.534,0.064,0.953,1.18,1.05,1.31,,,0.85,0.74,0.96,False,
SMITH-BR8-NH-ANY,main,class,N-H bond,n_h_any,3300.0,3500.0,any,any,,,0.01,position,5124,1420,0.277,1127,1657,293,2047,0.794,0.553,0.405,0.875,1.77,1.7,1.85,,,0.37,0.34,0.42,False,
SMITH-BR8-NH-ANY,main,class,N-H bond,n_h_any,3300.0,3500.0,any,any,,,0.01,+intensity,5124,1420,0.277,1127,1657,293,2047,0.794,0.553,0.405,0.875,1.77,1.7,1.85,,,0.37,0.34,0.42,False,
SMITH-BR8-NH-ANY,main,class,N-H bond,n_h_any,3300.0,3500.0,any,any,,,0.01,+shape,5124,1420,0.277,1127,1657,293,2047,0.794,0.553,0.405,0.875,1.77,1.7,1.85,,,0.37,0.34,0.42,False,
SMITH-BR8-NH-ANY,main,class,N-H bond,n_h_any,3300.0,3500.0,any,any,,,0.02,position,5124,1420,0.277,1082,1253,338,2451,0.762,0.662,0.463,0.879,2.25,2.13,2.38,,,0.36,0.33,0.4,False,
SMITH-BR8-NH-ANY,main,class,N-H bond,n_h_any,3300.0,3500.0,any,any,,,0.02,+intensity,5124,1420,0.277,1082,1253,338,2451,0.762,0.662,0.463,0.879,2.25,2.13,2.38,,,0.36,0.33,0.4,False,
SMITH-BR8-NH-ANY,main,class,N-H bond,n_h_any,3300.0,3500.0,any,any,,,0.02,+shape,5124,1420,0.277,1082,1253,338,2451,0.762,0.662,0.463,0.879,2.25,2.13,2.38,1.72,2.6,0.36,0.33,0.4,False,aldehyde_saturated OR=12.3 (n=15); alcohol_secondary OR=11.3 (n=187); alcohol_primary OR=8.2 (n=148)
SMITH-BR8-NH-ANY,main,class,N-H bond,n_h_any,3300.0,3500.0,any,any,,,0.05,position,5124,1420,0.277,991,875,429,2829,0.698,0.764,0.531,0.868,2.95,2.76,3.16,,,0.4,0.36,0.43,False,
SMITH-BR8-NH-ANY,main,class,N-H bond,n_h_any,3300.0,3500.0,any,any,,,0.05,+intensity,5124,1420,0.277,991,875,429,2829,0.698,0.764,0.531,0.868,2.95,2.76,3.16,,,0.4,0.36,0.43,False,
SMITH-BR8-NH-ANY,main,class,N-H bond,n_h_any,3300.0,3500.0,any,any,,,0.05,+shape,5124,1420,0.277,991,875,429,2829,0.698,0.764,0.531,0.868,2.95,2.76,3.16,,,0.4,0.36,0.43,False,
SMITH-BR8-NH-ANY,main,class,N-H bond,n_h_any,3300.0,3500.0,any,any,,,0.1,position,5124,1420,0.277,874,585,546,3119,0.615,0.842,0.599,0.851,3.9,3.58,4.24,,,0.46,0.43,0.49,False,
SMITH-BR8-NH-ANY,main,class,N-H bond,n_h_any,3300.0,3500.0,any,any,,,0.1,+intensity,5124,1420,0.277,874,585,546,3119,0.615,0.842,0.599,0.851,3.9,3.58,4.24,,,0.46,0.43,0.49,False,
SMITH-BR8-NH-ANY,main,class,N-H bond,n_h_any,3300.0,3500.0,any,any,,,0.1,+shape,5124,1420,0.277,874,585,546,3119,0.615,0.842,0.599,0.851,3.9,3.58,4.24,,,0.46,0.43,0.49,False,
SMITH-ALD17-SAT-CO,main,group,saturated aldehyde,aldehyde_saturated,1720.0,1740.0,strong,any,,,0.01,position,5124,18,0.004,14,886,4,4220,0.778,0.826,0.016,0.999,4.48,3.48,5.78,,,0.27,0.11,0.64,False,
SMITH-ALD17-SAT-CO,main,group,saturated aldehyde,aldehyde_saturated,1720.0,1740.0,strong,any,,,0.01,+intensity,5124,18,0.004,11,497,7,4609,0.611,0.903,0.022,0.998,6.28,4.3,9.16,,,0.43,0.24,0.77,False,
SMITH-ALD17-SAT-CO,main,group,saturated aldehyde,aldehyde_saturated,1720.0,1740.0,strong,any,,,0.01,+shape,5124,18,0.004,11,497,7,4609,0.611,0.903,0.022,0.998,6.28,4.3,9.16,,,0.43,0.24,0.77,False,
SMITH-ALD17-SAT-CO,main,group,saturated aldehyde,aldehyde_saturated,1720.0,1740.0,strong,any,,,0.02,position,5124,18,0.004,14,721,4,4385,0.778,0.859,0.019,0.999,5.51,4.26,7.12,,,0.26,0.11,0.61,False,
SMITH-ALD17-SAT-CO,main,group,saturated aldehyde,aldehyde_saturated,1720.0,1740.0,strong,any,,,0.02,+intensity,5124,18,0.004,11,492,7,4614,0.611,0.904,0.022,0.998,6.34,4.35,9.26,,,0.43,0.24,0.77,False,
SMITH-ALD17-SAT-CO,main,group,saturated aldehyde,aldehyde_saturated,1720.0,1740.0,strong,any,,,0.02,+shape,5124,18,0.004,11,492,7,4614,0.611,0.904,0.022,0.998,6.34,4.35,9.26,2.46,9.95,0.43,0.24,0.77,False,carbonyl_any OR=64.1 (n=481); esters OR=13.6 (n=271); ester_saturated OR=11.2 (n=191)
SMITH-ALD17-SAT-CO,main,group,saturated aldehyde,aldehyde_saturated,1720.0,1740.0,strong,any,,,0.05,position,5124,18,0.004,13,585,5,4521,0.722,0.885,0.022,0.999,6.3,4.69,8.48,,,0.31,0.15,0.66,False,
SMITH-ALD17-SAT-CO,main,group,saturated aldehyde,aldehyde_saturated,1720.0,1740.0,strong,any,,,0.05,+intensity,5124,18,0.004,11,475,7,4631,0.611,0.907,0.023,0.998,6.57,4.5,9.59,,,0.43,0.24,0.77,False,
SMITH-ALD17-SAT-CO,main,group,saturated aldehyde,aldehyde_saturated,1720.0,1740.0,strong,any,,,0.05,+shape,5124,18,0.004,11,475,7,4631,0.611,0.907,0.023,0.998,6.57,4.5,9.59,,,0.43,0.24,0.77,False,
SMITH-ALD17-SAT-CO,main,group,saturated aldehyde,aldehyde_saturated,1720.0,1740.0,strong,any,,,0.1,position,5124,18,0.004,13,549,5,4557,0.722,0.892,0.023,0.999,6.72,4.99,9.04,,,0.31,0.15,0.66,False,
SMITH-ALD17-SAT-CO,main,group,saturated aldehyde,aldehyde_saturated,1720.0,1740.0,strong,any,,,0.1,+intensity,5124,18,0.004,11,466,7,4640,0.611,0.909,0.023,0.998,6.7,4.59,9.78,,,0.43,0.24,0.76,False,
SMITH-ALD17-SAT-CO,main,group,saturated aldehyde,aldehyde_saturated,1720.0,1740.0,strong,any,,,0.1,+shape,5124,18,0.004,11,466,7,4640,0.611,0.909,0.023,0.998,6.7,4.59,9.78,,,0.43,0.24,0.76,False,
SMITH-ALD17-AR-CO,main,group,aromatic aldehyde,aldehyde_aromatic,1685.0,1710.0,strong,any,,,0.01,position,5124,44,0.009,14,839,30,4241,0.318,0.835,0.016,0.993,1.93,1.24,2.98,,,0.82,0.67,1.0,False,
SMITH-ALD17-AR-CO,main,group,aromatic aldehyde,aldehyde_aromatic,1685.0,1710.0,strong,any,,,0.01,+intensity,5124,44,0.009,12,468,32,4612,0.273,0.908,0.025,0.993,2.96,1.81,4.83,,,0.8,0.67,0.96,False,
SMITH-ALD17-AR-CO,main,group,aromatic aldehyde,aldehyde_aromatic,1685.0,1710.0,strong,any,,,0.01,+shape,5124,44,0.009,12,468,32,4612,0.273,0.908,0.025,0.993,2.96,1.81,4.83,,,0.8,0.67,0.96,False,
SMITH-ALD17-AR-CO,main,group,aromatic aldehyde,aldehyde_aromatic,1685.0,1710.0,strong,any,,,0.02,position,5124,44,0.009,14,682,30,4398,0.318,0.866,0.02,0.993,2.37,1.53,3.67,,,0.79,0.64,0.96,False,
SMITH-ALD17-AR-CO,main,group,aromatic aldehyde,aldehyde_aromatic,1685.0,1710.0,strong,any,,,0.02,+intensity,5124,44,0.009,12,467,32,4613,0.273,0.908,0.025,0.993,2.97,1.82,4.84,,,0.8,0.67,0.96,False,
SMITH-ALD17-AR-CO,main,group,aromatic aldehyde,aldehyde_aromatic,1685.0,1710.0,strong,any,,,0.02,+shape,5124,44,0.009,12,467,32,4613,0.273,0.908,0.025,0.993,2.97,1.82,4.84,0.72,4.0,0.8,0.67,0.96,False,carbonyl_any OR=10.9 (n=412); carboxylic_acids OR=6.6 (n=113); carboxylic_acid_saturated OR=6.6 (n=77)
SMITH-ALD17-AR-CO,main,group,aromatic aldehyde,aldehyde_aromatic,1685.0,1710.0,strong,any,,,0.05,position,5124,44,0.009,14,590,30,4490,0.318,0.884,0.023,0.993,2.74,1.77,4.25,,,0.77,0.63,0.94,False,
SMITH-ALD17-AR-CO,main,group,aromatic aldehyde,aldehyde_aromatic,1685.0,1710.0,strong,any,,,0.05,+intensity,5124,44,0.009,12,459,32,4621,0.273,0.91,0.025,0.993,3.02,1.85,4.93,,,0.8,0.67,0.96,False,
SMITH-ALD17-AR-CO,main,group,aromatic aldehyde,aldehyde_aromatic,1685.0,1710.0,strong,any,,,0.05,+shape,5124,44,0.009,12,459,32,4621,0.273,0.91,0.025,0.993,3.02,1.85,4.93,,,0.8,0.67,0.96,False,
SMITH-ALD17-AR-CO,main,group,aromatic aldehyde,aldehyde_aromatic,1685.0,1710.0,strong,any,,,0.1,position,5124,44,0.009,13,552,31,4528,0.295,0.891,0.023,0.993,2.72,1.71,4.32,,,0.79,0.65,0.96,False,
SMITH-ALD17-AR-CO,main,group,aromatic aldehyde,aldehyde_aromatic,1685.0,1710.0,strong,any,,,0.1,+intensity,5124,44,0.009,11,449,33,4631,0.25,0.912,0.024,0.993,2.83,1.68,4.75,,,0.82,0.69,0.98,False,
SMITH-ALD17-AR-CO,main,group,aromatic aldehyde,aldehyde_aromatic,1685.0,1710.0,strong,any,,,0.1,+shape,5124,44,0.009,11,449,33,4631,0.25,0.912,0.024,0.993,2.83,1.68,4.75,,,0.82,0.69,0.98,False,
SMITH-ALD17-CH-STR,main,group,aldehyde,aldehydes,2700.0,2850.0,any,any,,,0.01,position,5124,72,0.014,57,1463,15,3589,0.792,0.71,0.037,0.996,2.73,2.41,3.1,,,0.29,0.19,0.46,False,
SMITH-ALD17-CH-STR,main,group,aldehyde,aldehydes,2700.0,2850.0,any,any,,,0.01,+intensity,5124,72,0.014,57,1463,15,3589,0.792,0.71,0.037,0.996,2.73,2.41,3.1,,,0.29,0.19,0.46,False,
SMITH-ALD17-CH-STR,main,group,aldehyde,aldehydes,2700.0,2850.0,any,any,,,0.01,+shape,5124,72,0.014,57,1463,15,3589,0.792,0.71,0.037,0.996,2.73,2.41,3.1,,,0.29,0.19,0.46,False,
SMITH-ALD17-CH-STR,main,group,aldehyde,aldehydes,2700.0,2850.0,any,any,,,0.02,position,5124,72,0.014,50,1034,22,4018,0.694,0.795,0.046,0.995,3.39,2.88,3.99,,,0.38,0.27,0.54,False,
SMITH-ALD17-CH-STR,main,group,aldehyde,aldehydes,2700.0,2850.0,any,any,,,0.02,+intensity,5124,72,0.014,50,1034,22,4018,0.694,0.795,0.046,0.995,3.39,2.88,3.99,,,0.38,0.27,0.54,False,
SMITH-ALD17-CH-STR,main,group,aldehyde,aldehydes,2700.0,2850.0,any,any,,,0.02,+shape,5124,72,0.014,50,1034,22,4018,0.694,0.795,0.046,0.995,3.39,2.88,3.99,2.72,3.87,0.38,0.27,0.54,False,ammonium_primary OR=35.1 (n=4); amine_secondary_saturated OR=7.2 (n=47); alkyne_internal OR=3.2 (n=4)
SMITH-ALD17-CH-STR,main,group,aldehyde,aldehydes,2700.0,2850.0,any,any,,,0.05,position,5124,72,0.014,37,631,35,4421,0.514,0.875,0.055,0.992,4.11,3.25,5.21,,,0.56,0.44,0.7,False,
SMITH-ALD17-CH-STR,main,group,aldehyde,aldehydes,2700.0,2850.0,any,any,,,0.05,+intensity,5124,72,0.014,37,631,35,4421,0.514,0.875,0.055,0.992,4.11,3.25,5.21,,,0.56,0.44,0.7,False,
SMITH-ALD17-CH-STR,main,group,aldehyde,aldehydes,2700.0,2850.0,any,any,,,0.05,+shape,5124,72,0.014,37,631,35,4421,0.514,0.875,0.055,0.992,4.11,3.25,5.21,,,0.56,0.44,0.7,False,
SMITH-ALD17-CH-STR,main,group,aldehyde,aldehydes,2700.0,2850.0,any,any,,,0.1,position,5124,72,0.014,25,406,47,4646,0.347,0.92,0.058,0.99,4.32,3.11,6.01,,,0.71,0.6,0.84,False,
SMITH-ALD17-CH-STR,main,group,aldehyde,aldehydes,2700.0,2850.0,any,any,,,0.1,+intensity,5124,72,0.014,25,406,47,4646,0.347,0.92,0.058,0.99,4.32,3.11,6.01,,,0.71,0.6,0.84,False,
SMITH-ALD17-CH-STR,main,group,aldehyde,aldehydes,2700.0,2850.0,any,any,,,0.1,+shape,5124,72,0.014,25,406,47,4646,0.347,0.92,0.058,0.99,4.32,3.11,6.01,,,0.71,0.6,0.84,False,
SMITH-ALD17-CH-BEND,main,group,aldehyde,aldehydes,1380.0,1400.0,any,any,,,0.01,position,5124,72,0.014,50,2346,22,2706,0.694,0.536,0.021,0.992,1.5,1.28,1.75,,,0.57,0.4,0.81,False,
SMITH-ALD17-CH-BEND,main,group,aldehyde,aldehydes,1380.0,1400.0,any,any,,,0.01,+intensity,5124,72,0.014,50,2346,22,2706,0.694,0.536,0.021,0.992,1.5,1.28,1.75,,,0.57,0.4,0.81,False,
SMITH-ALD17-CH-BEND,main,group,aldehyde,aldehydes,1380.0,1400.0,any,any,,,0.01,+shape,5124,72,0.014,50,2346,22,2706,0.694,0.536,0.021,0.992,1.5,1.28,1.75,,,0.57,0.4,0.81,False,
SMITH-ALD17-CH-BEND,main,group,aldehyde,aldehydes,1380.0,1400.0,any,any,,,0.02,position,5124,72,0.014,43,2169,29,2883,0.597,0.571,0.019,0.99,1.39,1.15,1.69,,,0.71,0.53,0.94,False,
SMITH-ALD17-CH-BEND,main,group,aldehyde,aldehydes,1380.0,1400.0,any,any,,,0.02,+intensity,5124,72,0.014,43,2169,29,2883,0.597,0.571,0.019,0.99,1.39,1.15,1.69,,,0.71,0.53,0.94,False,
SMITH-ALD17-CH-BEND,main,group,aldehyde,aldehydes,1380.0,1400.0,any,any,,,0.02,+shape,5124,72,0.014,43,2169,29,2883,0.597,0.571,0.019,0.99,1.39,1.15,1.69,0.91,1.7,0.71,0.53,0.94,False,carbonate_organic OR=4.0 (n=16); methyl OR=2.2 (n=1558); alkane OR=1.5 (n=1590)
SMITH-ALD17-CH-BEND,main,group,aldehyde,aldehydes,1380.0,1400.0,any,any,,,0.05,position,5124,72,0.014,34,1805,38,3247,0.472,0.643,0.018,0.988,1.32,1.03,1.69,,,0.82,0.66,1.02,False,
SMITH-ALD17-CH-BEND,main,group,aldehyde,aldehydes,1380.0,1400.0,any,any,,,0.05,+intensity,5124,72,0.014,34,1805,38,3247,0.472,0.643,0.018,0.988,1.32,1.03,1.69,,,0.82,0.66,1.02,False,
SMITH-ALD17-CH-BEND,main,group,aldehyde,aldehydes,1380.0,1400.0,any,any,,,0.05,+shape,5124,72,0.014,34,1805,38,3247,0.472,0.643,0.018,0.988,1.32,1.03,1.69,,,0.82,0.66,1.02,False,
SMITH-ALD17-CH-BEND,main,group,aldehyde,aldehydes,1380.0,1400.0,any,any,,,0.1,position,5124,72,0.014,23,1375,49,3677,0.319,0.728,0.016,0.987,1.17,0.84,1.65,,,0.94,0.8,1.1,False,
SMITH-ALD17-CH-BEND,main,group,aldehyde,aldehydes,1380.0,1400.0,any,any,,,0.1,+intensity,5124,72,0.014,23,1375,49,3677,0.319,0.728,0.016,0.987,1.17,0.84,1.65,,,0.94,0.8,1.1,False,
SMITH-ALD17-CH-BEND,main,group,aldehyde,aldehydes,1380.0,1400.0,any,any,,,0.1,+shape,5124,72,0.014,23,1375,49,3677,0.319,0.728,0.016,0.987,1.17,0.84,1.65,,,0.94,0.8,1.1,False,
SMITH-ALK16-CH-STR,main,class,alkene,alkene,3000.0,3100.0,any,any,,,0.01,position,5124,618,0.121,332,1961,286,2545,0.537,0.565,0.145,0.899,1.23,1.14,1.34,,,0.82,0.75,0.9,False,
SMITH-ALK16-CH-STR,main,class,alkene,alkene,3000.0,3100.0,any,any,,,0.01,+intensity,5124,618,0.121,332,1961,286,2545,0.537,0.565,0.145,0.899,1.23,1.14,1.34,,,0.82,0.75,0.9,False,
SMITH-ALK16-CH-STR,main,class,alkene,alkene,3000.0,3100.0,any,any,,,0.01,+shape,5124,618,0.121,332,1961,286,2545,0.537,0.565,0.145,0.899,1.23,1.14,1.34,,,0.82,0.75,0.9,False,
SMITH-ALK16-CH-STR,main,class,alkene,alkene,3000.0,3100.0,any,any,,,0.02,position,5124,618,0.121,276,1622,342,2884,0.447,0.64,0.145,0.894,1.24,1.13,1.37,,,0.86,0.8,0.93,False,
SMITH-ALK16-CH-STR,main,class,alkene,alkene,3000.0,3100.0,any,any,,,0.02,+intensity,5124,618,0.121,276,1622,342,2884,0.447,0.64,0.145,0.894,1.24,1.13,1.37,,,0.86,0.8,0.93,False,
SMITH-ALK16-CH-STR,main,class,alkene,alkene,3000.0,3100.0,any,any,,,0.02,+shape,5124,618,0.121,276,1622,342,2884,0.447,0.64,0.145,0.894,1.24,1.13,1.37,0.85,1.66,0.86,0.8,0.93,False,aromatics OR=4.3 (n=1411); ether_aryl OR=3.6 (n=59); aromatic_mono OR=3.1 (n=496)
SMITH-ALK16-CH-STR,main,class,alkene,alkene,3000.0,3100.0,any,any,,,0.05,position,5124,618,0.121,202,1036,416,3470,0.327,0.77,0.163,0.893,1.42,1.25,1.61,,,0.87,0.83,0.93,False,
SMITH-ALK16-CH-STR,main,class,alkene,alkene,3000.0,3100.0,any,any,,,0.05,+intensity,5124,618,0.121,202,1036,416,3470,0.327,0.77,0.163,0.893,1.42,1.25,1.61,,,0.87,0.83,0.93,False,
SMITH-ALK16-CH-STR,main,class,alkene,alkene,3000.0,3100.0,any,any,,,0.05,+shape,5124,618,0.121,202,1036,416,3470,0.327,0.77,0.163,0.893,1.42,1.25,1.61,,,0.87,0.83,0.93,False,
SMITH-ALK16-CH-STR,main,class,alkene,alkene,3000.0,3100.0,any,any,,,0.1,position,5124,618,0.121,122,605,496,3901,0.197,0.866,0.168,0.887,1.47,1.23,1.75,,,0.93,0.89,0.97,False,
SMITH-ALK16-CH-STR,main,class,alkene,alkene,3000.0,3100.0,any,any,,,0.1,+intensity,5124,618,0.121,122,605,496,3901,0.197,0.866,0.168,0.887,1.47,1.23,1.75,,,0.93,0.89,0.97,False,
SMITH-ALK16-CH-STR,main,class,alkene,alkene,3000.0,3100.0,any,any,,,0.1,+shape,5124,618,0.121,122,605,496,3901,0.197,0.866,0.168,0.887,1.47,1.23,1.75,,,0.93,0.89,0.97,False,
SMITH-ALK16-CC-STR,main,class,alkene,alkene,1630.0,1680.0,any,any,,,0.01,position,5124,618,0.121,401,1510,217,2996,0.649,0.665,0.21,0.932,1.94,1.8,2.08,,,0.53,0.47,0.59,False,
SMITH-ALK16-CC-STR,main,class,alkene,alkene,1630.0,1680.0,any,any,,,0.01,+intensity,5124,618,0.121,401,1510,217,2996,0.649,0.665,0.21,0.932,1.94,1.8,2.08,,,0.53,0.47,0.59,False,
SMITH-ALK16-CC-STR,main,class,alkene,alkene,1630.0,1680.0,any,any,,,0.01,+shape,5124,618,0.121,401,1510,217,2996,0.649,0.665,0.21,0.932,1.94,1.8,2.08,,,0.53,0.47,0.59,False,
SMITH-ALK16-CC-STR,main,class,alkene,alkene,1630.0,1680.0,any,any,,,0.02,position,5124,618,0.121,369,1269,249,3237,0.597,0.718,0.225,0.929,2.12,1.96,2.3,,,0.56,0.51,0.62,False,
SMITH-ALK16-CC-STR,main,class,alkene,alkene,1630.0,1680.0,any,any,,,0.02,+intensity,5124,618,0.121,369,1269,249,3237,0.597,0.718,0.225,0.929,2.12,1.96,2.3,,,0.56,0.51,0.62,False,
SMITH-ALK16-CC-STR,main,class,alkene,alkene,1630.0,1680.0,any,any,,,0.02,+shape,5124,618,0.121,369,1269,249,3237,0.597,0.718,0.225,0.929,2.12,1.96,2.3,1.6,2.51,0.56,0.51,0.62,False,amide_primary OR=21.3 (n=89); amides OR=7.3 (n=384); amide_secondary OR=6.6 (n=211)
SMITH-ALK16-CC-STR,main,class,alkene,alkene,1630.0,1680.0,any,any,,,0.05,position,5124,618,0.121,326,1083,292,3423,0.528,0.76,0.231,0.921,2.19,2.0,2.4,,,0.62,0.57,0.68,False,
SMITH-ALK16-CC-STR,main,class,alkene,alkene,1630.0,1680.0,any,any,,,0.05,+intensity,5124,618,0.121,326,1083,292,3423,0.528,0.76,0.231,0.921,2.19,2.0,2.4,,,0.62,0.57,0.68,False,
SMITH-ALK16-CC-STR,main,class,alkene,alkene,1630.0,1680.0,any,any,,,0.05,+shape,5124,618,0.121,326,1083,292,3423,0.528,0.76,0.231,0.921,2.19,2.0,2.4,,,0.62,0.57,0.68,False,
SMITH-ALK16-CC-STR,main,class,alkene,alkene,1630.0,1680.0,any,any,,,0.1,position,5124,618,0.121,281,982,337,3524,0.455,0.782,0.222,0.913,2.09,1.88,2.31,,,0.7,0.65,0.75,False,
SMITH-ALK16-CC-STR,main,class,alkene,alkene,1630.0,1680.0,any,any,,,0.1,+intensity,5124,618,0.121,281,982,337,3524,0.455,0.782,0.222,0.913,2.09,1.88,2.31,,,0.7,0.65,0.75,False,
SMITH-ALK16-CC-STR,main,class,alkene,alkene,1630.0,1680.0,any,any,,,0.1,+shape,5124,618,0.121,281,982,337,3524,0.455,0.782,0.222,0.913,2.09,1.88,2.31,,,0.7,0.65,0.75,False,
SMITH-ALK16-VINYL-CC,main,group,vinyl alkene,alkene_vinyl,1630.0,1660.0,any,any,,,0.01,position,5124,91,0.018,72,1273,19,3760,0.791,0.747,0.054,0.995,3.13,2.79,3.51,,,0.28,0.19,0.42,False,
SMITH-ALK16-VINYL-CC,main,group,vinyl alkene,alkene_vinyl,1630.0,1660.0,any,any,,,0.01,+intensity,5124,91,0.018,72,1273,19,3760,0.791,0.747,0.054,0.995,3.13,2.79,3.51,,,0.28,0.19,0.42,False,
SMITH-ALK16-VINYL-CC,main,group,vinyl alkene,alkene_vinyl,1630.0,1660.0,any,any,,,0.01,+shape,5124,91,0.018,72,1273,19,3760,0.791,0.747,0.054,0.995,3.13,2.79,3.51,,,0.28,0.19,0.42,False,
SMITH-ALK16-VINYL-CC,main,group,vinyl alkene,alkene_vinyl,1630.0,1660.0,any,any,,,0.02,position,5124,91,0.018,67,1079,24,3954,0.736,0.786,0.058,0.994,3.43,3.0,3.93,,,0.34,0.24,0.47,False,
SMITH-ALK16-VINYL-CC,main,group,vinyl alkene,alkene_vinyl,1630.0,1660.0,any,any,,,0.02,+intensity,5124,91,0.018,67,1079,24,3954,0.736,0.786,0.058,0.994,3.43,3.0,3.93,,,0.34,0.24,0.47,False,
SMITH-ALK16-VINYL-CC,main,group,vinyl alkene,alkene_vinyl,1630.0,1660.0,any,any,,,0.02,+shape,5124,91,0.018,67,1079,24,3954,0.736,0.786,0.058,0.994,3.43,3.0,3.93,1.44,4.07,0.34,0.24,0.47,False,amide_primary OR=5.5 (n=59); amine_primary_aromatic OR=4.2 (n=181); alkene_trisubstituted OR=3.7 (n=76)
SMITH-ALK16-VINYL-CC,main,group,vinyl alkene,alkene_vinyl,1630.0,1660.0,any,any,,,0.05,position,5124,91,0.018,61,922,30,4111,0.67,0.817,0.062,0.993,3.66,3.13,4.27,,,0.4,0.3,0.54,False,
SMITH-ALK16-VINYL-CC,main,group,vinyl alkene,alkene_vinyl,1630.0,1660.0,any,any,,,0.05,+intensity,5124,91,0.018,61,922,30,4111,0.67,0.817,0.062,0.993,3.66,3.13,4.27,,,0.4,0.3,0.54,False,
SMITH-ALK16-VINYL-CC,main,group,vinyl alkene,alkene_vinyl,1630.0,1660.0,any,any,,,0.05,+shape,5124,91,0.018,61,922,30,4111,0.67,0.817,0.062,0.993,3.66,3.13,4.27,,,0.4,0.3,0.54,False,
SMITH-ALK16-VINYL-CC,main,group,vinyl alkene,alkene_vinyl,1630.0,1660.0,any,any,,,0.1,position,5124,91,0.018,50,799,41,4234,0.549,0.841,0.059,0.99,3.46,2.84,4.21,,,0.54,0.43,0.67,False,
SMITH-ALK16-VINYL-CC,main,group,vinyl alkene,alkene_vinyl,1630.0,1660.0,any,any,,,0.1,+intensity,5124,91,0.018,50,799,41,4234,0.549,0.841,0.059,0.99,3.46,2.84,4.21,,,0.54,0.43,0.67,False,
SMITH-ALK16-VINYL-CC,main,group,vinyl alkene,alkene_vinyl,1630.0,1660.0,any,any,,,0.1,+shape,5124,91,0.018,50,799,41,4234,0.549,0.841,0.059,0.99,3.46,2.84,4.21,,,0.54,0.43,0.67,False,
SMITH-ALK16-VINYL-WAG1,main,group,vinyl alkene,alkene_vinyl,985.0,995.0,any,any,,,0.01,position,5124,91,0.018,49,798,42,4235,0.538,0.841,0.058,0.99,3.4,2.78,4.15,,,0.55,0.44,0.69,False,
SMITH-ALK16-VINYL-WAG1,main,group,vinyl alkene,alkene_vinyl,985.0,995.0,any,any,,,0.01,+intensity,5124,91,0.018,49,798,42,4235,0.538,0.841,0.058,0.99,3.4,2.78,4.15,,,0.55,0.44,0.69,False,
SMITH-ALK16-VINYL-WAG1,main,group,vinyl alkene,alkene_vinyl,985.0,995.0,any,any,,,0.01,+shape,5124,91,0.018,49,798,42,4235,0.538,0.841,0.058,0.99,3.4,2.78,4.15,,,0.55,0.44,0.69,False,
SMITH-ALK16-VINYL-WAG1,main,group,vinyl alkene,alkene_vinyl,985.0,995.0,any,any,,,0.02,position,5124,91,0.018,48,659,43,4374,0.527,0.869,0.068,0.99,4.03,3.27,4.96,,,0.54,0.44,0.68,False,
SMITH-ALK16-VINYL-WAG1,main,group,vinyl alkene,alkene_vinyl,985.0,995.0,any,any,,,0.02,+intensity,5124,91,0.018,48,659,43,4374,0.527,0.869,0.068,0.99,4.03,3.27,4.96,,,0.54,0.44,0.68,False,
SMITH-ALK16-VINYL-WAG1,main,group,vinyl alkene,alkene_vinyl,985.0,995.0,any,any,,,0.02,+shape,5124,91,0.018,48,659,43,4374,0.527,0.869,0.068,0.99,4.03,3.27,4.96,2.75,5.26,0.54,0.44,0.68,False,alcohol_tertiary OR=2.7 (n=26); alkene_trisubstituted OR=2.5 (n=41); alcohol_secondary OR=2.1 (n=59)
SMITH-ALK16-VINYL-WAG1,main,group,vinyl alkene,alkene_vinyl,985.0,995.0,any,any,,,0.05,position,5124,91,0.018,46,476,45,4557,0.505,0.905,0.088,0.99,5.34,4.29,6.66,,,0.55,0.44,0.67,False,
SMITH-ALK16-VINYL-WAG1,main,group,vinyl alkene,alkene_vinyl,985.0,995.0,any,any,,,0.05,+intensity,5124,91,0.018,46,476,45,4557,0.505,0.905,0.088,0.99,5.34,4.29,6.66,,,0.55,0.44,0.67,False,
SMITH-ALK16-VINYL-WAG1,main,group,vinyl alkene,alkene_vinyl,985.0,995.0,any,any,,,0.05,+shape,5124,91,0.018,46,476,45,4557,0.505,0.905,0.088,0.99,5.34,4.29,6.66,,,0.55,0.44,0.67,False,
SMITH-ALK16-VINYL-WAG1,main,group,vinyl alkene,alkene_vinyl,985.0,995.0,any,any,,,0.1,position,5124,91,0.018,44,330,47,4703,0.484,0.934,0.118,0.99,7.37,5.82,9.34,,,0.55,0.45,0.67,False,
SMITH-ALK16-VINYL-WAG1,main,group,vinyl alkene,alkene_vinyl,985.0,995.0,any,any,,,0.1,+intensity,5124,91,0.018,44,330,47,4703,0.484,0.934,0.118,0.99,7.37,5.82,9.34,,,0.55,0.45,0.67,False,
SMITH-ALK16-VINYL-WAG1,main,group,vinyl alkene,alkene_vinyl,985.0,995.0,any,any,,,0.1,+shape,5124,91,0.018,44,330,47,4703,0.484,0.934,0.118,0.99,7.37,5.82,9.34,,,0.55,0.45,0.67,False,
SMITH-ALK16-VINYL-WAG2,main,group,vinyl alkene,alkene_vinyl,905.0,915.0,any,any,,,0.01,position,5124,91,0.018,24,984,67,4049,0.264,0.804,0.024,0.984,1.35,0.95,1.91,,,0.92,0.81,1.04,False,
SMITH-ALK16-VINYL-WAG2,main,group,vinyl alkene,alkene_vinyl,905.0,915.0,any,any,,,0.01,+intensity,5124,91,0.018,24,984,67,4049,0.264,0.804,0.024,0.984,1.35,0.95,1.91,,,0.92,0.81,1.04,False,
SMITH-ALK16-VINYL-WAG2,main,group,vinyl alkene,alkene_vinyl,905.0,915.0,any,any,,,0.01,+shape,5124,91,0.018,24,984,67,4049,0.264,0.804,0.024,0.984,1.35,0.95,1.91,,,0.92,0.81,1.04,False,
SMITH-ALK16-VINYL-WAG2,main,group,vinyl alkene,alkene_vinyl,905.0,915.0,any,any,,,0.02,position,5124,91,0.018,24,831,67,4202,0.264,0.835,0.028,0.984,1.6,1.13,2.26,,,0.88,0.78,1.0,False,
SMITH-ALK16-VINYL-WAG2,main,group,vinyl alkene,alkene_vinyl,905.0,915.0,any,any,,,0.02,+intensity,5124,91,0.018,24,831,67,4202,0.264,0.835,0.028,0.984,1.6,1.13,2.26,,,0.88,0.78,1.0,False,
SMITH-ALK16-VINYL-WAG2,main,group,vinyl alkene,alkene_vinyl,905.0,915.0,any,any,,,0.02,+shape,5124,91,0.018,24,831,67,4202,0.264,0.835,0.028,0.984,1.6,1.13,2.26,1.24,2.38,0.88,0.78,1.0,False,alcohol_tertiary OR=3.5 (n=37); alkyne_terminal OR=2.8 (n=8); alkyne OR=2.1 (n=9)
SMITH-ALK16-VINYL-WAG2,main,group,vinyl alkene,alkene_vinyl,905.0,915.0,any,any,,,0.05,position,5124,91,0.018,22,575,69,4458,0.242,0.886,0.037,0.985,2.12,1.46,3.07,,,0.86,0.76,0.96,False,
SMITH-ALK16-VINYL-WAG2,main,group,vinyl alkene,alkene_vinyl,905.0,915.0,any,any,,,0.05,+intensity,5124,91,0.018,22,575,69,4458,0.242,0.886,0.037,0.985,2.12,1.46,3.07,,,0.86,0.76,0.96,False,
SMITH-ALK16-VINYL-WAG2,main,group,vinyl alkene,alkene_vinyl,905.0,915.0,any,any,,,0.05,+shape,5124,91,0.018,22,575,69,4458,0.242,0.886,0.037,0.985,2.12,1.46,3.07,,,0.86,0.76,0.96,False,
SMITH-ALK16-VINYL-WAG2,main,group,vinyl alkene,alkene_vinyl,905.0,915.0,any,any,,,0.1,position,5124,91,0.018,20,368,71,4665,0.22,0.927,0.052,0.985,3.01,2.02,4.48,,,0.84,0.75,0.94,False,
SMITH-ALK16-VINYL-WAG2,main,group,vinyl alkene,alkene_vinyl,905.0,915.0,any,any,,,0.1,+intensity,5124,91,0.018,20,368,71,4665,0.22,0.927,0.052,0.985,3.01,2.02,4.48,,,0.84,0.75,0.94,False,
SMITH-ALK16-VINYL-WAG2,main,group,vinyl alkene,alkene_vinyl,905.0,915.0,any,any,,,0.1,+shape,5124,91,0.018,20,368,71,4665,0.22,0.927,0.052,0.985,3.01,2.02,4.48,,,0.84,0.75,0.94,False,
SMITH-ALK16-TRISUB-CC,main,group,trisubstituted alkene,alkene_trisubstituted,1660.0,1680.0,any,any,,,0.01,position,5124,158,0.031,63,732,95,4234,0.399,0.853,0.079,0.978,2.71,2.21,3.31,,,0.71,0.62,0.8,False,
SMITH-ALK16-TRISUB-CC,main,group,trisubstituted alkene,alkene_trisubstituted,1660.0,1680.0,any,any,,,0.01,+intensity,5124,158,0.031,63,732,95,4234,0.399,0.853,0.079,0.978,2.71,2.21,3.31,,,0.71,0.62,0.8,False,
SMITH-ALK16-TRISUB-CC,main,group,trisubstituted alkene,alkene_trisubstituted,1660.0,1680.0,any,any,,,0.01,+shape,5124,158,0.031,63,732,95,4234,0.399,0.853,0.079,0.978,2.71,2.21,3.31,,,0.71,0.62,0.8,False,
SMITH-ALK16-TRISUB-CC,main,group,trisubstituted alkene,alkene_trisubstituted,1660.0,1680.0,any,any,,,0.02,position,5124,158,0.031,57,612,101,4354,0.361,0.877,0.085,0.977,2.93,2.35,3.65,,,0.73,0.65,0.82,False,
SMITH-ALK16-TRISUB-CC,main,group,trisubstituted alkene,alkene_trisubstituted,1660.0,1680.0,any,any,,,0.02,+intensity,5124,158,0.031,57,612,101,4354,0.361,0.877,0.085,0.977,2.93,2.35,3.65,,,0.73,0.65,0.82,False,
SMITH-ALK16-TRISUB-CC,main,group,trisubstituted alkene,alkene_trisubstituted,1660.0,1680.0,any,any,,,0.02,+shape,5124,158,0.031,57,612,101,4354,0.361,0.877,0.085,0.977,2.93,2.35,3.65,1.89,3.87,0.73,0.65,0.82,False,amide_primary OR=7.7 (n=50); aldehyde_aromatic OR=5.6 (n=19); amides OR=4.4 (n=198)
SMITH-ALK16-TRISUB-CC,main,group,trisubstituted alkene,alkene_trisubstituted,1660.0,1680.0,any,any,,,0.05,position,5124,158,0.031,46,515,112,4451,0.291,0.896,0.082,0.975,2.81,2.17,3.63,,,0.79,0.72,0.87,False,
SMITH-ALK16-TRISUB-CC,main,group,trisubstituted alkene,alkene_trisubstituted,1660.0,1680.0,any,any,,,0.05,+intensity,5124,158,0.031,46,515,112,4451,0.291,0.896,0.082,0.975,2.81,2.17,3.63,,,0.79,0.72,0.87,False,
SMITH-ALK16-TRISUB-CC,main,group,trisubstituted alkene,alkene_trisubstituted,1660.0,1680.0,any,any,,,0.05,+shape,5124,158,0.031,46,515,112,4451,0.291,0.896,0.082,0.975,2.81,2.17,3.63,,,0.79,0.72,0.87,False,
SMITH-ALK16-TRISUB-CC,main,group,trisubstituted alkene,alkene_trisubstituted,1660.0,1680.0,any,any,,,0.1,position,5124,158,0.031,44,470,114,4496,0.278,0.905,0.086,0.975,2.94,2.26,3.84,,,0.8,0.72,0.88,False,
SMITH-ALK16-TRISUB-CC,main,group,trisubstituted alkene,alkene_trisubstituted,1660.0,1680.0,any,any,,,0.1,+intensity,5124,158,0.031,44,470,114,4496,0.278,0.905,0.086,0.975,2.94,2.26,3.84,,,0.8,0.72,0.88,False,
SMITH-ALK16-TRISUB-CC,main,group,trisubstituted alkene,alkene_trisubstituted,1660.0,1680.0,any,any,,,0.1,+shape,5124,158,0.031,44,470,114,4496,0.278,0.905,0.086,0.975,2.94,2.26,3.84,,,0.8,0.72,0.88,False,
SMITH-ALK16-TRISUB-WAG,main,group,trisubstituted alkene,alkene_trisubstituted,790.0,840.0,any,any,,,0.01,position,5124,158,0.031,134,3600,24,1366,0.848,0.275,0.036,0.983,1.17,1.09,1.25,,,0.55,0.38,0.8,False,
SMITH-ALK16-TRISUB-WAG,main,group,trisubstituted alkene,alkene_trisubstituted,790.0,840.0,any,any,,,0.01,+intensity,5124,158,0.031,134,3600,24,1366,0.848,0.275,0.036,0.983,1.17,1.09,1.25,,,0.55,0.38,0.8,False,
SMITH-ALK16-TRISUB-WAG,main,group,trisubstituted alkene,alkene_trisubstituted,790.0,840.0,any,any,,,0.01,+shape,5124,158,0.031,134,3600,24,1366,0.848,0.275,0.036,0.983,1.17,1.09,1.25,,,0.55,0.38,0.8,False,
SMITH-ALK16-TRISUB-WAG,main,group,trisubstituted alkene,alkene_trisubstituted,790.0,840.0,any,any,,,0.02,position,5124,158,0.031,118,3287,40,1679,0.747,0.338,0.035,0.977,1.13,1.03,1.24,,,0.75,0.57,0.98,False,
SMITH-ALK16-TRISUB-WAG,main,group,trisubstituted alkene,alkene_trisubstituted,790.0,840.0,any,any,,,0.02,+intensity,5124,158,0.031,118,3287,40,1679,0.747,0.338,0.035,0.977,1.13,1.03,1.24,,,0.75,0.57,0.98,False,
SMITH-ALK16-TRISUB-WAG,main,group,trisubstituted alkene,alkene_trisubstituted,790.0,840.0,any,any,,,0.02,+shape,5124,158,0.031,118,3287,40,1679,0.747,0.338,0.035,0.977,1.13,1.03,1.24,0.93,1.32,0.75,0.57,0.98,False,aromatic_para OR=4.5 (n=566); ether_mixed OR=4.1 (n=301); aldehyde_aromatic OR=3.7 (n=39)
SMITH-ALK16-TRISUB-WAG,main,group,trisubstituted alkene,alkene_trisubstituted,790.0,840.0,any,any,,,0.05,position,5124,158,0.031,86,2805,72,2161,0.544,0.435,0.03,0.968,0.96,0.83,1.11,,,1.05,0.88,1.25,False,
SMITH-ALK16-TRISUB-WAG,main,group,trisubstituted alkene,alkene_trisubstituted,790.0,840.0,any,any,,,0.05,+intensity,5124,158,0.031,86,2805,72,2161,0.544,0.435,0.03,0.968,0.96,0.83,1.11,,,1.05,0.88,1.25,False,
SMITH-ALK16-TRISUB-WAG,main,group,trisubstituted alkene,alkene_trisubstituted,790.0,840.0,any,any,,,0.05,+shape,5124,158,0.031,86,2805,72,2161,0.544,0.435,0.03,0.968,0.96,0.83,1.11,,,1.05,0.88,1.25,False,
SMITH-ALK16-TRISUB-WAG,main,group,trisubstituted alkene,alkene_trisubstituted,790.0,840.0,any,any,,,0.1,position,5124,158,0.031,62,2321,96,2645,0.392,0.533,0.026,0.965,0.84,0.69,1.02,,,1.14,1.0,1.3,False,
SMITH-ALK16-TRISUB-WAG,main,group,trisubstituted alkene,alkene_trisubstituted,790.0,840.0,any,any,,,0.1,+intensity,5124,158,0.031,62,2321,96,2645,0.392,0.533,0.026,0.965,0.84,0.69,1.02,,,1.14,1.0,1.3,False,
SMITH-ALK16-TRISUB-WAG,main,group,trisubstituted alkene,alkene_trisubstituted,790.0,840.0,any,any,,,0.1,+shape,5124,158,0.031,62,2321,96,2645,0.392,0.533,0.026,0.965,0.84,0.69,1.02,,,1.14,1.0,1.3,False,
SMITH-ALY17-TERM-CH,main,group,terminal alkyne,alkyne_terminal,3250.0,3350.0,any,any,,,0.01,position,5124,23,0.004,22,1205,1,3896,0.957,0.764,0.018,1.0,4.05,3.66,4.48,,,0.06,0.01,0.39,False,
SMITH-ALY17-TERM-CH,main,group,terminal alkyne,alkyne_terminal,3250.0,3350.0,any,any,,,0.01,+intensity,5124,23,0.004,22,1205,1,3896,0.957,0.764,0.018,1.0,4.05,3.66,4.48,,,0.06,0.01,0.39,False,
SMITH-ALY17-TERM-CH,main,group,terminal alkyne,alkyne_terminal,3250.0,3350.0,any,any,,,0.01,+shape,5124,23,0.004,22,1205,1,3896,0.957,0.764,0.018,1.0,4.05,3.66,4.48,,,0.06,0.01,0.39,False,
SMITH-ALY17-TERM-CH,main,group,terminal alkyne,alkyne_terminal,3250.0,3350.0,any,any,,,0.02,position,5124,23,0.004,22,1090,1,4011,0.957,0.786,0.02,1.0,4.48,4.04,4.96,,,0.06,0.01,0.38,False,
SMITH-ALY17-TERM-CH,main,group,terminal alkyne,alkyne_terminal,3250.0,3350.0,any,any,,,0.02,+intensity,5124,23,0.004,22,1090,1,4011,0.957,0.786,0.02,1.0,4.48,4.04,4.96,,,0.06,0.01,0.38,False,
SMITH-ALY17-TERM-CH,main,group,terminal alkyne,alkyne_terminal,3250.0,3350.0,any,any,,,0.02,+shape,5124,23,0.004,22,1090,1,4011,0.957,0.786,0.02,1.0,4.48,4.04,4.96,3.82,5.14,0.06,0.01,0.38,False,n_h_any OR=10.0 (n=734); amine_secondary_saturated OR=8.4 (n=51); amines OR=7.0 (n=505)
SMITH-ALY17-TERM-CH,main,group,terminal alkyne,alkyne_terminal,3250.0,3350.0,any,any,,,0.05,position,5124,23,0.004,22,976,1,4125,0.957,0.809,0.022,1.0,5.0,4.51,5.55,,,0.05,0.01,0.37,False,
SMITH-ALY17-TERM-CH,main,group,terminal alkyne,alkyne_terminal,3250.0,3350.0,any,any,,,0.05,+intensity,5124,23,0.004,22,976,1,4125,0.957,0.809,0.022,1.0,5.0,4.51,5.55,,,0.05,0.01,0.37,False,
SMITH-ALY17-TERM-CH,main,group,terminal alkyne,alkyne_terminal,3250.0,3350.0,any,any,,,0.05,+shape,5124,23,0.004,22,976,1,4125,0.957,0.809,0.022,1.0,5.0,4.51,5.55,,,0.05,0.01,0.37,False,
SMITH-ALY17-TERM-CH,main,group,terminal alkyne,alkyne_terminal,3250.0,3350.0,any,any,,,0.1,position,5124,23,0.004,22,861,1,4240,0.957,0.831,0.025,1.0,5.67,5.1,6.3,,,0.05,0.01,0.36,False,
SMITH-ALY17-TERM-CH,main,group,terminal alkyne,alkyne_terminal,3250.0,3350.0,any,any,,,0.1,+intensity,5124,23,0.004,22,861,1,4240,0.957,0.831,0.025,1.0,5.67,5.1,6.3,,,0.05,0.01,0.36,False,
SMITH-ALY17-TERM-CH,main,group,terminal alkyne,alkyne_terminal,3250.0,3350.0,any,any,,,0.1,+shape,5124,23,0.004,22,861,1,4240,0.957,0.831,0.025,1.0,5.67,5.1,6.3,,,0.05,0.01,0.36,False,
SMITH-ALY17-TERM-CC,main,group,terminal alkyne,alkyne_terminal,2100.0,2140.0,any,any,,,0.01,position,5124,23,0.004,13,290,10,4811,0.565,0.943,0.043,0.998,9.94,6.83,14.47,,,0.46,0.29,0.73,False,
SMITH-ALY17-TERM-CC,main,group,terminal alkyne,alkyne_terminal,2100.0,2140.0,any,any,,,0.01,+intensity,5124,23,0.004,13,290,10,4811,0.565,0.943,0.043,0.998,9.94,6.83,14.47,,,0.46,0.29,0.73,False,
SMITH-ALY17-TERM-CC,main,group,terminal alkyne,alkyne_terminal,2100.0,2140.0,any,any,,,0.01,+shape,5124,23,0.004,13,290,10,4811,0.565,0.943,0.043,0.998,9.94,6.83,14.47,,,0.46,0.29,0.73,False,
SMITH-ALY17-TERM-CC,main,group,terminal alkyne,alkyne_terminal,2100.0,2140.0,any,any,,,0.02,position,5124,23,0.004,8,149,15,4952,0.348,0.971,0.051,0.997,11.91,6.66,21.3,,,0.67,0.5,0.91,False,
SMITH-ALY17-TERM-CC,main,group,terminal alkyne,alkyne_terminal,2100.0,2140.0,any,any,,,0.02,+intensity,5124,23,0.004,8,149,15,4952,0.348,0.971,0.051,0.997,11.91,6.66,21.3,,,0.67,0.5,0.91,False,
SMITH-ALY17-TERM-CC,main,group,terminal alkyne,alkyne_terminal,2100.0,2140.0,any,any,,,0.02,+shape,5124,23,0.004,8,149,15,4952,0.348,0.971,0.051,0.997,11.91,6.66,21.3,4.71,16.02,0.67,0.5,0.91,False,amine_primary_saturated OR=6.8 (n=17); amine_primary OR=5.0 (n=49); amine_primary_aromatic OR=3.7 (n=31)
SMITH-ALY17-TERM-CC,main,group,terminal alkyne,alkyne_terminal,2100.0,2140.0,any,any,,,0.05,position,5124,23,0.004,1,44,22,5057,0.043,0.991,0.022,0.996,5.04,0.72,35.05,,,0.96,0.88,1.05,False,
SMITH-ALY17-TERM-CC,main,group,terminal alkyne,alkyne_terminal,2100.0,2140.0,any,any,,,0.05,+intensity,5124,23,0.004,1,44,22,5057,0.043,0.991,0.022,0.996,5.04,0.72,35.05,,,0.96,0.88,1.05,False,
SMITH-ALY17-TERM-CC,main,group,terminal alkyne,alkyne_terminal,2100.0,2140.0,any,any,,,0.05,+shape,5124,23,0.004,1,44,22,5057,0.043,0.991,0.022,0.996,5.04,0.72,35.05,,,0.96,0.88,1.05,False,
SMITH-ALY17-TERM-CC,main,group,terminal alkyne,alkyne_terminal,2100.0,2140.0,any,any,,,0.1,position,5124,23,0.004,0,23,23,5078,0.0,0.995,0.0,0.995,4.52,0.28,72.35,,,0.98,0.93,1.04,False,
SMITH-ALY17-TERM-CC,main,group,terminal alkyne,alkyne_terminal,2100.0,2140.0,any,any,,,0.1,+intensity,5124,23,0.004,0,23,23,5078,0.0,0.995,0.0,0.995,4.52,0.28,72.35,,,0.98,0.93,1.04,False,
SMITH-ALY17-TERM-CC,main,group,terminal alkyne,alkyne_terminal,2100.0,2140.0,any,any,,,0.1,+shape,5124,23,0.004,0,23,23,5078,0.0,0.995,0.0,0.995,4.52,0.28,72.35,,,0.98,0.93,1.04,False,
SMITH-ALY17-INT-CC,main,group,internal alkyne,alkyne_internal,2190.0,2260.0,any,any,,,0.01,position,5124,9,0.002,4,546,5,4569,0.444,0.893,0.007,0.999,4.16,2.0,8.68,,,0.62,0.35,1.12,True,
SMITH-ALY17-INT-CC,main,group,internal alkyne,alkyne_internal,2190.0,2260.0,any,any,,,0.01,+intensity,5124,9,0.002,4,546,5,4569,0.444,0.893,0.007,0.999,4.16,2.0,8.68,,,0.62,0.35,1.12,True,
SMITH-ALY17-INT-CC,main,group,internal alkyne,alkyne_internal,2190.0,2260.0,any,any,,,0.01,+shape,5124,9,0.002,4,546,5,4569,0.444,0.893,0.007,0.999,4.16,2.0,8.68,,,0.62,0.35,1.12,True,
SMITH-ALY17-INT-CC,main,group,internal alkyne,alkyne_internal,2190.0,2260.0,any,any,,,0.02,position,5124,9,0.002,3,290,6,4825,0.333,0.943,0.01,0.999,5.88,2.32,14.91,,,0.71,0.45,1.12,True,
SMITH-ALY17-INT-CC,main,group,internal alkyne,alkyne_internal,2190.0,2260.0,any,any,,,0.02,+intensity,5124,9,0.002,3,290,6,4825,0.333,0.943,0.01,0.999,5.88,2.32,14.91,,,0.71,0.45,1.12,True,
SMITH-ALY17-INT-CC,main,group,internal alkyne,alkyne_internal,2190.0,2260.0,any,any,,,0.02,+shape,5124,9,0.002,3,290,6,4825,0.333,0.943,0.01,0.999,5.88,2.32,14.91,,,0.71,0.45,1.12,True,
SMITH-ALY17-INT-CC,main,group,internal alkyne,alkyne_internal,2190.0,2260.0,any,any,,,0.05,position,5124,9,0.002,3,140,6,4975,0.333,0.973,0.021,0.999,12.18,4.77,31.12,,,0.69,0.43,1.09,True,
SMITH-ALY17-INT-CC,main,group,internal alkyne,alkyne_internal,2190.0,2260.0,any,any,,,0.05,+intensity,5124,9,0.002,3,140,6,4975,0.333,0.973,0.021,0.999,12.18,4.77,31.12,,,0.69,0.43,1.09,True,
SMITH-ALY17-INT-CC,main,group,internal alkyne,alkyne_internal,2190.0,2260.0,any,any,,,0.05,+shape,5124,9,0.002,3,140,6,4975,0.333,0.973,0.021,0.999,12.18,4.77,31.12,,,0.69,0.43,1.09,True,
SMITH-ALY17-INT-CC,main,group,internal alkyne,alkyne_internal,2190.0,2260.0,any,any,,,0.1,position,5124,9,0.002,2,101,7,5014,0.222,0.98,0.019,0.999,11.25,3.27,38.79,,,0.79,0.56,1.13,True,
SMITH-ALY17-INT-CC,main,group,internal alkyne,alkyne_internal,2190.0,2260.0,any,any,,,0.1,+intensity,5124,9,0.002,2,101,7,5014,0.222,0.98,0.019,0.999,11.25,3.27,38.79,,,0.79,0.56,1.13,True,
SMITH-ALY17-INT-CC,main,group,internal alkyne,alkyne_internal,2190.0,2260.0,any,any,,,0.1,+shape,5124,9,0.002,2,101,7,5014,0.222,0.98,0.019,0.999,11.25,3.27,38.79,,,0.79,0.56,1.13,True,
SMITH-ALY17-TERM-CH-BEND,main,group,terminal alkyne,alkyne_terminal,600.0,700.0,any,any,,,0.01,position,1664,1,0.001,1,1071,0,592,1.0,0.356,0.001,1.0,1.16,0.52,2.59,,,0.7,0.06,7.75,True,
SMITH-ALY17-TERM-CH-BEND,main,group,terminal alkyne,alkyne_terminal,600.0,700.0,any,any,,,0.01,+intensity,1664,1,0.001,1,1071,0,592,1.0,0.356,0.001,1.0,1.16,0.52,2.59,,,0.7,0.06,7.75,True,
SMITH-ALY17-TERM-CH-BEND,main,group,terminal alkyne,alkyne_terminal,600.0,700.0,any,any,,,0.01,+shape,1664,1,0.001,1,1071,0,592,1.0,0.356,0.001,1.0,1.16,0.52,2.59,,,0.7,0.06,7.75,True,
SMITH-ALY17-TERM-CH-BEND,main,group,terminal alkyne,alkyne_terminal,600.0,700.0,any,any,,,0.02,position,1664,1,0.001,1,964,0,699,1.0,0.42,0.001,1.0,1.29,0.58,2.88,,,0.59,0.05,6.56,True,
SMITH-ALY17-TERM-CH-BEND,main,group,terminal alkyne,alkyne_terminal,600.0,700.0,any,any,,,0.02,+intensity,1664,1,0.001,1,964,0,699,1.0,0.42,0.001,1.0,1.29,0.58,2.88,,,0.59,0.05,6.56,True,
SMITH-ALY17-TERM-CH-BEND,main,group,terminal alkyne,alkyne_terminal,600.0,700.0,any,any,,,0.02,+shape,1664,1,0.001,1,964,0,699,1.0,0.42,0.001,1.0,1.29,0.58,2.88,,,0.59,0.05,6.56,True,
SMITH-ALY17-TERM-CH-BEND,main,group,terminal alkyne,alkyne_terminal,600.0,700.0,any,any,,,0.05,position,1664,1,0.001,1,776,0,887,1.0,0.533,0.001,1.0,1.61,0.72,3.58,,,0.47,0.04,5.17,True,
SMITH-ALY17-TERM-CH-BEND,main,group,terminal alkyne,alkyne_terminal,600.0,700.0,any,any,,,0.05,+intensity,1664,1,0.001,1,776,0,887,1.0,0.533,0.001,1.0,1.61,0.72,3.58,,,0.47,0.04,5.17,True,
SMITH-ALY17-TERM-CH-BEND,main,group,terminal alkyne,alkyne_terminal,600.0,700.0,any,any,,,0.05,+shape,1664,1,0.001,1,776,0,887,1.0,0.533,0.001,1.0,1.61,0.72,3.58,,,0.47,0.04,5.17,True,
SMITH-ALY17-TERM-CH-BEND,main,group,terminal alkyne,alkyne_terminal,600.0,700.0,any,any,,,0.1,position,1664,1,0.001,1,590,0,1073,1.0,0.645,0.002,1.0,2.11,0.95,4.72,,,0.39,0.04,4.27,True,
SMITH-ALY17-TERM-CH-BEND,main,group,terminal alkyne,alkyne_terminal,600.0,700.0,any,any,,,0.1,+intensity,1664,1,0.001,1,590,0,1073,1.0,0.645,0.002,1.0,2.11,0.95,4.72,,,0.39,0.04,4.27,True,
SMITH-ALY17-TERM-CH-BEND,main,group,terminal alkyne,alkyne_terminal,600.0,700.0,any,any,,,0.1,+shape,1664,1,0.001,1,590,0,1073,1.0,0.645,0.002,1.0,2.11,0.95,4.72,,,0.39,0.04,4.27,True,
SMITH-NIT19-SAT-CN,main,group,saturated nitrile,nitrile_saturated,2240.0,2260.0,strong,any,,,0.01,position,5124,94,0.018,39,148,55,4882,0.415,0.971,0.209,0.989,14.1,10.57,18.8,,,0.6,0.51,0.71,False,
SMITH-NIT19-SAT-CN,main,group,saturated nitrile,nitrile_saturated,2240.0,2260.0,strong,any,,,0.01,+intensity,5124,94,0.018,3,1,91,5029,0.032,1.0,0.75,0.982,160.53,16.85,1529.18,,,0.97,0.93,1.0,False,
SMITH-NIT19-SAT-CN,main,group,saturated nitrile,nitrile_saturated,2240.0,2260.0,strong,any,,,0.01,+shape,5124,94,0.018,3,1,91,5029,0.032,1.0,0.75,0.982,160.53,16.85,1529.18,,,0.97,0.93,1.0,False,
SMITH-NIT19-SAT-CN,main,group,saturated nitrile,nitrile_saturated,2240.0,2260.0,strong,any,,,0.02,position,5124,94,0.018,37,62,57,4968,0.394,0.988,0.374,0.989,31.93,22.45,45.42,,,0.61,0.52,0.72,False,
SMITH-NIT19-SAT-CN,main,group,saturated nitrile,nitrile_saturated,2240.0,2260.0,strong,any,,,0.02,+intensity,5124,94,0.018,3,1,91,5029,0.032,1.0,0.75,0.982,160.53,16.85,1529.18,,,0.97,0.93,1.0,False,
SMITH-NIT19-SAT-CN,main,group,saturated nitrile,nitrile_saturated,2240.0,2260.0,strong,any,,,0.02,+shape,5124,94,0.018,3,1,91,5029,0.032,1.0,0.75,0.982,160.53,16.85,1529.18,15.99,603.1,0.97,0.93,1.0,False,
SMITH-NIT19-SAT-CN,main,group,saturated nitrile,nitrile_saturated,2240.0,2260.0,strong,any,,,0.05,position,5124,94,0.018,30,18,64,5012,0.319,0.996,0.625,0.987,89.18,51.58,154.21,,,0.68,0.59,0.78,False,
SMITH-NIT19-SAT-CN,main,group,saturated nitrile,nitrile_saturated,2240.0,2260.0,strong,any,,,0.05,+intensity,5124,94,0.018,3,1,91,5029,0.032,1.0,0.75,0.982,160.53,16.85,1529.18,,,0.97,0.93,1.0,False,
SMITH-NIT19-SAT-CN,main,group,saturated nitrile,nitrile_saturated,2240.0,2260.0,strong,any,,,0.05,+shape,5124,94,0.018,3,1,91,5029,0.032,1.0,0.75,0.982,160.53,16.85,1529.18,,,0.97,0.93,1.0,False,
SMITH-NIT19-SAT-CN,main,group,saturated nitrile,nitrile_saturated,2240.0,2260.0,strong,any,,,0.1,position,5124,94,0.018,22,11,72,5019,0.234,0.998,0.667,0.986,107.02,53.44,214.32,,,0.77,0.69,0.86,False,
SMITH-NIT19-SAT-CN,main,group,saturated nitrile,nitrile_saturated,2240.0,2260.0,strong,any,,,0.1,+intensity,5124,94,0.018,3,1,91,5029,0.032,1.0,0.75,0.982,160.53,16.85,1529.18,,,0.97,0.93,1.0,False,
SMITH-NIT19-SAT-CN,main,group,saturated nitrile,nitrile_saturated,2240.0,2260.0,strong,any,,,0.1,+shape,5124,94,0.018,3,1,91,5029,0.032,1.0,0.75,0.982,160.53,16.85,1529.18,,,0.97,0.93,1.0,False,
SMITH-NIT19-AR-CN,main,group,aromatic nitrile,nitrile_aromatic,2220.0,2240.0,strong,any,,,0.01,position,5124,33,0.006,15,174,18,4917,0.455,0.966,0.079,0.996,13.3,8.9,19.87,,,0.56,0.41,0.77,False,
SMITH-NIT19-AR-CN,main,group,aromatic nitrile,nitrile_aromatic,2220.0,2240.0,strong,any,,,0.01,+intensity,5124,33,0.006,2,5,31,5086,0.061,0.999,0.286,0.994,61.71,12.41,306.79,,,0.94,0.86,1.03,False,
SMITH-NIT19-AR-CN,main,group,aromatic nitrile,nitrile_aromatic,2220.0,2240.0,strong,any,,,0.01,+shape,5124,33,0.006,2,5,31,5086,0.061,0.999,0.286,0.994,61.71,12.41,306.79,,,0.94,0.86,1.03,False,
SMITH-NIT19-AR-CN,main,group,aromatic nitrile,nitrile_aromatic,2220.0,2240.0,strong,any,,,0.02,position,5124,33,0.006,15,82,18,5009,0.455,0.984,0.155,0.996,28.22,18.34,43.43,,,0.55,0.41,0.76,False,
SMITH-NIT19-AR-CN,main,group,aromatic nitrile,nitrile_aromatic,2220.0,2240.0,strong,any,,,0.02,+intensity,5124,33,0.006,2,5,31,5086,0.061,0.999,0.286,0.994,61.71,12.41,306.79,,,0.94,0.86,1.03,False,
SMITH-NIT19-AR-CN,main,group,aromatic nitrile,nitrile_aromatic,2220.0,2240.0,strong,any,,,0.02,+shape,5124,33,0.006,2,5,31,5086,0.061,0.999,0.286,0.994,61.71,12.41,306.79,13.68,337.73,0.94,0.86,1.03,False,nitriles OR=486.4 (n=5); nitrile_saturated OR=76.4 (n=3); alkene OR=10.2 (n=3)
SMITH-NIT19-AR-CN,main,group,aromatic nitrile,nitrile_aromatic,2220.0,2240.0,strong,any,,,0.05,position,5124,33,0.006,15,35,18,5056,0.455,0.993,0.3,0.996,66.12,40.15,108.87,,,0.55,0.4,0.75,False,
SMITH-NIT19-AR-CN,main,group,aromatic nitrile,nitrile_aromatic,2220.0,2240.0,strong,any,,,0.05,+intensity,5124,33,0.006,2,5,31,5086,0.061,0.999,0.286,0.994,61.71,12.41,306.79,,,0.94,0.86,1.03,False,
SMITH-NIT19-AR-CN,main,group,aromatic nitrile,nitrile_aromatic,2220.0,2240.0,strong,any,,,0.05,+shape,5124,33,0.006,2,5,31,5086,0.061,0.999,0.286,0.994,61.71,12.41,306.79,,,0.94,0.86,1.03,False,
SMITH-NIT19-AR-CN,main,group,aromatic nitrile,nitrile_aromatic,2220.0,2240.0,strong,any,,,0.1,position,5124,33,0.006,13,23,20,5068,0.394,0.995,0.361,0.996,87.2,48.45,156.94,,,0.61,0.46,0.8,False,
SMITH-NIT19-AR-CN,main,group,aromatic nitrile,nitrile_aromatic,2220.0,2240.0,strong,any,,,0.1,+intensity,5124,33,0.006,2,5,31,5086,0.061,0.999,0.286,0.994,61.71,12.41,306.79,,,0.94,0.86,1.03,False,
SMITH-NIT19-AR-CN,main,group,aromatic nitrile,nitrile_aromatic,2220.0,2240.0,strong,any,,,0.1,+shape,5124,33,0.006,2,5,31,5086,0.061,0.999,0.286,0.994,61.71,12.41,306.79,,,0.94,0.86,1.03,False,
SMITH-NO2-20-ASYM,main,group,aromatic nitro,nitro,1500.0,1550.0,strong,any,,,0.01,position,5124,388,0.076,355,2113,33,2623,0.915,0.554,0.144,0.988,2.05,1.96,2.14,,,0.15,0.11,0.21,False,
SMITH-NO2-20-ASYM,main,group,aromatic nitro,nitro,1500.0,1550.0,strong,any,,,0.01,+intensity,5124,388,0.076,236,705,152,4031,0.608,0.851,0.251,0.964,4.09,3.68,4.54,,,0.46,0.41,0.52,False,
SMITH-NO2-20-ASYM,main,group,aromatic nitro,nitro,1500.0,1550.0,strong,any,,,0.01,+shape,5124,388,0.076,236,705,152,4031,0.608,0.851,0.251,0.964,4.09,3.68,4.54,,,0.46,0.41,0.52,False,
SMITH-NO2-20-ASYM,main,group,aromatic nitro,nitro,1500.0,1550.0,strong,any,,,0.02,position,5124,388,0.076,354,1966,34,2770,0.912,0.585,0.153,0.988,2.2,2.1,2.3,,,0.15,0.11,0.21,False,
SMITH-NO2-20-ASYM,main,group,aromatic nitro,nitro,1500.0,1550.0,strong,any,,,0.02,+intensity,5124,388,0.076,236,702,152,4034,0.608,0.852,0.252,0.964,4.1,3.69,4.56,,,0.46,0.41,0.52,False,
SMITH-NO2-20-ASYM,main,group,aromatic nitro,nitro,1500.0,1550.0,strong,any,,,0.02,+shape,5124,388,0.076,236,702,152,4034,0.608,0.852,0.252,0.964,4.1,3.69,4.56,2.98,6.79,0.46,0.41,0.52,False,ether_aryl OR=5.6 (n=42); aromatics OR=5.4 (n=622); amine_secondary_aromatic OR=4.3 (n=73)
SMITH-NO2-20-ASYM,main,group,aromatic nitro,nitro,1500.0,1550.0,strong,any,,,0.05,position,5124,388,0.076,343,1771,45,2965,0.884,0.626,0.162,0.985,2.36,2.25,2.49,,,0.19,0.14,0.24,False,
SMITH-NO2-20-ASYM,main,group,aromatic nitro,nitro,1500.0,1550.0,strong,any,,,0.05,+intensity,5124,388,0.076,232,697,156,4039,0.598,0.853,0.25,0.963,4.06,3.65,4.52,,,0.47,0.42,0.53,False,
SMITH-NO2-20-ASYM,main,group,aromatic nitro,nitro,1500.0,1550.0,strong,any,,,0.05,+shape,5124,388,0.076,232,697,156,4039,0.598,0.853,0.25,0.963,4.06,3.65,4.52,,,0.47,0.42,0.53,False,
SMITH-NO2-20-ASYM,main,group,aromatic nitro,nitro,1500.0,1550.0,strong,any,,,0.1,position,5124,388,0.076,337,1530,51,3206,0.869,0.677,0.181,0.984,2.69,2.54,2.84,,,0.19,0.15,0.25,False,
SMITH-NO2-20-ASYM,main,group,aromatic nitro,nitro,1500.0,1550.0,strong,any,,,0.1,+intensity,5124,388,0.076,232,687,156,4049,0.598,0.855,0.252,0.963,4.12,3.7,4.59,,,0.47,0.42,0.53,False,
SMITH-NO2-20-ASYM,main,group,aromatic nitro,nitro,1500.0,1550.0,strong,any,,,0.1,+shape,5124,388,0.076,232,687,156,4049,0.598,0.855,0.252,0.963,4.12,3.7,4.59,,,0.47,0.42,0.53,False,
SMITH-NO2-20-SYM,main,group,aromatic nitro,nitro,1330.0,1390.0,strong,any,,,0.01,position,5124,388,0.076,382,4153,6,583,0.985,0.123,0.084,0.99,1.12,1.1,1.14,,,0.13,0.06,0.28,False,
SMITH-NO2-20-SYM,main,group,aromatic nitro,nitro,1330.0,1390.0,strong,any,,,0.01,+intensity,5124,388,0.076,293,703,95,4033,0.755,0.852,0.294,0.977,5.09,4.66,5.56,,,0.29,0.24,0.34,False,
SMITH-NO2-20-SYM,main,group,aromatic nitro,nitro,1330.0,1390.0,strong,any,,,0.01,+shape,5124,388,0.076,293,703,95,4033,0.755,0.852,0.294,0.977,5.09,4.66,5.56,,,0.29,0.24,0.34,False,
SMITH-NO2-20-SYM,main,group,aromatic nitro,nitro,1330.0,1390.0,strong,any,,,0.02,position,5124,388,0.076,381,3990,7,746,0.982,0.158,0.087,0.991,1.17,1.14,1.19,,,0.11,0.05,0.24,False,
SMITH-NO2-20-SYM,main,group,aromatic nitro,nitro,1330.0,1390.0,strong,any,,,0.02,+intensity,5124,388,0.076,292,701,96,4035,0.753,0.852,0.294,0.977,5.08,4.65,5.56,,,0.29,0.24,0.35,False,
SMITH-NO2-20-SYM,main,group,aromatic nitro,nitro,1330.0,1390.0,strong,any,,,0.02,+shape,5124,388,0.076,292,701,96,4035,0.753,0.852,0.294,0.977,5.08,4.65,5.56,3.66,6.06,0.29,0.24,0.35,False,ether_aryl OR=3.3 (n=31); phenol OR=1.6 (n=82); aromatics OR=1.6 (n=504)
SMITH-NO2-20-SYM,main,group,aromatic nitro,nitro,1330.0,1390.0,strong,any,,,0.05,position,5124,388,0.076,378,3606,10,1130,0.974,0.239,0.095,0.991,1.28,1.25,1.31,,,0.11,0.06,0.2,False,
SMITH-NO2-20-SYM,main,group,aromatic nitro,nitro,1330.0,1390.0,strong,any,,,0.05,+intensity,5124,388,0.076,292,697,96,4039,0.753,0.853,0.295,0.977,5.11,4.68,5.59,,,0.29,0.24,0.35,False,
SMITH-NO2-20-SYM,main,group,aromatic nitro,nitro,1330.0,1390.0,strong,any,,,0.05,+shape,5124,388,0.076,292,697,96,4039,0.753,0.853,0.295,0.977,5.11,4.68,5.59,,,0.29,0.24,0.35,False,
SMITH-NO2-20-SYM,main,group,aromatic nitro,nitro,1330.0,1390.0,strong,any,,,0.1,position,5124,388,0.076,370,2997,18,1739,0.954,0.367,0.11,0.99,1.51,1.46,1.55,,,0.13,0.08,0.2,False,
SMITH-NO2-20-SYM,main,group,aromatic nitro,nitro,1330.0,1390.0,strong,any,,,0.1,+intensity,5124,388,0.076,290,692,98,4044,0.747,0.854,0.295,0.976,5.12,4.68,5.6,,,0.3,0.25,0.35,False,
SMITH-NO2-20-SYM,main,group,aromatic nitro,nitro,1330.0,1390.0,strong,any,,,0.1,+shape,5124,388,0.076,290,692,98,4044,0.747,0.854,0.295,0.976,5.12,4.68,5.6,,,0.3,0.25,0.35,False,
SMITH-NO2-20-SCIS,main,group,aromatic nitro,nitro,835.0,890.0,medium,any,,,0.01,position,5124,388,0.076,343,3656,45,1080,0.884,0.228,0.086,0.96,1.15,1.1,1.19,,,0.51,0.38,0.67,False,
SMITH-NO2-20-SCIS,main,group,aromatic nitro,nitro,835.0,890.0,medium,any,,,0.01,+intensity,5124,388,0.076,213,1496,175,3240,0.549,0.684,0.125,0.949,1.74,1.57,1.92,,,0.66,0.59,0.74,False,
SMITH-NO2-20-SCIS,main,group,aromatic nitro,nitro,835.0,890.0,medium,any,,,0.01,+shape,5124,388,0.076,213,1496,175,3240,0.549,0.684,0.125,0.949,1.74,1.57,1.92,,,0.66,0.59,0.74,False,
SMITH-NO2-20-SCIS,main,group,aromatic nitro,nitro,835.0,890.0,medium,any,,,0.02,position,5124,388,0.076,336,3347,52,1389,0.866,0.293,0.091,0.964,1.23,1.17,1.28,,,0.46,0.35,0.59,False,
SMITH-NO2-20-SCIS,main,group,aromatic nitro,nitro,835.0,890.0,medium,any,,,0.02,+intensity,5124,388,0.076,213,1488,175,3248,0.549,0.686,0.125,0.949,1.75,1.58,1.93,,,0.66,0.59,0.74,False,
SMITH-NO2-20-SCIS,main,group,aromatic nitro,nitro,835.0,890.0,medium,any,,,0.02,+shape,5124,388,0.076,213,1488,175,3248,0.549,0.686,0.125,0.949,1.75,1.58,1.93,1.25,2.05,0.66,0.59,0.74,False,ether_aryl OR=7.5 (n=67); aromatic_meta OR=3.1 (n=61); phenol OR=2.7 (n=207)
SMITH-NO2-20-SCIS,main,group,aromatic nitro,nitro,835.0,890.0,medium,any,,,0.05,position,5124,388,0.076,321,2718,67,2018,0.827,0.426,0.106,0.968,1.44,1.37,1.52,,,0.41,0.33,0.51,False,
SMITH-NO2-20-SCIS,main,group,aromatic nitro,nitro,835.0,890.0,medium,any,,,0.05,+intensity,5124,388,0.076,213,1466,175,3270,0.549,0.69,0.127,0.949,1.77,1.61,1.96,,,0.65,0.58,0.73,False,
SMITH-NO2-20-SCIS,main,group,aromatic nitro,nitro,835.0,890.0,medium,any,,,0.05,+shape,5124,388,0.076,213,1466,175,3270,0.549,0.69,0.127,0.949,1.77,1.61,1.96,,,0.65,0.58,0.73,False,
SMITH-NO2-20-SCIS,main,group,aromatic nitro,nitro,835.0,890.0,medium,any,,,0.1,position,5124,388,0.076,291,2029,97,2707,0.75,0.572,0.125,0.965,1.75,1.64,1.87,,,0.44,0.37,0.52,False,
SMITH-NO2-20-SCIS,main,group,aromatic nitro,nitro,835.0,890.0,medium,any,,,0.1,+intensity,5124,388,0.076,210,1432,178,3304,0.541,0.698,0.128,0.949,1.79,1.62,1.98,,,0.66,0.59,0.73,False,
SMITH-NO2-20-SCIS,main,group,aromatic nitro,nitro,835.0,890.0,medium,any,,,0.1,+shape,5124,388,0.076,210,1432,178,3304,0.541,0.698,0.128,0.949,1.79,1.62,1.98,,,0.66,0.59,0.73,False,
SMITH-BR4-BZ-MONO-BOTH,main,group,monosubstituted benzene,aromatic_mono,710.0,770.0,any,any,680-700,,0.01,position,5109,924,0.181,782,1157,142,3028,0.846,0.724,0.403,0.955,3.06,2.89,3.24,,,0.21,0.18,0.25,False,
SMITH-BR4-BZ-MONO-BOTH,main,group,monosubstituted benzene,aromatic_mono,710.0,770.0,any,any,680-700,,0.01,+intensity,5109,924,0.181,782,1157,142,3028,0.846,0.724,0.403,0.955,3.06,2.89,3.24,,,0.21,0.18,0.25,False,
SMITH-BR4-BZ-MONO-BOTH,main,group,monosubstituted benzene,aromatic_mono,710.0,770.0,any,any,680-700,,0.01,+shape,5109,924,0.181,782,1157,142,3028,0.846,0.724,0.403,0.955,3.06,2.89,3.24,,,0.21,0.18,0.25,False,
SMITH-BR4-BZ-MONO-BOTH,main,group,monosubstituted benzene,aromatic_mono,710.0,770.0,any,any,680-700,,0.02,position,5109,924,0.181,777,954,147,3231,0.841,0.772,0.449,0.956,3.69,3.47,3.93,,,0.21,0.18,0.24,False,
SMITH-BR4-BZ-MONO-BOTH,main,group,monosubstituted benzene,aromatic_mono,710.0,770.0,any,any,680-700,,0.02,+intensity,5109,924,0.181,777,954,147,3231,0.841,0.772,0.449,0.956,3.69,3.47,3.93,,,0.21,0.18,0.24,False,
SMITH-BR4-BZ-MONO-BOTH,main,group,monosubstituted benzene,aromatic_mono,710.0,770.0,any,any,680-700,,0.02,+shape,5109,924,0.181,777,954,147,3231,0.841,0.772,0.449,0.956,3.69,3.47,3.93,2.92,4.79,0.21,0.18,0.24,False,aromatic_meta OR=4.1 (n=67); ester_aromatic OR=3.1 (n=58); carboxylic_acid_aromatic OR=2.8 (n=38)
SMITH-BR4-BZ-MONO-BOTH,main,group,monosubstituted benzene,aromatic_mono,710.0,770.0,any,any,680-700,,0.05,position,5109,924,0.181,732,623,192,3562,0.792,0.851,0.54,0.949,5.32,4.91,5.76,,,0.24,0.22,0.28,False,
SMITH-BR4-BZ-MONO-BOTH,main,group,monosubstituted benzene,aromatic_mono,710.0,770.0,any,any,680-700,,0.05,+intensity,5109,924,0.181,732,623,192,3562,0.792,0.851,0.54,0.949,5.32,4.91,5.76,,,0.24,0.22,0.28,False,
SMITH-BR4-BZ-MONO-BOTH,main,group,monosubstituted benzene,aromatic_mono,710.0,770.0,any,any,680-700,,0.05,+shape,5109,924,0.181,732,623,192,3562,0.792,0.851,0.54,0.949,5.32,4.91,5.76,,,0.24,0.22,0.28,False,
SMITH-BR4-BZ-MONO-BOTH,main,group,monosubstituted benzene,aromatic_mono,710.0,770.0,any,any,680-700,,0.1,position,5109,924,0.181,672,361,252,3824,0.727,0.914,0.651,0.938,8.43,7.58,9.38,,,0.3,0.27,0.33,False,
SMITH-BR4-BZ-MONO-BOTH,main,group,monosubstituted benzene,aromatic_mono,710.0,770.0,any,any,680-700,,0.1,+intensity,5109,924,0.181,672,361,252,3824,0.727,0.914,0.651,0.938,8.43,7.58,9.38,,,0.3,0.27,0.33,False,
SMITH-BR4-BZ-MONO-BOTH,main,group,monosubstituted benzene,aromatic_mono,710.0,770.0,any,any,680-700,,0.1,+shape,5109,924,0.181,672,361,252,3824,0.727,0.914,0.651,0.938,8.43,7.58,9.38,,,0.3,0.27,0.33,False,
SMITH-BR4-BZ-META-BOTH,main,group,meta-disubstituted benzene,aromatic_meta,750.0,810.0,any,any,680-700,,0.01,position,5109,141,0.028,97,1800,44,3168,0.688,0.638,0.051,0.986,1.9,1.69,2.13,,,0.49,0.38,0.63,False,
SMITH-BR4-BZ-META-BOTH,main,group,meta-disubstituted benzene,aromatic_meta,750.0,810.0,any,any,680-700,,0.01,+intensity,5109,141,0.028,97,1800,44,3168,0.688,0.638,0.051,0.986,1.9,1.69,2.13,,,0.49,0.38,0.63,False,
SMITH-BR4-BZ-META-BOTH,main,group,meta-disubstituted benzene,aromatic_meta,750.0,810.0,any,any,680-700,,0.01,+shape,5109,141,0.028,97,1800,44,3168,0.688,0.638,0.051,0.986,1.9,1.69,2.13,,,0.49,0.38,0.63,False,
SMITH-BR4-BZ-META-BOTH,main,group,meta-disubstituted benzene,aromatic_meta,750.0,810.0,any,any,680-700,,0.02,position,5109,141,0.028,92,1593,49,3375,0.652,0.679,0.055,0.986,2.03,1.79,2.31,,,0.51,0.41,0.64,False,
SMITH-BR4-BZ-META-BOTH,main,group,meta-disubstituted benzene,aromatic_meta,750.0,810.0,any,any,680-700,,0.02,+intensity,5109,141,0.028,92,1593,49,3375,0.652,0.679,0.055,0.986,2.03,1.79,2.31,,,0.51,0.41,0.64,False,
SMITH-BR4-BZ-META-BOTH,main,group,meta-disubstituted benzene,aromatic_meta,750.0,810.0,any,any,680-700,,0.02,+shape,5109,141,0.028,92,1593,49,3375,0.652,0.679,0.055,0.986,2.03,1.79,2.31,1.6,3.34,0.51,0.41,0.64,False,aromatic_mono OR=11.0 (n=689); aromatics OR=4.5 (n=1355); ether_aryl OR=3.4 (n=48)
SMITH-BR4-BZ-META-BOTH,main,group,meta-disubstituted benzene,aromatic_meta,750.0,810.0,any,any,680-700,,0.05,position,5109,141,0.028,80,1208,61,3760,0.567,0.757,0.062,0.984,2.33,2.0,2.72,,,0.57,0.47,0.69,False,
SMITH-BR4-BZ-META-BOTH,main,group,meta-disubstituted benzene,aromatic_meta,750.0,810.0,any,any,680-700,,0.05,+intensity,5109,141,0.028,80,1208,61,3760,0.567,0.757,0.062,0.984,2.33,2.0,2.72,,,0.57,0.47,0.69,False,
SMITH-BR4-BZ-META-BOTH,main,group,meta-disubstituted benzene,aromatic_meta,750.0,810.0,any,any,680-700,,0.05,+shape,5109,141,0.028,80,1208,61,3760,0.567,0.757,0.062,0.984,2.33,2.0,2.72,,,0.57,0.47,0.69,False,
SMITH-BR4-BZ-META-BOTH,main,group,meta-disubstituted benzene,aromatic_meta,750.0,810.0,any,any,680-700,,0.1,position,5109,141,0.028,73,878,68,4090,0.518,0.823,0.077,0.984,2.93,2.47,3.47,,,0.59,0.49,0.7,False,
SMITH-BR4-BZ-META-BOTH,main,group,meta-disubstituted benzene,aromatic_meta,750.0,810.0,any,any,680-700,,0.1,+intensity,5109,141,0.028,73,878,68,4090,0.518,0.823,0.077,0.984,2.93,2.47,3.47,,,0.59,0.49,0.7,False,
SMITH-BR4-BZ-META-BOTH,main,group,meta-disubstituted benzene,aromatic_meta,750.0,810.0,any,any,680-700,,0.1,+shape,5109,141,0.028,73,878,68,4090,0.518,0.823,0.077,0.984,2.93,2.47,3.47,,,0.59,0.49,0.7,False,
SMITH-SALT19-NH3-STR,salt,group,primary amine salt,ammonium_primary,2800.0,3200.0,any,any,,,0.01,position,314,11,0.035,11,297,0,6,1.0,0.02,0.036,1.0,0.98,0.87,1.1,,,1.95,0.12,32.63,False,
SMITH-SALT19-NH3-STR,salt,group,primary amine salt,ammonium_primary,2800.0,3200.0,any,any,,,0.01,+intensity,314,11,0.035,11,297,0,6,1.0,0.02,0.036,1.0,0.98,0.87,1.1,,,1.95,0.12,32.63,False,
SMITH-SALT19-NH3-STR,salt,group,primary amine salt,ammonium_primary,2800.0,3200.0,any,any,,,0.01,+shape,314,11,0.035,11,297,0,6,1.0,0.02,0.036,1.0,0.98,0.87,1.1,,,1.95,0.12,32.63,False,
SMITH-SALT19-NH3-STR,salt,group,primary amine salt,ammonium_primary,2800.0,3200.0,any,any,,,0.02,position,314,11,0.035,11,293,0,10,1.0,0.033,0.036,1.0,0.99,0.88,1.12,,,1.21,0.08,19.4,False,
SMITH-SALT19-NH3-STR,salt,group,primary amine salt,ammonium_primary,2800.0,3200.0,any,any,,,0.02,+intensity,314,11,0.035,11,293,0,10,1.0,0.033,0.036,1.0,0.99,0.88,1.12,,,1.21,0.08,19.4,False,
SMITH-SALT19-NH3-STR,salt,group,primary amine salt,ammonium_primary,2800.0,3200.0,any,any,,,0.02,+shape,314,11,0.035,11,293,0,10,1.0,0.033,0.036,1.0,0.99,0.88,1.12,0.85,1.02,1.21,0.08,19.4,False,alkyl_halides OR=2.6 (n=32); aromatic_para OR=2.2 (n=27); c_o_single_any OR=2.1 (n=74)
SMITH-SALT19-NH3-STR,salt,group,primary amine salt,ammonium_primary,2800.0,3200.0,any,any,,,0.05,position,314,11,0.035,10,284,1,19,0.909,0.063,0.034,0.95,0.97,0.8,1.17,,,1.45,0.21,9.88,False,
SMITH-SALT19-NH3-STR,salt,group,primary amine salt,ammonium_primary,2800.0,3200.0,any,any,,,0.05,+intensity,314,11,0.035,10,284,1,19,0.909,0.063,0.034,0.95,0.97,0.8,1.17,,,1.45,0.21,9.88,False,
SMITH-SALT19-NH3-STR,salt,group,primary amine salt,ammonium_primary,2800.0,3200.0,any,any,,,0.05,+shape,314,11,0.035,10,284,1,19,0.909,0.063,0.034,0.95,0.97,0.8,1.17,,,1.45,0.21,9.88,False,
SMITH-SALT19-NH3-STR,salt,group,primary amine salt,ammonium_primary,2800.0,3200.0,any,any,,,0.1,position,314,11,0.035,9,260,2,43,0.818,0.142,0.033,0.956,0.95,0.72,1.26,,,1.28,0.35,4.63,False,
SMITH-SALT19-NH3-STR,salt,group,primary amine salt,ammonium_primary,2800.0,3200.0,any,any,,,0.1,+intensity,314,11,0.035,9,260,2,43,0.818,0.142,0.033,0.956,0.95,0.72,1.26,,,1.28,0.35,4.63,False,
SMITH-SALT19-NH3-STR,salt,group,primary amine salt,ammonium_primary,2800.0,3200.0,any,any,,,0.1,+shape,314,11,0.035,9,260,2,43,0.818,0.142,0.033,0.956,0.95,0.72,1.26,,,1.28,0.35,4.63,False,
SMITH-SALT19-NH3-ASYM,salt,group,primary amine salt,ammonium_primary,1560.0,1625.0,any,any,,,0.01,position,314,11,0.035,11,258,0,45,1.0,0.149,0.041,1.0,1.13,0.99,1.28,,,0.28,0.02,4.25,False,
SMITH-SALT19-NH3-ASYM,salt,group,primary amine salt,ammonium_primary,1560.0,1625.0,any,any,,,0.01,+intensity,314,11,0.035,11,258,0,45,1.0,0.149,0.041,1.0,1.13,0.99,1.28,,,0.28,0.02,4.25,False,
SMITH-SALT19-NH3-ASYM,salt,group,primary amine salt,ammonium_primary,1560.0,1625.0,any,any,,,0.01,+shape,314,11,0.035,11,258,0,45,1.0,0.149,0.041,1.0,1.13,0.99,1.28,,,0.28,0.02,4.25,False,
SMITH-SALT19-NH3-ASYM,salt,group,primary amine salt,ammonium_primary,1560.0,1625.0,any,any,,,0.02,position,314,11,0.035,11,249,0,54,1.0,0.178,0.042,1.0,1.17,1.03,1.33,,,0.23,0.02,3.54,False,
SMITH-SALT19-NH3-ASYM,salt,group,primary amine salt,ammonium_primary,1560.0,1625.0,any,any,,,0.02,+intensity,314,11,0.035,11,249,0,54,1.0,0.178,0.042,1.0,1.17,1.03,1.33,,,0.23,0.02,3.54,False,
SMITH-SALT19-NH3-ASYM,salt,group,primary amine salt,ammonium_primary,1560.0,1625.0,any,any,,,0.02,+shape,314,11,0.035,11,249,0,54,1.0,0.178,0.042,1.0,1.17,1.03,1.33,0.93,1.32,0.23,0.02,3.54,False,amine_primary_saturated OR=24.3 (n=45); amine_secondary_saturated OR=18.0 (n=35); amines OR=15.4 (n=144)
SMITH-SALT19-NH3-ASYM,salt,group,primary amine salt,ammonium_primary,1560.0,1625.0,any,any,,,0.05,position,314,11,0.035,11,230,0,73,1.0,0.241,0.046,1.0,1.26,1.11,1.45,,,0.17,0.01,2.62,False,
SMITH-SALT19-NH3-ASYM,salt,group,primary amine salt,ammonium_primary,1560.0,1625.0,any,any,,,0.05,+intensity,314,11,0.035,11,230,0,73,1.0,0.241,0.046,1.0,1.26,1.11,1.45,,,0.17,0.01,2.62,False,
SMITH-SALT19-NH3-ASYM,salt,group,primary amine salt,ammonium_primary,1560.0,1625.0,any,any,,,0.05,+shape,314,11,0.035,11,230,0,73,1.0,0.241,0.046,1.0,1.26,1.11,1.45,,,0.17,0.01,2.62,False,
SMITH-SALT19-NH3-ASYM,salt,group,primary amine salt,ammonium_primary,1560.0,1625.0,any,any,,,0.1,position,314,11,0.035,11,190,0,113,1.0,0.373,0.055,1.0,1.53,1.32,1.77,,,0.11,0.01,1.69,False,
SMITH-SALT19-NH3-ASYM,salt,group,primary amine salt,ammonium_primary,1560.0,1625.0,any,any,,,0.1,+intensity,314,11,0.035,11,190,0,113,1.0,0.373,0.055,1.0,1.53,1.32,1.77,,,0.11,0.01,1.69,False,
SMITH-SALT19-NH3-ASYM,salt,group,primary amine salt,ammonium_primary,1560.0,1625.0,any,any,,,0.1,+shape,314,11,0.035,11,190,0,113,1.0,0.373,0.055,1.0,1.53,1.32,1.77,,,0.11,0.01,1.69,False,
SMITH-SALT19-NH3-SYM,salt,group,primary amine salt,ammonium_primary,1500.0,1550.0,any,any,,,0.01,position,314,11,0.035,9,151,2,152,0.818,0.502,0.056,0.987,1.64,1.22,2.22,,,0.36,0.1,1.28,False,
SMITH-SALT19-NH3-SYM,salt,group,primary amine salt,ammonium_primary,1500.0,1550.0,any,any,,,0.01,+intensity,314,11,0.035,9,151,2,152,0.818,0.502,0.056,0.987,1.64,1.22,2.22,,,0.36,0.1,1.28,False,
SMITH-SALT19-NH3-SYM,salt,group,primary amine salt,ammonium_primary,1500.0,1550.0,any,any,,,0.01,+shape,314,11,0.035,9,151,2,152,0.818,0.502,0.056,0.987,1.64,1.22,2.22,,,0.36,0.1,1.28,False,
SMITH-SALT19-NH3-SYM,salt,group,primary amine salt,ammonium_primary,1500.0,1550.0,any,any,,,0.02,position,314,11,0.035,9,142,2,161,0.818,0.531,0.06,0.988,1.75,1.29,2.36,,,0.34,0.1,1.2,False,
SMITH-SALT19-NH3-SYM,salt,group,primary amine salt,ammonium_primary,1500.0,1550.0,any,any,,,0.02,+intensity,314,11,0.035,9,142,2,161,0.818,0.531,0.06,0.988,1.75,1.29,2.36,,,0.34,0.1,1.2,False,
SMITH-SALT19-NH3-SYM,salt,group,primary amine salt,ammonium_primary,1500.0,1550.0,any,any,,,0.02,+shape,314,11,0.035,9,142,2,161,0.818,0.531,0.06,0.988,1.75,1.29,2.36,1.28,2.33,0.34,0.1,1.2,False,nitro OR=17.9 (n=7); amine_primary_aromatic OR=13.9 (n=33); aromatic_para OR=9.4 (n=24)
SMITH-SALT19-NH3-SYM,salt,group,primary amine salt,ammonium_primary,1500.0,1550.0,any,any,,,0.05,position,314,11,0.035,8,132,3,171,0.727,0.564,0.057,0.983,1.67,1.14,2.45,,,0.48,0.18,1.27,False,
SMITH-SALT19-NH3-SYM,salt,group,primary amine salt,ammonium_primary,1500.0,1550.0,any,any,,,0.05,+intensity,314,11,0.035,8,132,3,171,0.727,0.564,0.057,0.983,1.67,1.14,2.45,,,0.48,0.18,1.27,False,
SMITH-SALT19-NH3-SYM,salt,group,primary amine salt,ammonium_primary,1500.0,1550.0,any,any,,,0.05,+shape,314,11,0.035,8,132,3,171,0.727,0.564,0.057,0.983,1.67,1.14,2.45,,,0.48,0.18,1.27,False,
SMITH-SALT19-NH3-SYM,salt,group,primary amine salt,ammonium_primary,1500.0,1550.0,any,any,,,0.1,position,314,11,0.035,7,115,4,188,0.636,0.62,0.057,0.979,1.68,1.05,2.68,,,0.59,0.27,1.29,False,
SMITH-SALT19-NH3-SYM,salt,group,primary amine salt,ammonium_primary,1500.0,1550.0,any,any,,,0.1,+intensity,314,11,0.035,7,115,4,188,0.636,0.62,0.057,0.979,1.68,1.05,2.68,,,0.59,0.27,1.29,False,
SMITH-SALT19-NH3-SYM,salt,group,primary amine salt,ammonium_primary,1500.0,1550.0,any,any,,,0.1,+shape,314,11,0.035,7,115,4,188,0.636,0.62,0.057,0.979,1.68,1.05,2.68,,,0.59,0.27,1.29,False,
SMITH-SALT19-NH2-STR,salt,group,secondary amine salt,ammonium_secondary,2700.0,3000.0,any,any,,,0.01,position,314,6,0.019,5,288,1,20,0.833,0.065,0.017,0.952,0.89,0.62,1.28,,,2.57,0.41,16.14,True,
SMITH-SALT19-NH2-STR,salt,group,secondary amine salt,ammonium_secondary,2700.0,3000.0,any,any,,,0.01,+intensity,314,6,0.019,5,288,1,20,0.833,0.065,0.017,0.952,0.89,0.62,1.28,,,2.57,0.41,16.14,True,
SMITH-SALT19-NH2-STR,salt,group,secondary amine salt,ammonium_secondary,2700.0,3000.0,any,any,,,0.01,+shape,314,6,0.019,5,288,1,20,0.833,0.065,0.017,0.952,0.89,0.62,1.28,,,2.57,0.41,16.14,True,
SMITH-SALT19-NH2-STR,salt,group,secondary amine salt,ammonium_secondary,2700.0,3000.0,any,any,,,0.02,position,314,6,0.019,5,279,1,29,0.833,0.094,0.018,0.967,0.92,0.64,1.32,,,1.77,0.29,10.95,True,
SMITH-SALT19-NH2-STR,salt,group,secondary amine salt,ammonium_secondary,2700.0,3000.0,any,any,,,0.02,+intensity,314,6,0.019,5,279,1,29,0.833,0.094,0.018,0.967,0.92,0.64,1.32,,,1.77,0.29,10.95,True,
SMITH-SALT19-NH2-STR,salt,group,secondary amine salt,ammonium_secondary,2700.0,3000.0,any,any,,,0.02,+shape,314,6,0.019,5,279,1,29,0.833,0.094,0.018,0.967,0.92,0.64,1.32,,,1.77,0.29,10.95,True,
SMITH-SALT19-NH2-STR,salt,group,secondary amine salt,ammonium_secondary,2700.0,3000.0,any,any,,,0.05,position,314,6,0.019,4,266,2,42,0.667,0.136,0.015,0.955,0.77,0.44,1.36,,,2.44,0.76,7.84,True,
SMITH-SALT19-NH2-STR,salt,group,secondary amine salt,ammonium_secondary,2700.0,3000.0,any,any,,,0.05,+intensity,314,6,0.019,4,266,2,42,0.667,0.136,0.015,0.955,0.77,0.44,1.36,,,2.44,0.76,7.84,True,
SMITH-SALT19-NH2-STR,salt,group,secondary amine salt,ammonium_secondary,2700.0,3000.0,any,any,,,0.05,+shape,314,6,0.019,4,266,2,42,0.667,0.136,0.015,0.955,0.77,0.44,1.36,,,2.44,0.76,7.84,True,
SMITH-SALT19-NH2-STR,salt,group,secondary amine salt,ammonium_secondary,2700.0,3000.0,any,any,,,0.1,position,314,6,0.019,4,246,2,62,0.667,0.201,0.016,0.969,0.83,0.47,1.47,,,1.66,0.52,5.25,True,
SMITH-SALT19-NH2-STR,salt,group,secondary amine salt,ammonium_secondary,2700.0,3000.0,any,any,,,0.1,+intensity,314,6,0.019,4,246,2,62,0.667,0.201,0.016,0.969,0.83,0.47,1.47,,,1.66,0.52,5.25,True,
SMITH-SALT19-NH2-STR,salt,group,secondary amine salt,ammonium_secondary,2700.0,3000.0,any,any,,,0.1,+shape,314,6,0.019,4,246,2,62,0.667,0.201,0.016,0.969,0.83,0.47,1.47,,,1.66,0.52,5.25,True,
SMITH-SALT19-NH2-BEND,salt,group,secondary amine salt,ammonium_secondary,1560.0,1620.0,any,any,,,0.01,position,314,6,0.019,5,261,1,47,0.833,0.153,0.019,0.979,0.98,0.69,1.41,,,1.09,0.18,6.66,True,
SMITH-SALT19-NH2-BEND,salt,group,secondary amine salt,ammonium_secondary,1560.0,1620.0,any,any,,,0.01,+intensity,314,6,0.019,5,261,1,47,0.833,0.153,0.019,0.979,0.98,0.69,1.41,,,1.09,0.18,6.66,True,
SMITH-SALT19-NH2-BEND,salt,group,secondary amine salt,ammonium_secondary,1560.0,1620.0,any,any,,,0.01,+shape,314,6,0.019,5,261,1,47,0.833,0.153,0.019,0.979,0.98,0.69,1.41,,,1.09,0.18,6.66,True,
SMITH-SALT19-NH2-BEND,salt,group,secondary amine salt,ammonium_secondary,1560.0,1620.0,any,any,,,0.02,position,314,6,0.019,5,252,1,56,0.833,0.182,0.019,0.982,1.02,0.71,1.46,,,0.92,0.15,5.57,True,
SMITH-SALT19-NH2-BEND,salt,group,secondary amine salt,ammonium_secondary,1560.0,1620.0,any,any,,,0.02,+intensity,314,6,0.019,5,252,1,56,0.833,0.182,0.019,0.982,1.02,0.71,1.46,,,0.92,0.15,5.57,True,
SMITH-SALT19-NH2-BEND,salt,group,secondary amine salt,ammonium_secondary,1560.0,1620.0,any,any,,,0.02,+shape,314,6,0.019,5,252,1,56,0.833,0.182,0.019,0.982,1.02,0.71,1.46,,,0.92,0.15,5.57,True,
SMITH-SALT19-NH2-BEND,salt,group,secondary amine salt,ammonium_secondary,1560.0,1620.0,any,any,,,0.05,position,314,6,0.019,3,234,3,74,0.5,0.24,0.013,0.961,0.66,0.29,1.47,,,2.08,0.91,4.75,True,
SMITH-SALT19-NH2-BEND,salt,group,secondary amine salt,ammonium_secondary,1560.0,1620.0,any,any,,,0.05,+intensity,314,6,0.019,3,234,3,74,0.5,0.24,0.013,0.961,0.66,0.29,1.47,,,2.08,0.91,4.75,True,
SMITH-SALT19-NH2-BEND,salt,group,secondary amine salt,ammonium_secondary,1560.0,1620.0,any,any,,,0.05,+shape,314,6,0.019,3,234,3,74,0.5,0.24,0.013,0.961,0.66,0.29,1.47,,,2.08,0.91,4.75,True,
SMITH-SALT19-NH2-BEND,salt,group,secondary amine salt,ammonium_secondary,1560.0,1620.0,any,any,,,0.1,position,314,6,0.019,2,195,4,113,0.333,0.367,0.01,0.966,0.53,0.17,1.64,,,1.82,1.01,3.26,True,
SMITH-SALT19-NH2-BEND,salt,group,secondary amine salt,ammonium_secondary,1560.0,1620.0,any,any,,,0.1,+intensity,314,6,0.019,2,195,4,113,0.333,0.367,0.01,0.966,0.53,0.17,1.64,,,1.82,1.01,3.26,True,
SMITH-SALT19-NH2-BEND,salt,group,secondary amine salt,ammonium_secondary,1560.0,1620.0,any,any,,,0.1,+shape,314,6,0.019,2,195,4,113,0.333,0.367,0.01,0.966,0.53,0.17,1.64,,,1.82,1.01,3.26,True,
SMITH-SALT19-NH-STR,salt,group,tertiary amine salt,ammonium_tertiary,2300.0,2700.0,any,any,,,0.01,position,314,5,0.016,5,272,0,37,1.0,0.12,0.018,1.0,1.04,0.82,1.33,,,0.69,0.05,9.96,True,
SMITH-SALT19-NH-STR,salt,group,tertiary amine salt,ammonium_tertiary,2300.0,2700.0,any,any,,,0.01,+intensity,314,5,0.016,5,272,0,37,1.0,0.12,0.018,1.0,1.04,0.82,1.33,,,0.69,0.05,9.96,True,
SMITH-SALT19-NH-STR,salt,group,tertiary amine salt,ammonium_tertiary,2300.0,2700.0,any,any,,,0.01,+shape,314,5,0.016,5,272,0,37,1.0,0.12,0.018,1.0,1.04,0.82,1.33,,,0.69,0.05,9.96,True,
SMITH-SALT19-NH-STR,salt,group,tertiary amine salt,ammonium_tertiary,2300.0,2700.0,any,any,,,0.02,position,314,5,0.016,5,242,0,67,1.0,0.217,0.02,1.0,1.17,0.91,1.5,,,0.38,0.03,5.48,True,
SMITH-SALT19-NH-STR,salt,group,tertiary amine salt,ammonium_tertiary,2300.0,2700.0,any,any,,,0.02,+intensity,314,5,0.016,5,242,0,67,1.0,0.217,0.02,1.0,1.17,0.91,1.5,,,0.38,0.03,5.48,True,
SMITH-SALT19-NH-STR,salt,group,tertiary amine salt,ammonium_tertiary,2300.0,2700.0,any,any,,,0.02,+shape,314,5,0.016,5,242,0,67,1.0,0.217,0.02,1.0,1.17,0.91,1.5,,,0.38,0.03,5.48,True,
SMITH-SALT19-NH-STR,salt,group,tertiary amine salt,ammonium_tertiary,2300.0,2700.0,any,any,,,0.05,position,314,5,0.016,5,201,0,108,1.0,0.35,0.024,1.0,1.41,1.09,1.82,,,0.24,0.02,3.4,True,
SMITH-SALT19-NH-STR,salt,group,tertiary amine salt,ammonium_tertiary,2300.0,2700.0,any,any,,,0.05,+intensity,314,5,0.016,5,201,0,108,1.0,0.35,0.024,1.0,1.41,1.09,1.82,,,0.24,0.02,3.4,True,
SMITH-SALT19-NH-STR,salt,group,tertiary amine salt,ammonium_tertiary,2300.0,2700.0,any,any,,,0.05,+shape,314,5,0.016,5,201,0,108,1.0,0.35,0.024,1.0,1.41,1.09,1.82,,,0.24,0.02,3.4,True,
SMITH-SALT19-NH-STR,salt,group,tertiary amine salt,ammonium_tertiary,2300.0,2700.0,any,any,,,0.1,position,314,5,0.016,5,172,0,137,1.0,0.443,0.028,1.0,1.65,1.27,2.14,,,0.19,0.01,2.68,True,
SMITH-SALT19-NH-STR,salt,group,tertiary amine salt,ammonium_tertiary,2300.0,2700.0,any,any,,,0.1,+intensity,314,5,0.016,5,172,0,137,1.0,0.443,0.028,1.0,1.65,1.27,2.14,,,0.19,0.01,2.68,True,
SMITH-SALT19-NH-STR,salt,group,tertiary amine salt,ammonium_tertiary,2300.0,2700.0,any,any,,,0.1,+shape,314,5,0.016,5,172,0,137,1.0,0.443,0.028,1.0,1.65,1.27,2.14,,,0.19,0.01,2.68,True,
