file_id,analysis_id,sample_id,inchikey,smiles_canonical,instrument,x_min,x_max,n_points,resolution,is_multifragment,has_unusual_elements,sampling_procedure,split
0020152b-16a6-4cf2-839e-89638ae8de40,635169,78682,DDQBGZVUDRTHAU-UHFFFAOYSA-M,CCCCc1cn(-c2nc3ccccc3nc2C)nn1.[Br][Re].[C-]#[O+].[C-]#[O+].[C-]#[O+],Bruker Alpha ATR,373.96442,3997.453,2559,4.0,True,True,Diamant-ATR,confirm
00273c3b-65c8-458a-98f5-fb1d63465915,503630,45025,DJGWMTKKMOZBMF-UHFFFAOYSA-N,CCOC(=O)c1ccc(-c2c3nc(c(Br)c4ccc([nH]4)c(-c4ccc(C(=O)OCC)cc4)c4nc(c(Br)c5ccc2[nH]5)C=C4)C=C3)cc1,Bruker ALPHA-T,373.82813,3997.4121,2560,4.0,False,False,Diamant-ATR,confirm
003d88b9-c1d3-4d2e-a679-16f037b683f9,501800,44542,YHZSWQASJCLPOE-UHFFFAOYSA-N,CCCC(=O)SCCCSC(C)CC(=O)CC,Bruker ALPHA,373.96442,3997.453,2559,4.0,False,False,ATR platinum Diamond 1 Refl,confirm
003fa936-4a88-442c-b18b-80dcba45e660,495056,42856,BAIBHOHKSYVVCM-UHFFFAOYSA-N,O=Cc1cc2ccc1CCc1ccc(cc1)CC2,Bruker Alpha,373.96442,3997.453,2559,,False,False,,confirm
0054cec4-e1fb-4c4c-9a8e-2ba86be7ffbf,499156,43881,UYKSYRMKGNNMMU-CZEFNJPISA-L,O=C([O-])/N=N/C(=O)[O-].[K+].[K+],Bruker ALPHA,373.96442,3997.453,2559,4.0,True,True,Diamant-ATR,confirm
008f70a9-b29c-4355-87d9-2da27cf57268,617161,75120,HCVSNXJKNAAQBQ-UHFFFAOYSA-N,CCOC(=O)c1c(N)c(C(=O)OCC)c(N)c(C(=O)OCC)c1N,Finnigan Mat 95,373.96442,3997.453,2559,4.0,False,False,Diamant-ATR,confirm
00a0ee9a-ac02-4c9e-96a6-656d069fb80a,594336,68608,COBWACPMXFSUCI-XCYRUZEPSA-N,C1=C/C2=C(\c3ccccc3)c3ccc4[n]3[Cu][n]3/c(cc/c3=C(\c3ccccc3)C3=N/C(=C\4c4ccccc4/C4=c5\cc/c6[n]5[Cu][n]5c(ccc5/C(c5ccccc5/C5=c7\cc/c8[n]7[Cu][n]7c(ccc7/C(c7ccccc7)=C7/C=CC5=N7)/C(c5ccccc5)=C5/C=CC(=N5)\C=8c5ccccc5)=C5/C=CC(=N5)\C=6c5ccccc5)/C(c5ccccc5)=C5/C=CC4=N5)C=C3)=C(/c3ccccc3)C1=N2,FT-IR Bruker IFS 88,373.96442,3997.453,2559,4.0,False,True,Diamant-ATR,confirm
00c77d17-aea8-44f9-bf43-c8927ab53db1,673208,87120,DPNBPQMTXJNKBM-UHFFFAOYSA-N,CCOC(=O)c1sc(-c2ccccn2)nc1OC(=O)c1cccnc1,Jasco FT/IR- 6300,649.8934,4000.6047,3476,,False,False,,dev
00f8af6e-df65-43f9-8357-bf8d72553709,501280,44412,KNMLGVJGGKSKSR-UHFFFAOYSA-N,O=C(Cc1ccccc1)c1cn(Cc2ccc(C(F)(F)F)cc2)c2ccccc12,Bruker ALPHA,373.96442,3997.453,2559,4.0,False,False,ATR platinum Diamond 1 Refl,confirm
00fdf35f-dc8a-4e22-b25d-104335225e6a,491196,42108,KGJVMZAWJCTKCI-UHFFFAOYSA-N,Clc1cc(Cl)cc(SC23CC(C45CC(Sc6cc(Cl)cc(Cl)c6)(C4)C5)(C2)C3)c1,Bruker Alpha ATR,373.96442,3997.453,2559,4.0,False,False,Diamant-ATR,confirm
0138198f-958a-4ca2-89a7-997065b8aa95,501884,44563,LTPVSOCPYWDIFU-UHFFFAOYSA-N,COc1ccc(CCN)cc1,Bruker ALPHA,373.96442,3997.453,2559,4.0,False,False,ATR platinum Diamond 1 Refl,dev
013ae679-6b1b-4ff6-b82e-b3286ac56d82,572873,61512,WYNFDKNFCMLYOM-UHFFFAOYSA-N,CC(O)c1ccc(C(=C(c2ccc(C(C)O)cc2)c2ccc(C(C)O)cc2)c2ccc(C(C)O)cc2)cc1,Bruker Alpha ATR,373.96442,3997.453,2559,4.0,False,False,Diamant-ATR,confirm
014c624d-7511-4163-a920-f3923a667fb1,501000,44342,JJWNAOGSAYBEPB-UHFFFAOYSA-N,IC12CC(I)(C1)C2,Bruker ALPHA,373.96442,3997.453,2559,4.0,False,False,Diamant-ATR,confirm
01777059-73c3-4a2b-b793-b5f1452393b1,490671,41978,NZNGNSDNZKZZOJ-UHFFFAOYSA-N,Cc1ccc(SC23CC(Sc4ccc(C)cc4)(C2)C3)cc1,,373.96442,3997.453,2559,4.0,False,False,Diamant ATR,confirm
017addb3-4e30-4ad8-84bd-8890224bc963,530836,50872,UPRXVIRDQVBPJP-OCOZRVBESA-N,CC(C)N(/N=N/c1ccccc1C1(NC(=O)c2ccccc2)CC1)C(C)C,Bruker Alpha-P ATR,373.96442,3997.453,2559,4.0,False,False,Diamant-ATR,dev
01e8ac29-20c6-4f02-b7a5-87630752105f,500824,44298,FHSRQGXDVXFRHU-FOCLMDBBSA-N,Ic1ccc(/N=N/c2ccc(I)cc2)cc1,Bruker ALPHA,373.96442,3997.453,2559,4.0,False,False,Diamant-ATR,confirm
01ed3e4d-a69e-49c6-b321-a1215644c7cb,501860,44557,DPBLXKKOBLCELK-UHFFFAOYSA-N,CCCCCN,Bruker ALPHA,373.96442,3997.453,2559,4.0,False,False,ATR platinum Diamond 1 Refl,confirm
01fecb3b-ce7a-47ce-bf5d-9c7303f665ce,489614,41728,BMIMNRPAEPIYDN-UHFFFAOYSA-N,Cc1nc2ccccc2[nH]c1=O,Bruker Alpha,373.96442,3997.453,2559,4.0,False,False,Diamant-ATR,confirm
0204bdc6-23dd-4eeb-8a2b-ad8a0964b273,490112,41853,BNEXDOXCTGRPIX-UHFFFAOYSA-N,COC(=O)C1CSCSC1,Bruker Alpha ATR,373.82813,3997.4121,2560,,False,False,,dev
0218c1ce-9863-4f08-ae3f-d4464e6e0200,639657,79653,BIMDTNQPZWJKPL-UHFFFAOYSA-N,Clc1ccc2[nH]c3ccc(Cl)cc3c2c1,Bruker Alpha ATR,373.96442,3997.453,2559,4.0,False,False,Diamant-ATR,confirm
021a100c-0bb3-4c4a-95f1-3f115057ceae,502112,44620,LGBVJUDEOLYQDS-UHFFFAOYSA-N,CCC(=O)SCCCSC(CC(C)=O)C(C)C,Bruker ALPHA,399.65625,3996.5625,1765,4.0,False,False,Instrument type and / or accessory,confirm
022850f1-e9d5-49e6-ad5e-4565a3d6ec9c,20379,2572,PATDCDMTBXBBGP-UHFFFAOYSA-N,CC(=O)Nc1cccc(-n2cccn2)c1,Bruker IFS 88,373.96442,3997.453,2559,4.0,False,False,Diamant-ATR,dev
0241a7a5-6648-458c-9c88-d20f4000ef81,537415,52394,MYNGAGFSAZSURO-UHFFFAOYSA-N,CCOC(=O)c1ccc(-c2c3nc(c(-c4c(OC)cccc4OC)c4ccc([nH]4)c(-c4ccc(C(=O)OCC)cc4)c4nc(c(-c5c(OC)cccc5OC)c5ccc2[nH]5)C=C4)C=C3)cc1,Bruker ALPHA-T,373.96442,3997.453,2559,4.0,False,False,Diamant-ATR,confirm
029e9e6a-c5be-4d89-8d60-33f298d7934a,499304,43918,WXYYSSSCNJHNCK-UHFFFAOYSA-N,CCCCC1(c2cc(O)c3cc(Cc4ccc(F)cc4)c(=O)oc3c2)CCCCC1,Bruker ALPHA,373.96442,3997.453,2559,4.0,False,False,Diamant-ATR,confirm
02a2c08e-bd90-4edb-bec0-e4c580c2b775,509468,46461,GCSKMOXHRGGMNV-UHFFFAOYSA-N,COc1ccc(C(C#CC[Si](C)(C)C)O[Si](C)(C)C(C)(C)C)c(Br)c1OCc1c(I)ccc2c1OCO2,Bruker Alpha ATR,373.96442,3997.453,2559,4.0,False,False,Diamant-ATR,confirm
02fb3c05-9928-4b59-aae8-9b9c27f5cf4d,20077,2542,XXHOHJTVFUJJMT-UHFFFAOYSA-N,CC(=O)Nc1cccc(Br)c1,Bruker Alpha,373.96442,3997.453,2559,4.0,False,False,Diamant ATR,confirm
030b33f0-a451-4aaa-818b-f21bb493f185,517338,48175,PGERMRZARQFUFX-UHFFFAOYSA-N,CC(=O)N1Cc2cn(Cc3ccccc3)nc2N=N1,Bruker ALPHA,373.96442,3997.453,2559,4.0,False,False,Diamant-ATR,confirm
031c0aa5-132d-4b88-8f6b-b83e6b8526dc,20037,2538,CKKGAPLFCABOSW-UHFFFAOYSA-N,O=C(Nc1ccc(I)cc1)c1ccccc1,Bruker IFS 88,373.96442,3997.453,2559,4.0,False,False,Diamant ATR,confirm
032c19ed-a0a4-48dc-b5bd-55c04b80708d,491866,42260,OUWLZEOAVCFTAQ-UHFFFAOYSA-N,CC1=Nc2ccc(Br)cc2C1(C)C,Bruker Alpha ATR - IR,373.96442,3997.453,2559,4.0,False,False,Diamant ATR,confirm
0346e0b9-94b4-4fdd-aef4-6a931e229170,502580,44737,GFWPHXLFIUZHAB-CYOIZWBSSA-N,CC[C@@H](C)[C@@H]1NC(=O)[C@H](Cc2ccc(OC(C)(C)C)cc2)NC(=O)[C@H](C)NC(=O)[C@H]2CCCN2C1=O,Bruker ALPHA,399.65625,3996.5625,1765,4.0,False,False,Instrument type and / or accessory,dev
035f98dc-62e5-4f90-97e6-081d5d1ba5e0,509930,46567,AZFTWUQDMMNFBC-UHFFFAOYSA-N,CCOc1ccc(-c2nc3ccc(C)cc3s2)cc1,BRUKER ALPHA,373.82813,3997.4121,2560,4.0,False,False,ATR platinum Diamond 1 Refl,confirm
0372a6c0-a308-414d-90f3-ff7d70a65cfa,501340,44427,FWQMCAAAAITRGC-ISLYRVAYSA-N,CC(C)N(/N=N/c1c(Br)cc(Br)cc1C#N)C(C)C,Bruker ALPHA,373.96442,3997.453,2559,4.0,False,False,ATR platinum Diamond 1 Refl,dev
038e0423-5f9a-413d-b744-26c8032144a5,501688,44514,QSAUZEUIHOMQFH-UHFFFAOYSA-N,CCCCn1nc(NC(=O)c2cccc3ccccc23)c2ccccc21,Bruker ALPHA,399.65625,3996.5625,1765,4.0,False,False,Instrument type and / or accessory,confirm
03e31264-d343-406d-890d-4e1d888bdbc8,500092,44115,NYSYURFRKGSDRO-RZQNDLAQSA-N,CCOC(=O)/C=C/C[C@]1(C)C[C@H](O)c2c(OC)cc(CO[Si](c3ccccc3)(c3ccccc3)C(C)(C)C)cc2O1,Bruker ALPHA,373.96442,3997.453,2559,4.0,False,False,Diamant-ATR,dev
03f1027f-97d8-4810-a809-89c5f81ec941,504666,45281,GMNFKNULOOCPIW-USRGLUTNSA-M,CC1=[N+](C)c2ccc(/C=C/C(F)(F)C(F)(F)C(F)(F)C(F)(F)C(F)(F)C(F)(F)C(F)(F)F)cc2C1(C)C.[I-],FT-IR Bruker IFS 88,373.96442,3997.453,2559,4.0,True,False,Diamant-ATR,confirm
040c4a79-b030-4b93-92bc-7b68f44871c0,495200,42892,BAIBHOHKSYVVCM-UHFFFAOYSA-N,O=Cc1cc2ccc1CCc1ccc(cc1)CC2,Bruker Alpha,373.96442,3997.453,2559,4.0,False,False,Diamant-ATR,confirm
0417d5e6-31fe-41d2-957b-26406331aff9,501848,44554,RWAFQRMJZLVGOI-UHFFFAOYSA-N,CC1(C)c2ccccc2N(c2cc3c4c(c2)-c2ccccc2OB4Oc2ccccc2-3)c2ccccc21,Bruker ALPHA,373.96442,3997.453,2559,4.0,False,False,ATR platinum Diamond 1 Refl,confirm
0426382d-e5c9-45e3-ae4c-be299db2f2eb,579115,63286,GAKCHCJSYMSHMC-UHFFFAOYSA-M,[Cl][Au].c1ccc(P(c2ccccc2)c2cc3ccc2CCc2ccc(cc2-c2ccc(-c4ccccn4)cc2)CC3)cc1,"Bruker, model IFS 88",373.96442,3997.453,2559,4.0,True,True,Diamant-ATR,confirm
044c4731-7853-4e24-a6c7-e45c9c9d0606,489771,41760,SGRXMHUVMDLZPO-UHFFFAOYSA-N,CCCCn1nc(NCc2ccccc2)c2cccc(C)c21,Bruker Alpha,373.96442,3997.453,2559,4.0,False,False,Diamant-ATR,confirm
045ff1fb-4082-4170-91fb-3d892ecf647c,529107,50523,HLZBTZRAPQTZEL-UHFFFAOYSA-L,Fc1ccc(P(c2ccc(F)cc2)c2ccc(F)cc2)cc1.Fc1ccc(P(c2ccc(F)cc2)c2ccc(F)cc2)cc1.[Cu][I].[Cu][I].c1ccc(P(c2ccco2)c2ccco2)nc1,IR,373.96442,3997.453,2559,4.0,True,True,Diamant ATR,confirm
047c0b2e-2abb-43b3-8e35-f6a9225777be,499456,43956,FRSYMVPVQRACFX-UHFFFAOYSA-N,COC(=O)C1(C2CCC(=O)O2)CC(=O)c2c(OC)cc(C)c(-c3ccc(N)cc3)c2O1,Bruker ALPHA,373.96442,3997.453,2559,4.0,False,False,Diamant-ATR,confirm
04b7078d-c161-4a5b-b0fe-5b6797186fc1,499344,43928,YMPXKNOPKQNNLM-UHFFFAOYSA-N,O=Cc1ccc(CC2CSCSC2)cc1,Bruker ALPHA,373.96442,3997.453,2559,4.0,False,False,Diamant-ATR,confirm
04c2958d-e5a3-4835-a9a3-5f04ad1def83,519298,48617,RWOLZECCEALXQC-UHFFFAOYSA-N,CCC[CH2][Sn]([CH2]CCC)([CH2]CCC)[c]1nc2ccccc2nc1-c1ccccc1,Bruker Alpha ATR,373.96442,3997.453,2559,4.0,False,True,Diamant-ATR,confirm
04ccefc6-4e02-4e52-9472-a23aa22ca04c,507023,45874,HUZJFAVZVNOCQT-UHFFFAOYSA-N,COc1cccc(N=S(=O)(c2ccccc2)C23CC(C2)C3)c1,Bruker 400 MHz,373.96442,3997.453,2559,4.0,False,False,Diamant-ATR,confirm
05001344-5d13-459a-b636-4f909847d8f3,528993,50504,ABFCOFNZMMJKMP-UHFFFAOYSA-L,Cc1cc(C)cc(P(c2cc(C)cc(C)c2)c2cc(C)ccn2)c1.[Cu][I].[Cu][I].c1ccc(P(c2ccccc2)c2ccccc2)cc1.c1ccc(P(c2ccccc2)c2ccccc2)cc1,IR,373.96442,3997.453,2559,4.0,True,True,Diamant ATR,confirm
050e64b9-137d-406e-a44f-9f6bbc125e41,641043,79885,VLRAYJRKPYKDDY-UHFFFAOYSA-N,COP(=O)(OC)c1ccc2sccc2c1,Bruker Alpha ATR,373.96442,3997.453,2559,4.0,False,False,Diamant ATR,dev
0545c465-6d7c-440f-8164-4b9b7dc1655e,530352,50768,YRPIXORGESANFA-UHFFFAOYSA-N,Cc1ccc2nc(-c3ccc(O)cc3)sc2c1,Bruker Alpha,373.96442,3997.453,2559,4.0,False,False,Diamant-ATR,confirm
057d5227-5cea-4bfb-af45-dd74cd82f953,502248,44654,UKESRVDOJNBKLQ-UHFFFAOYSA-N,Nc1c(I)cc(I)nc1Cl,Bruker ALPHA,399.65625,3996.5625,1765,4.0,False,False,Instrument type and / or accessory,confirm
061789b8-0532-45c8-80f5-653b05203308,500076,44111,JDRCSSKXXWXWCY-HQXYPXBXSA-N,C=CCO[C@@H]1OC(COCc2ccccc2)[C@@H](OC(C)=O)[C@H](O[C@@H]2OC(C(=O)OC)[C@@H](OC(=O)CCC(C)=O)[C@H](OC(C)=O)C2OC(C)=O)C1NC(=O)C(Cl)(Cl)Cl,Bruker ALPHA,373.96442,3997.453,2559,4.0,False,False,ATR platinum Diamond 1 Refl,confirm
06239c68-7373-4a9f-be45-1da38f63b533,493779,42621,YYPCILVTAFMJJX-QURGRASLSA-N,O=C(O)c1ccc(-c2ccc(C(=O)O)cc2/N=N/c2ccc([N+](=O)[O-])cc2)cc1,Bruker Alpha ATR,373.96442,3997.453,2559,,False,False,,confirm
06465216-a191-4fa8-9e73-c4312c7aab56,696446,92689,VJLLSUCINBWOSU-UHFFFAOYSA-N,O=C(c1ccc(F)cc1)N(Cc1ccccc1)c1ccccc1C#Cc1ccccc1,Bruker Alpha-P ATR,373.96442,3997.453,2559,4.0,False,False,Diamant-ATR,confirm
065d843b-e202-4ba4-8c85-52d562e6db2e,536674,52200,LLIFZWKYANUXDS-UHFFFAOYSA-N,CCOC(=O)c1ccc(-c2c3nc(c(-c4cc5ccccc5c5ccccc45)c4ccc([nH]4)c(-c4ccc(C(=O)OCC)cc4)c4nc(c(-c5cc6ccccc6c6ccccc56)c5ccc2[nH]5)C=C4)C=C3)cc1,Bruker ALPHA-T,373.96442,3997.453,2559,4.0,False,False,Diamant-ATR,confirm
066e6c15-1cfe-4a2b-9d26-1e86b95c7783,514239,47546,NISURZRTIYSNSA-UHFFFAOYSA-N,CCOc1ccc(-c2nc3cc(C(F)(F)F)ccc3s2)cc1,BRUKER ALPHA,373.82813,3997.4121,2560,4.0,False,False,ATR platinum Diamond 1 Refl,confirm
06814a2c-06e6-428a-a06e-003c90362690,502028,44599,,C[N]1(C)CC[N](C)(C)->[Pd]<-1([Cl])[Cl],Bruker ALPHA,373.96442,3997.453,2559,4.0,False,True,ATR platinum Diamond 1 Refl,confirm
068d4663-f4f1-40c4-b19c-f66b989effa8,513125,47309,ATUZFDMBQXVVAX-UHFFFAOYSA-N,N#Cc1c(-n2c3ccccc3c3ccccc32)c(-c2nnc(-c3ccccc3)o2)c(-n2c3ccccc3c3ccccc32)c(-n2c3ccccc3c3ccccc32)c1-n1c2ccccc2c2ccccc21,Bruker Avance 400,373.96442,3997.453,2559,4.0,False,False,Diamant-ATR,confirm
06907bdb-208b-4f26-aee7-95604f923812,510452,46717,GCDCSJMXKZHSKI-UHFFFAOYSA-N,C1=Cc2nc1c(-c1ccccc1)c1ccc([nH]1)c(-c1ccccc1)c1nc(c(-c3ccccc3-c3c4nc(c(-c5ccccc5)c5ccc([nH]5)c(-c5ccccc5)c5nc(c(-c6ccccc6)c6ccc3[nH]6)C=C5)C=C4)c3ccc([nH]3)c2-c2ccccc2)C=C1,IR,373.96442,3997.453,2559,4.0,False,False,Diamant-ATR,dev
0694bef4-00f5-439d-89fc-fe43d09b91ee,500620,44247,DWCHTVQQWOKNGW-RWNQQKCBSA-N,C=C[C@@H](C)[C@H]1CC[C@H]2[C@@H]3C[C@@H](OC)[C@]45C[C@H]4CC[C@]5(C)[C@H]3CC[C@]12C,Bruker ALPHA,373.96442,3997.453,2559,4.0,False,False,ATR platinum Diamond 1 Refl,dev
069a361f-970f-4742-8bb4-e428c13acbde,500716,44271,LYFFZXWVFDIRLC-UHFFFAOYSA-N,Cc1ccc(C)c2oc(=O)c(C(C)C)cc12,Bruker ALPHA,373.96442,3997.453,2559,4.0,False,False,Diamant-ATR,confirm
06e31316-a731-4571-99bf-67b597eb553b,634618,78584,NIQVJDCFQXEZFB-UHFFFAOYSA-M,COC(=O)c1ccc(-c2cc3nc(C)c(C[P+](c4ccccc4)(c4ccccc4)c4ccccc4)nc3cc2-c2ccc(C(=O)OC)cc2)cc1.[Br-],Bruker Alpha ATR,373.96442,3997.453,2559,4.0,True,False,Diamant-ATR,confirm
06f4d743-5ccf-4198-99e8-095ee95cf70b,606386,72166,VVAOPCKKNIUEEU-UHFFFAOYSA-L,C1=CCCC=CCC1.[Cl][Pt][Cl],Bruker Alpha,399.67798,3996.7798,1747,4.0,True,True,SG-X4216,confirm
07b22dc0-2efd-4e4a-ad2d-77f7acb6736e,508918,46322,RWAFQRMJZLVGOI-UHFFFAOYSA-N,CC1(C)c2ccccc2N(c2cc3c4c(c2)-c2ccccc2OB4Oc2ccccc2-3)c2ccccc21,Bruker Alpha ATR,373.96442,3997.453,2559,4.0,False,False,Diamant-ATR,confirm
07b4dc72-2f64-4226-975a-61ca12ce815b,494750,42781,UIUPXPAOUNCBNR-UHFFFAOYSA-N,COc1ccc(-n2nncc2-c2cc3ccc2CCc2ccc(cc2)CC3)cc1,BRUKER ALPHA,373.96442,3997.453,2559,4.0,False,False,Diamant ATR,confirm
07ce75f0-595d-4148-a635-8def5017656c,505273,45413,FSXICMNLRKENOE-UHFFFAOYSA-N,CS(=O)(=O)C12CC(C1)C2,IR,373.96442,3997.453,2559,4.0,False,False,Diamant- ATR,confirm
07cfc690-58c5-4643-b4f8-3f9b2c4b8d2e,628129,77354,NGPFPSHZDMLAMO-UHFFFAOYSA-N,CCCCCNc1c(-c2cc3ccc2CCc2ccc(c(-c4nc5ccccn5c4NCCCCC)c2)CC3)nc2ccccn12,Bruker Alpha ATR,373.96442,3997.453,2559,4.0,False,False,Diamant-ATR,confirm
07dc09bb-8ad5-4906-b51e-dac4b4a05809,502368,44684,ZNAXZVWVJHSCLK-UHFFFAOYSA-N,N#Cc1cc2ccc1CCc1ccc(c(C#N)c1)CC2,Bruker ALPHA,373.96442,3997.453,2559,4.0,False,False,ATR platinum Diamond 1 Refl,dev
0803ab9a-d87c-43c6-8238-a395ffdea3a3,564779,58991,SLQILMMSNMTAQU-UHFFFAOYSA-N,C=Cc1ccc(-c2cc(-c3ccc(C=C)cc3)cc(-c3ccc(C=C)cc3)c2)cc1,Bruker Alpha ATR,374.0,3997.453,2559,,False,False,,dev
082c1d81-db8e-45ab-8909-979c5c47e7f7,500376,44186,YCGRQRPPYDKUFP-UHFFFAOYSA-N,CCCCCCCCn1nc(NC(=O)CC(C)C)c2cccc(C(F)(F)F)c21,Bruker ALPHA,373.96442,3997.453,2559,4.0,False,False,Diamant-ATR,confirm
082e764d-72a7-4c14-8966-6d73557b2764,501460,44457,WKPXHJQLONTGKN-UHFFFAOYSA-N,CCOC(=O)c1cc(C2=C(c3cc(C(=O)OCC)sc3C)C(F)(F)C(F)(F)C2(F)F)c(C)s1,Bruker ALPHA,373.96442,3997.453,2559,4.0,False,False,ATR platinum Diamond 1 Refl,dev
0851ba63-8324-4904-9fe8-6373111f9c1c,3296,1010,VVQIMIBWQDHGRR-CCEZHUSRSA-N,CC(/N=N/c1ccc(F)cc1)=C1SCCCS1,,373.82813,3997.4121,2560,4.0,False,False,ATR platinum Diamond 1 Refl,confirm
0886a711-4691-43dc-8eef-86569fc48bd0,696477,92694,RUDRSGOJGUEFAA-UHFFFAOYSA-N,N#Cc1ccc(C(=O)c2c(-c3ccccc3)n(Cc3ccccc3)c3ccccc23)cc1,Bruker Alpha-P ATR,373.96442,3997.453,2559,4.0,False,False,Diamant-ATR,confirm
0890e7c5-9245-4952-b001-6eb6c6f0b16e,499068,43859,SZCWYLRCNQRDPX-UHFFFAOYSA-N,Cc1cc2ccccc2c2cc(Cc3ccccc3)c(=O)oc12,Bruker ALPHA,373.96442,3997.453,2559,4.0,False,False,Diamant-ATR,confirm
08a055ea-12ce-4ed5-8a84-fa77a12fb9ac,534577,50032,LBDBPQMFDXLYKP-UHFFFAOYSA-N,Cc1ccnc(P(c2c(C)cc(C)cc2C)c2c(C)cc(C)cc2C)c1,IR,373.96442,3997.453,2559,4.0,False,False,Diamant-ATR,dev
08c8bc09-70f8-4825-8d95-900916bb19e8,20672,2612,TVOXZWILIMTOIT-UHFFFAOYSA-N,COC(=O)c1ccc([N+](=O)[O-])cc1OC,Bruker IFS 88,373.96442,3997.453,2559,4.0,False,False,Diamant-ATR,confirm
08ec5bfc-75a4-447e-9853-c0e62d28d80c,495030,42848,JKQHPBPRTZLGQK-CPNJWEJPSA-N,CO/N=C/c1cc2ccc1CCc1ccc(cc1)CC2,Bruker Alpha,373.96442,3997.453,2559,,False,False,,confirm
092a7ee9-5ad0-4ce8-9210-57dcc7ae691a,500728,44274,MVYBOCLZWGBZBT-UHFFFAOYSA-N,COC(=O)c1ccc(-c2ccc(C(=O)OC)cc2[N+](=O)[O-])c([N+](=O)[O-])c1,Bruker ALPHA,373.96442,3997.453,2559,4.0,False,False,Diamant-ATR,dev
0952c4d3-24cc-404f-9124-5a21a241faa5,500208,44144,PTMSEVNPUOYXOY-UHFFFAOYSA-N,O=C1CCCC2Oc3ccc(-c4ccccc4[N+](=O)[O-])cc3C=C12,Bruker ALPHA,373.96442,3997.453,2559,4.0,False,False,Diamant-ATR,dev
095e7fff-b6d7-47d9-98b6-17d1be47af4c,501300,44417,WJSBFXMKZPYKMU-UHFFFAOYSA-N,Cc1ccc(C(=O)c2cn(Cc3ccc(C(F)(F)F)cc3)c3ccccc23)cc1,Bruker ALPHA,373.96442,3997.453,2559,4.0,False,False,ATR platinum Diamond 1 Refl,confirm
097653d5-2ffe-4d26-81fe-714b82503f9f,501748,44529,VIIIJFZJKFXOGG-UHFFFAOYSA-N,Cc1cc2ccccc2oc1=O,Bruker ALPHA,373.96442,3997.453,2559,4.0,False,False,ATR platinum Diamond 1 Refl,confirm
09933058-7446-4e0f-9bcb-3d28fc5192e6,508572,46235,KWMALILVJYNFKE-UHFFFAOYSA-N,COc1ccccc1-c1cc(-c2ccccc2OC)cc(N2c3ccccc3C(C)(C)c3ccccc32)c1,Bruker Alpha ATR,373.96442,3997.453,2559,4.0,False,False,Diamant-ATR,confirm
09b15b50-a3a9-4284-9281-9138d15abd97,501624,44498,KUOGVDSKRXZPEJ-UHFFFAOYSA-N,N#Cc1c(-n2c3ccccc3c3ccccc32)c(-c2nnc(-c3cccs3)o2)c(-n2c3ccccc3c3ccccc32)c(-n2c3ccccc3c3ccccc32)c1-n1c2ccccc2c2ccccc21,Bruker ALPHA,373.96442,3997.453,2559,4.0,False,False,ATR platinum Diamond 1 Refl,dev
09b9440a-9c13-4138-8233-ef6f47b05fc4,499588,43989,VCYXYCZXZKJVTD-UHFFFAOYSA-N,CSc1cc2ccc1CCc1ccc(c(C(C)N(C)C)c1)CC2,Bruker ALPHA,373.96442,3997.453,2559,4.0,False,False,Diamant-ATR,confirm
09d54e1b-c4d7-4c1d-86cb-c51ea8296e22,501016,44346,BDGLYIFQHWPHGI-UHFFFAOYSA-N,Cc1cc(C)cc(C(=O)OI(OC(=O)c2cc(C)cc(C)c2)c2ccccc2)c1,Bruker ALPHA,373.96442,3997.453,2559,4.0,False,False,Diamant-ATR,dev
09f1f76f-b414-4d7c-8e1c-dcfa281afffa,509110,46372,ODSYCOIUKNZAQY-UHFFFAOYSA-N,COc1ccc(N2c3ccccc3C(C)(C)c3ccccc32)cc1-c1cccc(-c2cc(N3c4ccccc4C(C)(C)c4ccccc43)ccc2OC)c1,Bruker Alpha ATR,373.96442,3997.453,2559,4.0,False,False,Diamant-ATR,confirm
0a13be7b-0fdd-4d14-bbb0-2291deb6325a,594234,68581,BZKSZHYSBVPMTQ-OTHKYKDISA-K,[Cl][Mn]1[n]2c3ccc2/C(c2ccccc2/C2=c4\cc/c5[n]4[Mn]([Cl])[n]4c(ccc4/C(c4ccccc4/C4=c6\cc/c7[n]6[Mn]([Cl])[n]6c(ccc6/C(c6ccccc6)=C6/C=CC4=N6)/C(c4ccccc4)=C4/C=CC(=N4)\C=7c4ccccc4)=C4/C=CC(=N4)\C=5c4ccccc4)/C(c4ccccc4)=C4/C=CC2=N4)=C2/C=CC(=N2)/C(c2ccccc2)=c2/cc/c([n]21)=C(\c1ccccc1)C1=N/C(=C\3c2ccccc2)C=C1,IR,373.96442,3997.453,2559,4.0,False,True,Diamant-ATR,confirm
0a1caaed-aa59-44b5-a9a3-ea7c0a06dfc4,550285,55234,BCJAVVNVCVMEAK-UHFFFAOYSA-N,O=C(C1=CC(=O)c2ccccc2C1=O)c1cc(O)c(O)cc1Br,Bruker Alpha,373.96442,3997.453,2559,4.0,False,False,Diamant-ATR,confirm
0a39046b-fdee-4bc3-84f6-d962343adc2f,500944,44328,SUGUWRKDYHJWHD-UHFFFAOYSA-N,NC(=O)c1cc2ccc1CCc1ccc(cc1)CC2,Bruker ALPHA,373.96442,3997.453,2559,4.0,False,False,Diamant-ATR,confirm
0a6f61f6-0317-48af-b8c7-b0519141554f,672658,87049,JSFGZCLKZHTGQA-UHFFFAOYSA-N,O=C(c1c(F)c(F)c(F)c(F)c1F)c1c(-c2ccccc2)n(Cc2ccccc2)c2ccccc12,Bruker Alpha-P ATR,373.96442,3997.453,2559,4.0,False,False,Diamant-ATR,dev
0a741ac1-4e51-4b77-87ca-eff8ccf98548,490462,41931,XDVGAMLXRDOWHU-UHFFFAOYSA-N,CC(C)(C)Nc1c(-c2cc3ccc2CCc2ccc(cc2)CC3)nc2cnccn12,,373.96442,3997.453,2559,4.0,False,False,Diamant-ATR,confirm
0ab95ed9-cae7-4ba0-86da-be88fef82469,519421,48650,WQFLLTDMTNWARE-UHFFFAOYSA-N,Cc1ccc(-n2nncc2-c2cc3ccc2CCc2ccc(cc2)CC3)cc1,BRUKER ALPHA,373.96442,3997.453,2559,4.0,False,False,Diamant-ATR,confirm
0aeb1d46-9812-4725-8094-79c979674f2d,499260,43907,HYNQTSZBTIOFKH-UHFFFAOYSA-N,Nc1ccc(O)cc1C(=O)O,Bruker ALPHA,373.96442,3997.453,2559,4.0,False,False,Diamant-ATR,confirm
0b1500f8-0316-4b83-8076-335ad5e9ad8a,606635,72229,UQRMLGFHZQTIQV-UHFFFAOYSA-N,CCCCC1=CCCC=CCC1.[CH3][Pt][CH3],Bruker Alpha,399.67798,3996.7798,1747,4.0,True,True,SG-X4199,dev
0b41aa5a-a97a-40c0-9803-dddf65849596,659815,84324,CSNXIDADBPPXAP-UHFFFAOYSA-N,CCCCC#Cc1ccccc1N,Bruker Alpha-P ATR,373.96442,3997.453,2559,4.0,False,False,Diamant-ATR,confirm
0b428baf-3fb2-4256-ad56-ab4876d82313,557247,56660,AONLLYWWGOIMLR-XUTLUUPISA-N,CC(C)N(/N=N/c1nn(Cc2ccccc2)cc1C#N)C(C)C,BRUKER ALPHA,373.96442,3997.453,2559,4.0,False,False,Diamant-ATR,confirm
0b6db9e7-41ac-4860-8815-26e9d8b8895d,502152,44630,XEJVSRGEPLGPFQ-UHFFFAOYSA-N,B.c1ccc(P(c2ccccc2)c2cc3ccc2CCc2ccc(cc2)CC3)cc1,Bruker ALPHA,399.65625,3996.5625,1765,4.0,True,False,Instrument type and / or accessory,confirm
0b6ee7ed-4dc8-455e-8f3e-9b2b33d495b7,501352,44430,UXTUWOZOHGVFBF-UHFFFAOYSA-N,C#CCOc1ccc2c(c1)c(C(=O)c1ccc(C(F)(F)F)cc1)cn2CCCC,Bruker ALPHA,373.96442,3997.453,2559,4.0,False,False,ATR platinum Diamond 1 Refl,confirm
0b7c4d77-a159-4af0-8edf-612dd78e0283,641087,79893,IBWSCSMJGLEUPW-UHFFFAOYSA-N,COP(=O)(OC)c1ccc2occc2c1,Bruker Alpha ATR,373.96442,3997.453,2559,4.0,False,False,Diamant ATR,confirm
0b84f1db-0d26-48fc-930d-3b524b1a2982,509686,46510,FHJRKGXJBXPBGA-UHFFFAOYSA-N,CNc1ccc(-c2nc3ccccc3s2)cc1,BRUKER ALPHA,373.82813,3997.4121,2560,4.0,False,False,ATR platinum Diamond 1 Refl,confirm
0bb7c49a-2213-4bb8-9c4e-49090f3e6b66,630684,77803,CVUJPKNBJUVYFK-UHFFFAOYSA-N,CC(c1cc2ccc1CCc1ccc(cc1)CC2)N(C)C,Bruker Alpha ATR,373.96442,3997.453,2559,4.0,False,False,Diamant-ATR,confirm
0bc28d95-b5a3-4a0c-b005-d5ebd1fa9e73,677216,88081,CDVMGELSTOUEQI-UHFFFAOYSA-N,O=C(c1c(-c2ccccc2)n(Cc2ccccc2)c2ccccc12)C(F)(F)C(F)(F)C(F)(F)C(F)(F)C(F)(F)C(F)(F)C(F)(F)F,Bruker Alpha-P ATR,373.96442,3997.453,2559,4.0,False,False,Diamant-ATR,confirm
0bcabfff-73f8-4d3f-9176-384dbef108f9,510144,46634,PUHJRVJBTVWPFU-UHFFFAOYSA-N,BrC1=Cc2nc1c(-c1ccccc1)c1ccc([nH]1)c(-c1ccccc1)c1nc(c(-c3ccccc3)c3ccc([nH]3)c2-c2ccccc2)C=C1,ESI-MS Orbitrap,373.96442,3997.453,2559,4.0,False,False,Diamant-ATR,confirm
0bee5fc3-10b9-4282-95ea-53ed49a67e5c,500128,44124,VUVXXSCHOBBUQK-HLYBKJEQSA-N,C=CCO[C@@H]1OC(COCc2ccccc2)[C@@H](OC(C)=O)[C@H](O[C@@H]2OC(/C=N/O)[C@@H](OC(=O)CCC(C)=O)[C@H](OC(C)=O)C2OC(C)=O)C1NC(=O)C(Cl)(Cl)Cl,Bruker ALPHA,373.96442,3997.453,2559,4.0,False,False,ATR platinum Diamond 1 Refl,dev
0bee8d2c-d519-4c05-9aa4-6618b367f796,500228,44149,KJPHPULVMPSLET-UHFFFAOYSA-N,CCCc1cc2ccc1CCc1ccc(cc1)CC2,Bruker ALPHA,373.96442,3997.453,2559,4.0,False,False,Diamant-ATR,confirm
0bf01d15-4c2e-4dd4-ba87-b482a3098fc0,500136,44126,CUVCCIOSRGCLAX-UHFFFAOYSA-N,N#Cc1c(-n2c3ccccc3c3ccccc32)c(-c2nnc(CCl)o2)c(-n2c3ccccc3c3ccccc32)c(-n2c3ccccc3c3ccccc32)c1-n1c2ccccc2c2ccccc21,Bruker ALPHA,373.96442,3997.453,2559,4.0,False,False,Diamant-ATR,confirm
0c097888-8099-4122-a1f0-d2aea368112b,493564,42594,UYGGCCREQSUIKK-WCWDXBQESA-N,COC(=O)c1ccc(-c2ccc(C(=O)OC)cc2/N=N/c2ccc([N+](=O)[O-])cc2)cc1,Bruker Alpha ATR,373.96442,3997.453,2559,,False,False,,dev
0c37d90a-ba1e-4953-ac1a-214f0466f28b,20369,2571,AMUUVYMMGLMBIW-UHFFFAOYSA-N,CC(=O)Nc1cccc(I)c1,Bruker IFS 88,373.96442,3997.453,2559,4.0,False,False,Diamant ATR,dev
0c44663a-c1df-4c1b-8506-8f557fa1e638,491172,42103,PDIYSPWIMSKCME-UHFFFAOYSA-N,Clc1ccc(SC23CC(C45CC(Sc6ccc(Cl)cc6)(C4)C5)(C2)C3)cc1,Bruker Alpha ATR,373.96442,3997.453,2559,4.0,False,False,Diamant-ATR,dev
0c466476-d421-4d7c-a345-6f3ac30ea4f1,501096,44366,RFLLHTVEIIZFBB-UHFFFAOYSA-N,Cc1ccccc1SC12CC(C1)C2,Bruker ALPHA,373.96442,3997.453,2559,4.0,False,False,Diamant-ATR,confirm
0c48dd80-b745-4ed3-87b2-e3eab749e35b,646070,81203,YOUQXGAEFGZAOB-UHFFFAOYSA-L,CN(C)C(=Nc1cccc2c(N(C)C)ccnc12)N(C)C.CN(C)C(=Nc1cccc2c(N(C)C)ccnc12)N(C)C.[Br-].[Br-].[Cu+2],Perkin Elmer BX FT-IR,249.7859,4000.433,3890,,True,True,,confirm
0c658949-d63e-4bfa-aadd-c78201f8eb34,502224,44648,XTGFEBOHSVVMNP-UHFFFAOYSA-N,Cc1nc(-c2cc(Cl)cc(Cl)c2)cc(-c2cc(Cl)cc(Cl)c2)n1,Bruker ALPHA,399.65625,3996.5625,1765,4.0,False,False,Instrument type and / or accessory,confirm
0c898031-ebe6-4ec3-9b4e-5ae7477253d1,530501,50799,XTPSOYVOBMZQAN-UHFFFAOYSA-N,O=Cc1nc2ccccc2nc1OCC(F)(F)C(F)(F)C(F)(F)C(F)(F)C(F)(F)C(F)(F)C(F)(F)C(F)(F)C(F)(F)F,Bruker Alpha ATR,373.96442,3997.453,2559,4.0,False,False,Diamant-ATR,confirm
0c9064af-4d85-4a2b-a668-c5ba7f19205d,505947,45586,HHKYCVGQAFIYKR-UHFFFAOYSA-N,O=S(=Nc1ccccc1Cl)(c1ccccc1)C12CC(C1)C2,Bruker Alpha ATR,373.96442,3997.453,2559,4.0,False,False,Diamant-ATR,confirm
0c955df9-5c0d-428c-9ec6-0a5c3788d9c0,501852,44555,XPDOSPJRJKIBRZ-UHFFFAOYSA-N,COc1ccc(Cl)cc1-c1cccc(-c2cc(Cl)ccc2OC)c1,Bruker ALPHA,373.96442,3997.453,2559,4.0,False,False,ATR platinum Diamond 1 Refl,dev
0ca672f5-b188-456b-9a90-59e3446e96b5,20450,2579,CPARHIBNDSEJGR-UHFFFAOYSA-N,COC(=O)c1cc(Br)ccc1NC(C)=O,Bruker IFS 88,373.96442,3997.453,2559,4.0,False,False,Diamant-ATR,dev
0cb288c5-be7f-4f22-b030-a9fbf835857a,499652,44005,RZLWNEQILFBEAY-UHFFFAOYSA-N,C=CCOCc1cc(OC)cc(OC)c1,Bruker ALPHA,373.96442,3997.453,2559,4.0,False,False,Diamant-ATR,confirm
0cc84378-d845-4b04-ae64-94d9dd6e0894,499472,43960,ZBMLHTDWAFZBDE-UHFFFAOYSA-N,Fc1ccccc1NC(=S)Nc1ccccc1F,Bruker ALPHA,373.96442,3997.453,2559,4.0,False,False,Diamant-ATR,confirm
0cda138b-c58e-4b09-a88e-f49639f06f83,500928,44324,TWAZWFIYXYGQNF-UHFFFAOYSA-N,COC(=O)C(Cc1ccccc1)NC(=O)Cc1cn(Cc2ccc(F)cc2)c2ccccc12,Bruker ALPHA,373.96442,3997.453,2559,4.0,False,False,Diamant-ATR,dev
0cf0d3f4-a114-4f23-874e-ba511cb14009,509059,46363,IOWBMYWBGHBYTC-UHFFFAOYSA-N,COc1ccccc1-c1cccc(-c2cc(N3c4ccccc4Oc4ccccc43)ccc2OC)c1,Bruker Alpha ATR,373.96442,3997.453,2559,4.0,False,False,Diamant-ATR,confirm
0d216f6d-39bc-444b-b169-5cd3adc24509,499524,43973,SNNJOYYRZHOKFM-PRIJSRMQSA-N,C[C@]12CC[C@H](O)C[C@@H]1CC[C@@H]1[C@@H]2CC[C@]2(C)C(C3=CC(=O)OC3)CC[C@@H]12,Bruker ALPHA,373.96442,3997.453,2559,4.0,False,False,Diamant-ATR,confirm
0d245ed8-a1bf-4eb1-abe3-2275c1304357,634548,78570,ZZQVVCXWFPGKJD-UHFFFAOYSA-L,[Br-].[Br-].c1ccc([P+](Cc2ccc(C[P+](c3ccccc3)(c3ccccc3)c3ccccc3)cc2)(c2ccccc2)c2ccccc2)cc1,Bruker Alpha ATR,373.96442,3997.453,2559,4.0,True,False,Diamant-ATR,confirm
0d31acd1-ca15-4666-9f93-8014b836b160,490706,41987,GUZYJTKHMSDMSW-XOJGDPQHSA-N,COC1C[C@H]2[C@@H]3CC[C@H]([C@H](C)[C@H]4C[C@@H]4C(=O)O)[C@@]3(C)CC[C@@H]2[C@@]2(C)CC[C@@H]3C[C@@]132,,373.96442,3997.453,2559,4.0,False,False,Diamant-ATR,confirm
0d3b26c1-3a26-4a87-9a3f-e211714fd3b8,494652,42756,XHEOXSQMBWJOKP-UHFFFAOYSA-N,O=C1OI(C(F)(F)F)c2ccccc21,Bruker Alpha,373.96442,3997.453,2559,,False,False,,dev
0d40d059-2864-4bfe-9f69-0ba643743b5e,605490,71554,TXQZSMLFWOHBGX-UHFFFAOYSA-N,CN(C)c1ccc(-c2cn(-c3cnc4ccccc4n3)nn2)cc1,Bruker Alpha ATR,373.96442,3997.453,2559,4.0,False,False,Diamant-ATR,confirm
0d43f6ef-5a42-420f-b96b-261388bb5c0b,507393,45968,JPDHSBXYSZUVMX-UHFFFAOYSA-N,COc1ccc(S(=N)(=O)C23CC(C2)C3)cc1,Bruker Alpha ATR,373.96442,3997.453,2559,4.0,False,False,Diamant-ATR,confirm
0d4b05bf-100d-4f4e-8d7f-67c144d94308,645781,81103,QCGQHEFTBLBCCJ-JLXBFWJWSA-N,Cc1nc2ccccc2nc1/C=C/c1nc2ccccc2nc1/C=C/c1nc2ccccc2nc1OCCC(F)(F)C(F)(F)C(F)(F)C(F)(F)C(F)(F)C(F)(F)C(F)(F)C(F)(F)F,Bruker Alpha ATR,373.96442,3997.453,2559,4.0,False,False,Diamant-ATR,dev
0d5b878f-c37b-4e33-a311-8d38705f9e16,491396,42153,ZRXLKDCFWJECNO-UHFFFAOYSA-N,[O-][n+]1ccc(Br)cc1,Bruker Alpha ATR,373.96442,3997.453,2559,,False,False,,dev
0d675b04-55ff-4fa3-a88f-0dc1b95f8cd9,519078,48566,SSDAPHKBPYAYKP-UHFFFAOYSA-N,Brc1c2nc(c(-c3ccccc3)c3ccc([nH]3)c(-c3ccccc3)c3nc(c(-c4ccccc4)c4ccc1[nH]4)C=C3)C=C2,IR,373.96442,3997.453,2559,4.0,False,False,ATR platinum Diamond 1 Refl,confirm
0d87c2ea-0c08-4e63-a5f6-8ba9f899e180,676569,87942,ACSFTVPHLODKPF-UHFFFAOYSA-N,CN(C)c1cc2ccc1CCc1ccc(c(Br)c1)CC2,FTIR Bruker IFS 88,373.96442,3997.453,2559,4.0,False,False,Diamant-ATR,confirm
0d98bcaa-a7c1-494c-ae46-e8504ea68bbc,603331,71542,SJCZTVUAGLTCCV-UHFFFAOYSA-N,COc1ccc(-c2cn(-c3cnc4ccccc4n3)nn2)cc1,Bruker Alpha-P ATR,373.96442,3997.453,2559,4.0,False,False,Diamant-ATR,confirm
0dd9c919-f653-4398-ba8c-f94362485ba4,528408,50386,JKLKZLIJVURMGA-UHFFFAOYSA-N,OC(c1nc2ccccc2nc1-c1ccccc1)C(O)c1nc2ccccc2nc1-c1ccccc1,Bruker Alpha ATR,373.96442,3997.453,2559,4.0,False,False,Diamant-ATR,confirm
0dffdc2d-6fd8-4fba-bc94-3d7c2b89a03f,499868,44059,YBHHZZZVXQUMBB-WCWDXBQESA-N,CC(C)N(/N=N/c1cccc(F)c1CNC(=O)c1ccccc1)C(C)C,Bruker ALPHA,373.96442,3997.453,2559,4.0,False,False,Diamant-ATR,confirm
0e0bb074-2232-404e-8104-398e2b1d6fe9,500628,44249,IENPDCZNJLBSTM-QZKJAXSKSA-N,CC[Si](CC)(CC)OCC1OC(O[Si](CC)(CC)CC)C(/N=C/c2ccc(OC)cc2)[C@@H](O[Si](CC)(CC)CC)[C@@H]1O[Si](CC)(CC)CC,Bruker ALPHA,373.96442,3997.453,2559,4.0,False,False,ATR platinum Diamond 1 Refl,confirm
0e2d471f-a17f-4291-b8c3-b7672b4ea09b,639166,79546,HXVOLPKNEJWEJM-UHFFFAOYSA-N,COC(=O)c1ccc2cccc(N)c2n1,SHIMADZU IRTRACER-100,249.7859,4000.433,3890,,False,False,,dev
0e894264-ea84-4b72-be18-aedd2b2b48d8,536646,52194,UYKMRQXETKCUPT-UHFFFAOYSA-N,CCOC(=O)c1ccc(-c2c3nc(c(-c4ccc(C#N)cc4)c4ccc([nH]4)c(-c4ccc(C(=O)OCC)cc4)c4nc(c(-c5ccc(C#N)cc5)c5ccc2[nH]5)C=C4)C=C3)cc1,Bruker ALPHA-T,373.82813,3997.4121,2560,4.0,False,False,Diamant-ATR,confirm
0e8d3908-271f-4ff1-a723-461ce27777f1,678163,88301,UXFIQMGHYMOMFW-UHFFFAOYSA-N,O=C(c1c(-c2ccccc2)n(Cc2ccc(C(F)(F)F)cc2)c2ccccc12)C(F)(F)C(F)(F)C(F)(F)C(F)(F)C(F)(F)C(F)(F)C(F)(F)F,Bruker Alpha-P ATR,373.96442,3997.453,2559,4.0,False,False,Diamant-ATR,confirm
0e9e821f-4057-44e2-8a65-c8039264dddc,630842,77833,HZQOUMBELHPHLV-UHFFFAOYSA-N,CCCCc1cn(-c2nc3ccccc3nc2OCCC(F)(F)C(F)(F)C(F)(F)C(F)(F)C(F)(F)C(F)(F)C(F)(F)C(F)(F)F)nn1,Bruker Alpha ATR,373.96442,3997.453,2559,4.0,False,False,Diamant-ATR,confirm
0ec4a53d-ce70-42ba-8296-ff19c2d9a11e,602657,71392,SGMNZUYLCBPNEE-ISLYRVAYSA-N,CC(C)Cn1ncc(CN)c1/N=N/N(C(C)C)C(C)C,Bruker ALPHA,373.96442,3997.453,2559,4.0,False,False,Diamant-ATR,confirm
0ecfd3b6-c2c2-4366-b578-36151b9289b6,608943,72686,AZIGGTBMCCWNPW-UHFFFAOYSA-N,Cc1nc2ccccc2nc1C=O,Bruker Alpha ATR,373.96442,3997.453,2559,4.0,False,False,Diamant-ATR,confirm
0ed3c6b2-8dc7-40f7-aa3c-8ce6e4b9a1c0,499084,43863,CBMYFVSIIYILRH-UHFFFAOYSA-N,c1cc(-c2nc(-c3ccncc3)nc(-c3ccncc3)n2)ccn1,Bruker ALPHA,399.65625,3996.5625,1765,4.0,False,False,Instrument type and / or accessory,dev
0f3f52a6-cc92-4411-b9da-65e011abdd47,500156,44131,CIOTUFXZDSKBMW-UHFFFAOYSA-N,CCCCCCCCCCCc1nnc(-c2c(-n3c4ccccc4c4ccccc43)c(C#N)c(-n3c4ccccc4c4ccccc43)c(-n3c4ccccc4c4ccccc43)c2-n2c3ccccc3c3ccccc32)o1,Bruker ALPHA,373.96442,3997.453,2559,4.0,False,False,Diamant-ATR,confirm
0f47a74e-adb0-416d-8d00-234f6bcfa0fe,511709,47043,CCIAYANZDWKSEV-JTMXJKBNSA-N,C1=C/C2=C(\c3ccccc3)c3cc(-c4ccccc4/C4=c5\cc/c6[n]5[Zn][n]5c(ccc5/C(c5ccccc5)=C5/C=CC4=N5)/C(c4ccccc4)=C4/C=CC(=N4)\C=6c4ccccc4)c4[n]3[Zn][n]3/c(cc/c3=C(\c3ccccc3)C3=N/C(=C\4c4ccccc4)C=C3)=C(/c3ccccc3)C1=N2,IR,373.96442,3997.453,2559,4.0,False,True,Diamant-ATR,dev
0f893d9d-bb0f-40d4-8670-8c8b7d438b39,499628,43999,RGUZXZCJUWOYAX-CBQIQWOPSA-N,COC(=O)[C@@H]1C[C@H](C(=O)O[C@@H]2C[C@H](C)CC[C@H]2C(C)C)[C@H](c2ccc(F)cc2)N1,Bruker ALPHA,373.96442,3997.453,2559,4.0,False,False,Diamant-ATR,dev
0fd4d2e0-5ab8-4427-b8a2-97789e70ca4e,499532,43975,VJULIXKPYBIXJW-XGIAQDQTSA-N,C[C@]12CC[C@H](O)C[C@@H]1CC[C@@H]1[C@@H]2CC[C@]2(C)C(c3ccc4ccncc4c3)=CC[C@@H]12,Bruker ALPHA,373.96442,3997.453,2559,4.0,False,False,Diamant-ATR,dev
0fd78996-9a26-4daf-a65d-0cb4641104da,501832,44550,PVLJGYBZAHVEMG-WJDZKVPESA-N,CC(C)c1ccc2c(c1)[C@@]1(C)CCC[C@](C)(CNCC(=O)N(CC(N)=O)[C@@H](C)C3CCCCC3)[C@@H]1CC2,Bruker ALPHA,373.96442,3997.453,2559,4.0,False,False,ATR platinum Diamond 1 Refl,confirm
100b6bd5-dda3-429e-94f8-1cdd800b9006,20496,2582,VLGVYPIEJBSDAS-UHFFFAOYSA-N,CC(=O)Nc1cccc(-n2ccc(C)n2)c1,Bruker IFS 88,373.96442,3997.453,2559,4.0,False,False,Diamant-ATR,confirm
1020603f-f76f-45dd-8509-2ab124272862,499980,44087,DZCTYFCCOGXULA-UHFFFAOYSA-N,O=c1oc2ccccc2cc1Br,Bruker ALPHA,373.96442,3997.453,2559,4.0,False,False,Diamant-ATR,dev
103c6080-edb3-494b-be8e-a3ec134524c6,500724,44273,XFYFPXGIDZVDAS-ABPCHDQISA-N,CC(=O)OCC1O[C@@H](N=[N+]=[N-])C(OC(C)=O)[C@@H](OC(C)=O)[C@H]1C,Bruker ALPHA,373.96442,3997.453,2559,4.0,False,False,Diamant-ATR,confirm
105bda4f-fd56-40b8-ade5-aeceb667f71a,501368,44434,JXECHVFHNDZNSM-UHFFFAOYSA-N,CC(C)(C)C(=O)Nc1nn(Cc2ccccc2)c2ccccc12,Bruker ALPHA,373.96442,3997.453,2559,4.0,False,False,ATR platinum Diamond 1 Refl,confirm
1071c3c9-3e75-40aa-9d31-60c08b4a198e,502424,44698,XYOXUKTYXHOKRA-UHFFFAOYSA-N,CCCOc1cc(OC)c2cc(Cc3ccc(F)cc3)c(=O)oc2c1,Bruker ALPHA,373.96442,3997.453,2559,4.0,False,False,ATR platinum Diamond 1 Refl,dev
10e045d4-1fcb-424a-8df1-3bae385a7022,502228,44649,MELFQEILRLHIJL-UHFFFAOYSA-N,Nc1c(Br)cc(Br)nc1Cl,Bruker ALPHA,399.65625,3996.5625,1765,4.0,False,False,Instrument type and / or accessory,confirm
10fbdaef-7a82-4a75-a06a-61c6d1494994,639244,79567,FNFSJYCLRPGNJN-UHFFFAOYSA-N,Cc1ccc2cccc(N=C(N(C)C)N(C)C)c2n1.Cc1ccc2cccc(N=C(N(C)C)N(C)C)c2n1.F[B-](F)(F)F.F[B-](F)(F)F.[Cu+2],SHIMADZU IRTRACER-100,400.2361,4000.433,3734,,True,True,,confirm
111e9834-4dd2-4f8d-b2f6-e4f031068b38,501632,44500,RKCAIXNGYQCCAL-UHFFFAOYSA-N,C1=Cc2cc3ccc(cc4nc(cc5ccc(cc1n2)[nH]5)C=C4)[nH]3,Bruker ALPHA,373.96442,3997.453,2559,4.0,False,False,ATR platinum Diamond 1 Refl,confirm
11242ded-0b10-4982-b81f-0d8eefca58fe,636651,78978,UDQXKIJWNFBTCY-HSBKYFPUSA-N,CCCCCCCCOc1nc2ccccc2nc1/C=C/c1nc2cc(-c3ccccc3)c(-c3ccccc3)cc2nc1/C=C/c1nc2cc(-c3ccc(F)cc3)c(-c3ccc(F)cc3)cc2nc1C,Bruker Alpha ATR,373.96442,3997.453,2559,4.0,False,False,Diamant-ATR,dev
118b94da-a402-42e1-808d-3a3991cd71a1,501608,44494,LBLQEGBXQYLSEP-UHFFFAOYSA-N,N#Cc1c(Cl)c(C#N)c(Cl)c(C#N)c1Cl,Bruker ALPHA,373.96442,3997.453,2559,4.0,False,False,ATR platinum Diamond 1 Refl,confirm
11905e6a-dbb8-4396-9378-a18b711c8fde,641173,79908,MCZBOCRWDQOCCV-UHFFFAOYSA-N,COP(=O)(OC)c1ccc(C(F)(F)F)cc1,Bruker Alpha ATR,373.96442,3997.453,2559,4.0,False,False,Diamant-ATR,confirm
11ce3a46-449e-4b5c-ba3c-0d738e9e5107,504080,45116,USGAESJTVOSHEV-UHFFFAOYSA-N,N#Cc1ccc(-c2cc3ccc2CCc2ccc(cc2)CC3)cc1,Bruker IFS88,373.96442,3997.453,2559,4.0,False,False,Diamant-ATR,confirm
11d6f709-3c10-422d-805c-bd19a6f0ec12,513661,47421,KMWDVZIQOFYBIA-UHFFFAOYSA-N,Cc1ccc2nc(-c3ccc(C(C)(C)C)cc3)sc2c1,BRUKER ALPHA,373.82813,3997.4121,2560,4.0,False,False,Diamant-ATR,confirm
11e4c4b1-722f-42d0-ab79-86f1cd25bebf,499124,43873,UFKRTEWFEYWIHD-UHFFFAOYSA-N,CC(=O)Nc1ccc(C#N)cc1,Bruker ALPHA,373.96442,3997.453,2559,4.0,False,False,Diamant-ATR,confirm
121edc85-a32f-4159-876b-16f70117dce8,604125,71497,FDGHOWIPSINAHA-UHFFFAOYSA-N,C#CCN(CC#C)Cc1cn(-c2cnc3ccccc3n2)nn1,Bruker Alpha-P ATR,373.96442,3997.453,2559,4.0,False,False,Diamant-ATR,dev
123d5b23-a0f0-492c-8642-95efcf0c9cb8,499252,43905,WIHOFDNDQWGFHO-UHFFFAOYSA-N,O=c1ccn(COCc2ccccc2)c(=O)n1COCc1ccccc1,Bruker ALPHA,373.96442,3997.453,2559,4.0,False,False,Diamant-ATR,confirm
124a7bbf-241d-4398-8961-c021321d73b5,499720,44022,NDOSNRLQNYYVKV-UHFFFAOYSA-N,CC(=O)c1ccn(S(=O)(=O)c2ccc(C)cc2)c1,Bruker ALPHA,373.96442,3997.453,2559,4.0,False,False,Diamant-ATR,confirm
1254b36e-8c65-40ea-913f-713f65b3cd64,531018,50913,HDMBZXQPNMCUAS-UHFFFAOYSA-N,COc1ccc(Br)c(C(=O)C2=CC(=O)c3ccccc3C2=O)c1,BRUKER Alpha P,373.96442,3997.453,2559,4.0,False,False,Diamant-ATR,confirm
127d3dc7-d3b4-4ee6-8262-e58d092d1642,509996,46582,AWYKSNJSUDJLBZ-UHFFFAOYSA-N,COc1ccc(-c2nc3ccc(C)cc3s2)cc1,BRUKER ALPHA,373.82813,3997.4121,2560,4.0,False,False,ATR platinum Diamond 1 Refl,confirm
128736b8-7f30-44f0-bab5-ef2fdf4c6113,513687,47428,JIWVTDBBMGSTFI-UHFFFAOYSA-N,Oc1cccc(-c2nc3ccccc3s2)c1,Bruker Alpha-P ATR,373.96442,3997.453,2559,4.0,False,False,Diamant-ATR,confirm
128ce21c-370d-4270-b917-299c2440a514,501172,44385,IDEIYRXGOGIWFU-UHFFFAOYSA-N,CCCCCOc1cc(O)c(C=O)c(OC)c1,Bruker ALPHA,373.96442,3997.453,2559,4.0,False,False,ATR platinum Diamond 1 Refl,dev
12b1d2c3-dac9-48cc-a1e2-ed11a38eb590,501048,44354,OMUFJMMSJBNMQW-UHFFFAOYSA-N,O=C(O)c1cccc(SC23CC(C2)C3)c1,Bruker ALPHA,373.96442,3997.453,2559,4.0,False,False,Diamant-ATR,dev
12d326d6-6ada-4e7d-a69e-a05ac25dac23,661377,84705,LSJVJAOCLWCAPE-UHFFFAOYSA-N,[N-]=[N+]=Nc1c(C(=O)O)c(N=[N+]=[N-])c(C(=O)O)c(N=[N+]=[N-])c1C(=O)O,Bruker Alpha ATR,373.96442,3997.453,2559,4.0,False,False,Diamant-ATR,confirm
12d58642-9965-4a72-8d31-0a9e275b661d,510323,46682,DBGFKOUBAPGGJQ-UHFFFAOYSA-N,O=P(c1ccccc1)(c1ccccc1)c1cc2ccc1CCc1ccc(c(-c3ccc(-c4ccccn4)cc3)c1)CC2,Bruker IFS88,373.96442,3997.453,2559,4.0,False,False,Diamant-ATR,confirm
12e42e42-77ff-4bc8-b086-f1912272b3c9,549508,55032,GDEMPLUYTWNHBE-UHFFFAOYSA-N,COc1ccc(-c2cc3c(Nc4ccccc4)cc2CCc2ccc(cc2)CC3)cc1,"Bruker, Alpha ATR",373.96442,3997.453,2559,4.0,False,False,Diamant-ATR,confirm
130b59a7-c55a-4f4f-a52a-1c98e243a140,594280,68594,JDNBAWBPMPRJFN-XCYRUZEPSA-N,C1=C/C2=C(\c3ccccc3)c3ccc4[n]3[Zn][n]3/c(cc/c3=C(\c3ccccc3)C3=N/C(=C\4c4ccccc4/C4=c5\cc/c6[n]5[Zn][n]5c(ccc5/C(c5ccccc5/C5=c7\cc/c8[n]7[Zn][n]7c(ccc7/C(c7ccccc7)=C7/C=CC5=N7)/C(c5ccccc5)=C5/C=CC(=N5)\C=8c5ccccc5)=C5/C=CC(=N5)\C=6c5ccccc5)/C(c5ccccc5)=C5/C=CC4=N5)C=C3)=C(/c3ccccc3)C1=N2,FT-IR Bruker IFS 88,373.96442,3997.453,2559,4.0,False,True,Diamant-ATR,dev
131a7777-08c6-4dd6-a60a-be1eef4e4ae1,490226,41880,YCCNPEPCSVMSFE-UHFFFAOYSA-N,CCCn1cc(C(=O)Cc2ccccc2)c2ccccc21,Bruker Alpha,373.96442,3997.453,2559,4.0,False,False,Diamant-ATR,confirm
132b6530-786c-4f24-bb6d-f49fc35cd5c1,509162,46387,FACYDDWLSGTKQN-UHFFFAOYSA-N,c1ccc2c(c1)OB1Oc3ccccc3-c3cc(N4c5ccccc5Oc5ccccc54)cc-2c31,Bruker Alpha ATR,373.96442,3997.453,2559,4.0,False,False,Diamant-ATR,confirm
133ad052-36f0-4e53-a849-75dd14a47f32,621734,76027,SJXHLZCPDZPBPW-UHFFFAOYSA-N,C#Cc1ccc(C(=O)O)cc1,Bruker Alpha ATR,373.96442,3997.453,2559,4.0,False,False,Diamant-ATR,confirm
138533b2-6f7f-40ef-9683-986331f8168c,502092,44615,RABCKYWEVBIDRL-UHFFFAOYSA-N,CC1=C(c2ccccc2)C2(OC1=O)SCCS2,Bruker ALPHA,399.65625,3996.5625,1765,4.0,False,False,Instrument type and / or accessory,confirm
139bae77-503a-49fc-a63f-fb4185a6b8a7,537255,52353,QJWLPWBBLOYIBK-UHFFFAOYSA-N,CCOC(=O)c1ccc(-c2c3nc(c(C#Cc4cc5ccccc5c5ccccc45)c4ccc([nH]4)c(-c4ccc(C(=O)OCC)cc4)c4nc(c(C#Cc5cc6ccccc6c6ccccc56)c5ccc2[nH]5)C=C4)C=C3)cc1,Bruker ALPHA-T,373.96442,3997.453,2559,,False,False,,dev
13aa6245-283a-49e1-b8ea-f69f5fb7aa69,574049,61789,BAIBHOHKSYVVCM-UHFFFAOYSA-N,O=Cc1cc2ccc1CCc1ccc(cc1)CC2,IR,373.96442,3997.453,2559,4.0,False,False,Diamant-ATR,confirm
13b12999-ebc9-4330-933d-799ce1b6c5d1,656816,83258,SVZAUCYKJSRIBY-UHFFFAOYSA-N,COC(=C1C2CC3CC(C2)CC1C3)c1cccc(O[Si](C)(C)C(C)(C)C)c1,xy,399.6813,4000.188,7469,,False,False,,dev
14054287-8a14-482b-94e8-87386994bf4f,501264,44408,RSUCRUOTLCQWFX-UHFFFAOYSA-N,Cc1ccc(S(=O)(=O)OCCOCCOCCO)cc1,Bruker ALPHA,373.96442,3997.453,2559,4.0,False,False,ATR platinum Diamond 1 Refl,confirm
14356c34-19f4-4a8a-ade0-5373f4fe9fe0,20426,2577,NYVWCINEVLYKFY-UHFFFAOYSA-N,CC(=O)Nc1ccc(-n2cccn2)cc1,Bruker IFS 88,373.96442,3997.453,2559,4.0,False,False,Diamant-ATR,dev
144f09fc-eee1-4d93-a57f-9af5090e5888,558182,56907,PGERMRZARQFUFX-UHFFFAOYSA-N,CC(=O)N1Cc2cn(Cc3ccccc3)nc2N=N1,Bruker ALPHA,373.96442,3997.453,2559,4.0,False,False,Diamant-ATR,confirm
1456e395-ff39-4f21-be8c-1e0bdc73df99,637907,79239,ZSRLRAFSJNJUJN-UHFFFAOYSA-N,CCCCC#Cc1ccccc1NC(=O)C(F)(F)C(F)(F)C(F)(F)C(F)(F)C(F)(F)C(F)(F)C(F)(F)F,Bruker Alpha-P ATR,373.96442,3997.453,2559,4.0,False,False,Diamant-ATR,dev
146473ca-1e50-4190-ac6e-79654bc08321,501796,44541,DENARIJVSXWQSI-UHFFFAOYSA-N,O=C1CCC(C(=C2SCCS2)C2CCC(=O)C2)C1,Bruker ALPHA,373.96442,3997.453,2559,4.0,False,False,ATR platinum Diamond 1 Refl,confirm
146ee3a8-5d67-46f7-875d-2adedb7560dd,500784,44288,OWCZHNKDGZIHSU-UHFFFAOYSA-N,Cc1ccc(SC23CC(C2)C3)cc1,Bruker ALPHA,373.96442,3997.453,2559,4.0,False,False,Diamant-ATR,confirm
14a7d4cb-355d-4224-8387-fafc5d6f68d2,660144,83197,KAJYJUIYDCJSSI-UHFFFAOYSA-N,COC(c1cccc(O[Si](C)(C)C(C)(C)C)c1)P(=O)(OC)OC,Perkin Elmer FTIR,399.6747,4000.123,7469,,False,False,,confirm
14b3db9f-a4ba-4e2a-82d9-c725acd5020d,501684,44513,BSGZZGCGBZDWLI-UHFFFAOYSA-N,CCCCCCCCCCCNCC(=O)N(CCCCC)CC(N)=O,Bruker ALPHA,373.96442,3997.453,2559,4.0,False,False,ATR platinum Diamond 1 Refl,confirm
14ba3329-0d0d-4874-97a7-695b75fe0d5f,500536,44226,JZDSTRMMQZSYFF-UHFFFAOYSA-N,Cc1cc(-c2ccc(C(=O)O)cc2)c(C)cc1-c1ccc(C(=O)O)cc1,Bruker ALPHA,373.96442,3997.453,2559,4.0,False,False,ATR platinum Diamond 1 Refl,confirm
14bceb75-35ad-4815-8095-197f66dddba8,537205,52341,WDLIHINPCOOLNN-UHFFFAOYSA-N,CCOC(=O)c1ccc(-c2c3nc(c(-c4ccc(-n5c6ccccc6c6ccccc65)cc4)c4ccc([nH]4)c(-c4ccc(C(=O)OCC)cc4)c4nc(c(-c5ccc(-n6c7ccccc7c7ccccc76)cc5)c5ccc2[nH]5)C=C4)C=C3)cc1,Bruker ALPHA-T,373.96442,3997.453,2559,4.0,False,False,Diamant-ATR,confirm
14d71676-125a-40c2-9884-d5824adf3276,500688,44264,XBRYBWUOBHRYOC-UHFFFAOYSA-N,CCCCCn1nc(NC(C)=O)c2ccccc21,Bruker ALPHA,399.65625,3996.5625,1765,4.0,False,False,Instrument type and / or accessory,confirm
14e62b4e-f32e-42c2-af91-a36ee1a624dc,501584,44488,FARAZPVIFYGKMX-UHFFFAOYSA-N,CCCCCn1cc(C(=O)c2ccc(C(F)(F)F)cc2)c2ccccc21,Bruker ALPHA,373.96442,3997.453,2559,4.0,False,False,ATR platinum Diamond 1 Refl,confirm
151fcc4f-e7f8-4101-9b4f-49ef42d8c186,499332,43925,HCBWJUGTQUNMOW-BYYHNAKLSA-N,CC(C)(C)C(=O)Nc1ccc(/N=N/N(Cc2ccccc2)Cc2ccccc2)cc1,Bruker ALPHA,373.96442,3997.453,2559,4.0,False,False,Diamant-ATR,confirm
1520f2fd-31f9-4cf4-af33-a0b1fcec9aa3,505169,45395,GMFHWPBZPSAKPQ-UHFFFAOYSA-N,COc1ccc(S(=O)(=O)C23CC(C2)C3)cc1,IR,373.96442,3997.453,2559,,False,False,,confirm
15bf39a1-61bf-4a74-b4af-645757e2da68,490653,41975,GHXRODNNSAZUSG-UHFFFAOYSA-N,c1ccc(SC23CC(Sc4ccccc4)(C2)C3)cc1,,373.96442,3997.453,2559,,False,False,,confirm
15bf74ea-7e1f-4b4c-b76c-499687add978,649641,82107,CSNXIDADBPPXAP-UHFFFAOYSA-N,CCCCC#Cc1ccccc1N,Bruker Alpha-P ATR,373.96442,3997.453,2559,4.0,False,False,Diamant-ATR,confirm
15cadc47-8dd4-4d56-99d0-7ec011f2ee23,499384,43938,DHGKMTQZGHDRAZ-UHFFFAOYSA-N,OCC#CC#Cc1ccc(Br)cc1,Bruker ALPHA,373.96442,3997.453,2559,4.0,False,False,Diamant-ATR,confirm
160c88de-02a7-448d-afd8-a18522347c98,648116,81720,AJUPULBPXRSZPK-UHFFFAOYSA-N,CC(=O)CC(C(=C1SCCS1)c1ccccc1)C(C)C,Bruker Alpha,373.96442,3997.453,2559,4.0,False,False,Diamant-ATR,confirm
16181099-1b1c-443c-9811-ffa551b28c6c,531308,50985,WMQIFFUHJFOQPZ-UHFFFAOYSA-N,CC(ON1C(C)(C)CCCC1(C)C)c1ccc(C(C)ON2C(C)(C)CCCC2(C)C)cc1,Bruker Alpha ATR,373.82813,3997.4121,2560,4.0,False,False,Diamant ATR,confirm
166a4cdf-97b2-4bec-8a9a-6616634bd62b,513400,47359,OSGHZSLNADZFOD-HSZRJFAPSA-N,O[C@H](c1ccccc1)c1cc2ccc1CCc1ccc(cc1)CC2,"Bruker, model IFS 88",373.96442,3997.453,2559,4.0,False,False,Diamant-ATR,confirm
16ae21aa-8725-4ea1-8464-be36bf358344,499316,43921,TVLALPLXLPFGEN-UHFFFAOYSA-N,COc1c(C)c(C)c(O)c(C=O)c1C,Bruker ALPHA,373.96442,3997.453,2559,4.0,False,False,Diamant-ATR,confirm
16b06e4a-6dd9-4a42-814c-7cb05f1daa9f,499500,43967,SKZIFQNDQDJUAX-UHFFFAOYSA-N,Cc1cccc(C#Cc2cccc(C#Cc3cccc(C)n3)c2)n1,Bruker ALPHA,373.96442,3997.453,2559,4.0,False,False,Diamant-ATR,confirm
16dfa936-e587-423b-90a8-9eb4eed49ca0,490953,42055,DPJVRASYWYOFSJ-UHFFFAOYSA-N,[O-][n+]1ccc(Cl)cc1,Bruker Alpha ATR,373.96442,3997.453,2559,4.0,False,False,Diamant-ATR,confirm
17273e84-06c8-4d5f-9642-271b4adedbb7,553715,55694,RDBWYSWPXDSHOE-UHFFFAOYSA-N,COC(=O)c1ccc(B2OC(C)(C)C(C)(C)O2)c(C)c1,Bruker Alpha ATR,373.96442,3997.453,2559,4.0,False,False,Diamant-ATR,confirm
1731bb13-79c1-4c2c-9b12-e77a2e3da903,529892,48627,TZKVYDXSGFMXDH-UHFFFAOYSA-N,Cc1ccc(S(=O)(=O)Nc2ccccc2I)cc1,Bruker Alpha-P ATR,373.96442,3997.453,2559,4.0,False,False,Diamant-ATR,confirm
17b005b5-7a92-4076-8e21-083ef12c888c,505877,45567,CDAKGQIKEQOXFO-UHFFFAOYSA-N,N=S(=O)(c1ccccc1)C12CC(S(=N)(=O)c3ccccc3)(C1)C2,Bruker Alpha ATR,373.96442,3997.453,2559,4.0,False,False,Diamant-ATR,confirm
17b28f7c-8132-4512-a99d-778f04419b3d,3258,1002,GWBBMJJUBFQNHW-FMQUCBEESA-N,IC(/N=N/c1ccc(Oc2ccccc2)cc1)=C1SCCCS1,,373.82813,3997.4121,2560,4.0,False,False,ATR platinum Diamond 1 Refl,confirm
17ba9c05-5cc4-43be-91ee-af2187284a3f,501932,44575,USWFAZXMEKKPKF-UHFFFAOYSA-N,CN1c2ccc(C#Cc3cccs3)cc2C(=O)CC1CCC#N,Bruker ALPHA,399.65625,3996.5625,1765,4.0,False,False,Instrument type and / or accessory,dev
17f40342-44b6-4b80-92d9-b8a65fe752a1,501108,44369,WEQOBXHUKDTNQY-UHFFFAOYSA-N,CCOc1cc(O)c(C=O)c(OC)c1,Bruker ALPHA,373.96442,3997.453,2559,4.0,False,False,Diamant-ATR,confirm
1800662e-810d-4031-ac3d-ec577c7c2f98,501372,44435,IBSPCUGOPYNYGO-UHFFFAOYSA-N,C=CCCn1nc(NC(=O)C(C)(C)C)c2ccccc21,Bruker ALPHA,373.96442,3997.453,2559,4.0,False,False,ATR platinum Diamond 1 Refl,confirm
180c69c2-feb1-4890-b95b-34d227e320af,503350,44956,ZHQGFWQUTNIASE-GFJHVHINSA-M,CCOC(=O)c1ccc(/C2=C3\C=CC(=N3)/C(c3cc(OC)c(OC)c(OC)c3)=c3/cc/c4[n]3[Zn][n]3c(ccc32)/C(c2cc(OC)c(OC)c(OC)c2)=C2/C=CC(=N2)\C=4c2ccc(C(=O)OCC)cc2)cc1,Bruker ALPHA-T,373.96442,3997.453,2559,4.0,False,True,Diamant ATR,dev
180e2b95-2ebc-4c61-bded-8ff900ac5161,500808,44294,FAJHZCOSJUFEIL-UHFFFAOYSA-N,CC(C)(C)c1ccc(SC23CC(C2)C3)cc1,Bruker ALPHA,373.96442,3997.453,2559,4.0,False,False,Diamant-ATR,confirm
180e338b-c484-4013-8d6e-3d76363fc993,656820,83281,RVRTXMFVLYHVQX-UHFFFAOYSA-N,COC1(c2cccc(O)c2)OOC12C1CC3CC(C1)CC2C3,THERMO SCIENTIFIC-TM Nicolet-TM iSTM50 spectrometer,399.6813,4000.188,7469,,False,False,,confirm
18580ddd-fe93-4f77-a317-4882b64c724d,501940,44577,VUDIYTXBLAJOLQ-UHFFFAOYSA-N,COc1ccc(C#Cc2ccc3c(c2)C(=O)CC(CCC#N)N3C)cc1,Bruker ALPHA,399.65625,3996.5625,1765,4.0,False,False,Instrument type and / or accessory,confirm
185fa3de-3bf7-4798-94b6-867ffa3bda62,553515,55678,GPMRCRXJSWELFY-OWOJBTEDSA-N,[N-]=[N+]=Nc1cc(C(=O)O)ccc1/C=C/c1ccc(C(=O)O)cc1N=[N+]=[N-],Bruker Alpha ATR,373.96442,3997.453,2559,4.0,False,False,Diamant-ATR,confirm
18af263a-018a-4cd0-b8e5-d0077891e348,20582,2591,VIZCGGJGPNRJFW-UHFFFAOYSA-N,O=C(Nc1ccc(I)cc1)C(Cl)(Cl)Cl,Bruker IFS 88,373.96442,3997.453,2559,4.0,False,False,Diamant-ATR,confirm
1927621b-b9e4-4c01-907b-141db2538cbd,537309,52366,ACAWWMOQOYSROM-UHFFFAOYSA-N,CCOC(=O)c1ccc(-c2c3nc(c(C#Cc4ccc(C(=O)OC)cc4)c4ccc([nH]4)c(-c4ccc(C(=O)OCC)cc4)c4nc(c(C#Cc5ccc(C(=O)OC)cc5)c5ccc2[nH]5)C=C4)C=C3)cc1,Bruker ALPHA-T,373.96442,3997.453,2559,4.0,False,False,Diamant-ATR,confirm
19299828-c6b0-44ed-985d-2caae94f6546,632531,78153,YAXVIURCVHCTST-UHFFFAOYSA-N,COc1ccc(C#Cc2ccccc2N)cc1,Bruker Alpha-P ATR,373.96442,3997.453,2559,4.0,False,False,Diamant-ATR,confirm
19328c6e-51c7-4211-a6b4-de916f5ed5bb,502144,44628,UUMJKZVRNPVQAM-UHFFFAOYSA-N,Cc1c(I)c(C)c(I)c(C)c1I,Bruker ALPHA,399.65625,3996.5625,1765,4.0,False,False,Instrument type and / or accessory,confirm
198ad67b-0662-4a36-aa81-d18714251654,501956,44581,BRHLIMRQUNPNPA-ROJLCIKYSA-N,O=C(N[C@H](CO)c1ccccc1)c1cc2ccc1CCc1ccc(c(C(=O)N[C@H](CO)c3ccccc3)c1)CC2,Bruker ALPHA,399.65625,3996.5625,1765,4.0,False,False,Instrument type and / or accessory,confirm
19abbbb8-26f3-4739-92d6-6ea1a9b0a3e2,495269,42904,HTDJDZOPDBAGQF-UHFFFAOYSA-M,C[n+]1ccc(-c2cc3ccc2CCc2ccc(cc2)CC3)cc1.[I-],,373.96442,3997.453,2559,,True,False,,dev
19bcec35-a8bb-4757-8ac7-d97bb844bc45,630831,77831,ICMDLGQTBHAPKS-UHFFFAOYSA-N,CCCCc1cnc2c(OCCC(F)(F)C(F)(F)C(F)(F)C(F)(F)C(F)(F)C(F)(F)C(F)(F)C(F)(F)F)nc3ccccc3n12,Bruker Alpha ATR,373.96442,3997.453,2559,,False,False,,dev
19c8a14e-86ee-445d-92ee-2de6c3e6c04c,513716,47434,BDDDOHZVJAPZQC-UHFFFAOYSA-N,O=P(c1ccccc1)(c1ccccc1)c1cc2ccc1CCc1ccc(cc1)CC2,"Bruker, Alpha ATR",373.96442,3997.453,2559,4.0,False,False,Diamant-ATR,dev
19d2e2fc-dc03-41f9-a7ce-edb8dacc1ee1,646052,81197,DTZYBLUJGXJSFZ-UHFFFAOYSA-L,CN1CCN(C)C1=Nc1cccc2c(N(C)C)ccnc12.CN1CCN(C)C1=Nc1cccc2c(N(C)C)ccnc12.[Br-].[Br-].[Cu+2],Perkin Elmer BX FT-IR,249.7859,4000.433,3890,,True,True,,dev
19e62441-d044-451d-b77a-14da7adf786c,500780,44287,YGNIQQVBMOUSBJ-UHFFFAOYSA-N,Cc1cc(N(c2ccccc2)c2ccccc2)ccc1Br,Bruker ALPHA,373.96442,3997.453,2559,4.0,False,False,Diamant-ATR,confirm
19fc361a-cbbc-4f20-aac2-e7574742b96d,533857,51558,PCLYIKBMKKHYMD-UHFFFAOYSA-N,COC(=O)c1ccc(C(=O)C(=O)c2ccc(C(=O)OC)cc2)cc1,Bruker Alpha ATR,373.96442,3997.453,2559,4.0,False,False,Diamant-ATR,confirm
1a106633-d394-4443-aef1-efe92736b5a5,593293,68333,KEQOQOHNHBUGFW-UHFFFAOYSA-N,Cc1ccc(Cn2cc3c(n2)N=NN(C(=O)CC(C)C)C3)cc1,Bruker ALPHA,373.96442,3997.453,2559,4.0,False,False,Diamant-ATR,dev
1a23a4f6-5124-4d98-b6ac-2c5337863055,499320,43922,CRZQNPDIVTZSQK-UHFFFAOYSA-N,CCCCC1(c2cc(O)c(C=O)c(O)c2)CCCCC1,Bruker ALPHA,373.96442,3997.453,2559,4.0,False,False,Diamant-ATR,dev
1a3603fc-b78b-49e4-867a-890f0d8f6d40,501552,44480,KFQMKXXFDCVEDI-UHFFFAOYSA-N,CCCCCCCCn1cc(C(C)=O)c2ccccc21,Bruker ALPHA,373.96442,3997.453,2559,4.0,False,False,ATR platinum Diamond 1 Refl,confirm
1a4e021e-2ac7-4416-8b8c-2a3ca8861617,528898,50484,AUGGIWVOYFJQAX-UHFFFAOYSA-N,CN(C)c1nc2ccccc2nc1N,Bruker Alpha ATR,373.96442,3997.453,2559,4.0,False,False,Diamant-ATR,dev
1a51d796-5b23-44e8-ac89-937a7b00f13c,499936,44076,QTIMOFYNCLBALY-HCPOVZLESA-N,C=CC(=O)N1[C@H](C(=O)OC)C[C@H](C(=O)O[C@@H]2C[C@H](C)CC[C@H]2C(C)C)[C@@H]1c1ccc([N+](=O)[O-])cc1,Bruker ALPHA,373.96442,3997.453,2559,4.0,False,False,Diamant-ATR,confirm
1a650a06-4f96-41ce-a2e4-b5cd3f51a17e,659952,84349,HBYVPGCFLSYJNB-UHFFFAOYSA-N,O=C(c1c(F)c(F)c(F)c(F)c1F)N(C(=O)c1c(F)c(F)c(F)c(F)c1F)c1ccccc1C#Cc1ccccc1,Bruker Alpha-P ATR,373.96442,3997.453,2559,4.0,False,False,Diamant-ATR,confirm
1a7fa5b6-50af-4ca4-b181-92314bb7f7cc,607228,72382,ABTZHDQWMUXIFW-UHFFFAOYSA-N,Nc1nc2ccccc2nc1-c1ccccc1,Bruker Alpha ATR,373.96442,3997.453,2559,4.0,False,False,Diamant-ATR,confirm
1ae1a31c-c96e-4255-99ce-43fbf6a7b79e,530936,50892,CIZDEMMLYCBCDQ-UHFFFAOYSA-N,O=C(C1=CC(=O)c2ccccc2C1=O)c1ccccc1I,BRUKER Alpha P,373.96442,3997.453,2559,4.0,False,False,Diamant ATR,confirm
1b1f1ba5-c5f8-4465-b967-f86a55c24ca6,606408,72171,RRHPTXZOMDSKRS-UHFFFAOYSA-L,C1=CCCC=CCC1.[Cl][Pd][Cl],Bruker Alpha,373.96442,3997.453,2559,4.0,True,True,ATR platinum Diamond 1 Refl,confirm
1b20b429-9f45-4ab1-b0a0-1b0e46c83ce5,491220,42113,AUAIDTHVAFAXGQ-UHFFFAOYSA-N,Cc1ccc(SC23CC(C45CC(Sc6ccc(C)cc6)(C4)C5)(C2)C3)cc1,,373.96442,3997.453,2559,,False,False,,confirm
1b49308b-694b-4bbc-80a8-1118180b13b6,646132,81225,GFKSVEBRGYZBKN-UHFFFAOYSA-L,CN(C)C(=NCc1cc(N(C)C)ccn1)N(C)C.[Br-].[Br-].[Cu+2],Perkin Elmer BX FT-IR,400.2361,4000.433,3734,,True,True,,confirm
1b5668bf-b6b8-4416-8505-5fa6c93887c3,508995,46342,ORHNLDTVDMEWRB-UHFFFAOYSA-N,COc1ccc(N2c3ccccc3Oc3ccccc32)cc1Cl,Bruker Alpha ATR,373.96442,3997.453,2559,4.0,False,False,ATR platinum Diamond 1 Refl,confirm
1ba6b695-b52c-46ba-a979-5d4ca4f60d2e,601273,71101,QOZSKCCXEXNQRL-FMWPVAHWSA-N,C1=C/C2=C(\c3ccccc3)c3ccc4[n]3[Ni][n]3/c(cc/c3=C(\c3ccccc3)C3=N/C(=C\4c4ccccc4-c4c5nc(c(-c6ccccc6)c6ccc([nH]6)c(-c6ccccc6/C6=c7\cc/c8[n]7[Ni][n]7c(ccc7/C(c7ccccc7)=C7/C=CC6=N7)/C(c6ccccc6)=C6/C=CC(=N6)\C=8c6ccccc6)c6nc(c(-c7ccccc7)c7ccc4[nH]7)C=C6)C=C5)C=C3)=C(/c3ccccc3)C1=N2,FT-IR Bruker IFS 88,373.96442,3997.453,2559,4.0,False,True,Diamant-ATR,dev
1bb12c78-7fb6-40e6-8a99-0f760a3ab7b6,608948,72693,QCKOFEYJROOQPN-UHFFFAOYSA-N,C(#Cc1cnc2ccccc2n1)c1cnc2ccccc2n1,Bruker Alpha ATR,373.96442,3997.453,2559,4.0,False,False,Diamant-ATR,confirm
1bc9296c-d450-4ff1-924b-71f79ffb7164,491562,42196,UCPMQTTXXMXIFF-CCEZHUSRSA-N,CC(C)N(/N=N/c1n[nH]cc1C#N)C(C)C,BRUKER ALPHA,373.96442,3997.453,2559,,False,False,,confirm
1bcf1e6b-70ad-4615-b162-011946b957a9,528506,50406,ABJFBJGGLJVMAQ-UHFFFAOYSA-N,O=c1[nH]c2ccccc2[nH]c1=O,Bruker Alpha ATR,373.96442,3997.453,2559,4.0,False,False,Diamant-ATR,dev
1beade99-468e-4a0e-b3e2-aff98704648e,500648,44254,SWTPMSKJIWTBTQ-UHFFFAOYSA-N,O=C(O)c1cc2ccc1CCc1ccc(cc1)CC2,Bruker ALPHA,373.96442,3997.453,2559,4.0,False,False,Diamant-ATR,confirm
1c221875-0bfe-4bb1-be17-f7090918cd34,646634,81350,ANWLPJOJNNVQHN-UPXLXJCHSA-N,Cc1nc2ccccc2nc1/C=C/c1nc2ccccc2nc1/C=C/c1nc2ccccc2nc1/C=C/c1nc2ccccc2nc1C1OCC(CC(F)(F)C(F)(F)C(F)(F)C(F)(F)C(F)(F)C(F)(F)C(F)(F)C(F)(F)F)O1,Bruker Alpha ATR,373.96442,3997.453,2559,4.0,False,False,Diamant-ATR,confirm
1c3f2144-7cdc-4359-bc44-6ad881236eba,678128,88297,ULPQJGCCEBGDAB-UHFFFAOYSA-N,O=C(c1c(-c2ccccc2)n(Cc2ccccc2)c2ccccc12)C(F)(F)F,Bruker Alpha-P ATR,373.96442,3997.453,2559,4.0,False,False,Diamant-ATR,confirm
1c4a98d0-d57b-4f36-95c9-bc2af4b39cf4,629575,77596,BIIUGHHBWIEKNK-UHFFFAOYSA-N,Cc1sc(-c2ccccc2)nc1Cl,Jasco FT/IR 6300,649.8934,4000.6047,3476,,False,False,,confirm
1c4eaadd-c8ca-4f7a-9717-29740fba7231,502564,44733,WDIFERGUPSXYRV-DYTPTGLASA-N,C=CC(=O)N1[C@@H](C(=O)OC)C[C@@H](C(=O)N2[C@H](C(=O)OC)C[C@H](C(=O)O[C@@H]3C[C@H](C)CC[C@H]3C(C)C)[C@@H]2c2ccc(F)cc2)[C@H]1c1ccc(Cl)cc1,Bruker ALPHA,373.96442,3997.453,2559,4.0,False,False,Diamant-ATR,confirm
1c5ffcab-701a-4bee-8561-05770591017c,512026,47113,QDMAXRJHDMKTQH-UHFFFAOYSA-N,Brc1cc2ccc1CCc1ccc(c(Br)c1)CC2,"Bruker, model IFS 88",373.96442,3997.453,2559,4.0,False,False,Diamant-ATR,confirm
1c6bdd00-c625-4470-a243-8f2e3c094e71,513793,47452,XHWAEFLREQUANK-UHFFFAOYSA-N,O=C(Nc1cc2ccc1CCc1ccc(cc1)CC2)N(C1CCCCC1)C1CCCCC1,"Bruker, model IFS 88",373.96442,3997.453,2559,4.0,False,False,Diamant-ATR,confirm
1c7597c4-31f2-460c-9532-26233056daa4,499780,44037,VQEGCJLHLBTWRF-NDENLUEZSA-N,CO/N=C\c1c2ccc(c1Br)CCc1ccc(cc1)CC2,Bruker ALPHA,373.96442,3997.453,2559,4.0,False,False,Diamant-ATR,dev
1c7bbcb3-3683-4e2f-b34c-a1b271959095,501008,44344,JAHUWIJJRZATHV-UHFFFAOYSA-N,O=C(OI(OC(=O)c1c(F)c(F)c(F)c(F)c1F)c1ccccc1)c1c(F)c(F)c(F)c(F)c1F,Bruker ALPHA,373.96442,3997.453,2559,4.0,False,False,Diamant-ATR,confirm
1c9a036b-29c6-44d0-b87d-e4a53fca4eb7,674246,87360,GLVNZYODMKSEPS-ONEGZZNKSA-N,COC(=O)/C=C/C(C)=O,Jasco FT/IR-460Plus with ATR Diamond Plate,649.8934,4000.1226,6950,,False,False,,confirm
1cac1cf7-1283-43b5-930d-d48b36578626,499788,44039,UOCMTKLYRROETA-UHFFFAOYSA-N,BrCc1cc(Br)c(CBr)cc1Br,Bruker ALPHA,373.96442,3997.453,2559,4.0,False,False,Diamant-ATR,confirm
1cb29f4e-52e5-4bbf-9ccd-541b62ec78a8,641131,79901,DKGZMEBNFMMTSE-UHFFFAOYSA-N,COP(=O)(OC)c1cnccn1,Bruker Alpha ATR,373.96442,3997.453,2559,4.0,False,False,Diamant ATR,confirm
1ce2cfba-91f9-427f-8fa9-719c988cfec7,501124,44373,WWDYHYKWTBBWJR-UHFFFAOYSA-N,CCCCn1cc(C(=O)c2ccc(C)cc2)c2cc(C#N)ccc21,Bruker ALPHA,373.96442,3997.453,2559,4.0,False,False,Diamant-ATR,dev
1d3d23d3-737c-4643-85aa-69e6fdc4d482,492202,42343,XLGLVRGMYSSDFW-FOCLMDBBSA-N,CCOC(=O)c1c[nH]nc1/N=N/N(C(C)C)C(C)C,BRUKER ALPHA,373.96442,3997.453,2559,4.0,False,False,Diamant-ATR,confirm
1d717770-2bf3-4bb0-ba52-869a088dc96b,509550,46478,QBUUSKFCOZCDNQ-UHFFFAOYSA-N,Cc1ccc2nc(-c3ccc(NC(C)C)cc3)sc2c1,BRUKER ALPHA,373.82813,3997.4121,2560,4.0,False,False,ATR platinum Diamond 1 Refl,confirm
1d7b7172-b759-4228-91f5-5f20536e5f75,659994,84352,TUCALALAYJTWFB-UHFFFAOYSA-N,O=C(c1c(F)c(F)c(F)c(F)c1F)N(Cc1ccccc1)c1ccccc1C#Cc1ccccc1,Bruker Alpha-P ATR,373.96442,3997.453,2559,4.0,False,False,Diamant-ATR,confirm
1d84689d-dbf7-4268-8afd-c199f1b94df2,502128,44624,XFKWCLGRWPWSMD-UHFFFAOYSA-N,Clc1ccc(-n2ccnn2)cc1,Bruker ALPHA,399.65625,3996.5625,1765,4.0,False,False,Instrument type and / or accessory,confirm
1d96e56b-bdb5-4a09-bf2f-b7558dd53a02,544331,53910,NOGLKXWLUDJZDQ-UHFFFAOYSA-N,O=c1[nH]c2ccccc2nc1C(F)(F)F,Bruker ALPHA ATR,373.96442,3997.453,2559,4.0,False,False,Diamant-ATR,confirm
1daa91e7-dd97-4f00-a86c-55d4b820203d,502400,44692,ODOQKWUKLACHRO-UHFFFAOYSA-N,c1ccc(C(c2ccc[nH]2)c2ccc[nH]2)cc1,Bruker ALPHA,373.96442,3997.453,2559,4.0,False,False,ATR platinum Diamond 1 Refl,dev
1db1912b-3b12-40cb-805d-9793c43a02be,536694,52206,CMTSBEAOTMVZIO-UHFFFAOYSA-N,CCOC(=O)c1ccc(-c2c3nc(c(C#Cc4ccc(C(C)=O)cc4)c4ccc([nH]4)c(-c4ccc(C(=O)OCC)cc4)c4nc(c(C#Cc5ccc(C(C)=O)cc5)c5ccc2[nH]5)C=C4)C=C3)cc1,Bruker ALPHA-T,373.96442,3997.453,2559,4.0,False,False,Diamant-ATR,dev
1dcecb48-6aa4-4718-a2c4-7d3b6a8cc6ea,649230,81997,JUYDOVRGCDOKGG-UHFFFAOYSA-M,CN1CCN(C)C1=Nc1cccc2c(N(C)C)ccnc12.[Br-].[Cu+],Perkin Elmer BX FT-IR,249.7859,4000.433,3890,,True,True,,confirm
1dd3012b-2165-4764-a43c-14f5ffe46c0e,614247,74383,ZNKKJEBSWNCGDA-UHFFFAOYSA-N,Ic1cc2c(I)cc1CCc1ccc(cc1)CC2,Bruker Alpha ATR,373.96442,3997.453,2559,4.0,False,False,Diamant-ATR,confirm
1dd584c3-bcbc-4fe0-9ae7-c2810b8771e2,501332,44425,WARDIROLTAHASC-UHFFFAOYSA-N,COC(=O)C(CC(C)C)NC(=O)Cc1cn(Cc2ccccc2)c2ccccc12,Bruker ALPHA,373.96442,3997.453,2559,4.0,False,False,ATR platinum Diamond 1 Refl,confirm
1df8b410-26a3-46ab-a626-2079a5854713,625035,76698,YTGRXDYSNRZUEE-UHFFFAOYSA-N,CCCCCS(=O)(=O)c1ccccc1,Bruker Alpha p,373.96442,3997.453,2559,4.0,False,False,Diamant-ATR,confirm
1e22f60e-8280-48da-9d95-6969d1e3d3e7,578855,63219,QCIPGRGZZUTJAG-UHFFFAOYSA-N,Cc1ccc(C)c(Nc2ccccc2)c1,bruker,373.96442,3997.453,2559,4.0,False,False,Diamant-ATR,confirm
1e3415fe-2be1-4056-abca-8cfcf8e9eb89,580284,63571,BYHVGQHIAFURIL-UHFFFAOYSA-N,Clc1cnc2ccccc2n1,Bruker Ascend 400,373.96442,3997.453,2559,,False,False,,dev
1e5734f9-6ddd-43d0-be49-71d2d7841280,527593,50230,HRDIKBKVMSIYDT-UHFFFAOYSA-L,Clc1ccc(P(c2ccc(Cl)cc2)c2ccc(Cl)cc2)cc1.Clc1ccc(P(c2ccc(Cl)cc2)c2ccc(Cl)cc2)cc1.[Cu][I].[Cu][I].c1ccc(P(c2ccccc2)c2ccccn2)cc1,IR,373.96442,3997.453,2559,4.0,True,True,Diamant- ATR,confirm
1e610631-a38e-4abe-9ead-cc8d20e26eb1,573834,61734,QNGORWRAWGSVOI-UHFFFAOYSA-N,CC(ON1C(C)(C)CCCC1(C)C)c1ccc(C(=C(c2ccc(C(C)ON3C(C)(C)CCCC3(C)C)cc2)c2ccc(C(C)ON3C(C)(C)CCCC3(C)C)cc2)c2ccc(C(C)ON3C(C)(C)CCCC3(C)C)cc2)cc1,Bruker Alpha ATR,373.96442,3997.453,2559,4.0,False,False,Diamant-ATR,confirm
1eb6ab83-cf1d-4ae8-902c-a9c4ac24db3b,658954,84150,JMWDKEFUGJJKTF-UHFFFAOYSA-N,CCC1=C(C#Cc2c(Cl)cc(OC3CCCCO3)cc2Cl)CCCC1=O,Bruker Alpha,373.96442,3997.453,2559,4.0,False,False,Diamant-ATR,confirm
1ec16858-f5aa-45f7-b53a-f686d773082a,669734,86486,RWAJZRJQGGJQFL-SIGVLJBRSA-N,C[C@]12CC[C@H](OCc3ccccc3)C[C@@H]1CC[C@@H]1[C@@H]2CC[C@]2(C)C(=O)CC[C@]12O,FT-IR Bruker IFS 88,373.96442,3997.453,2559,4.0,False,False,Diamant-ATR,confirm
1f0d64b2-929b-455f-9382-55c61b7f6be3,501612,44495,XNQIKUDUZMFFHM-UHFFFAOYSA-N,N#Cc1c(-n2c3ccccc3c3ccccc32)c(C#N)c(-n2c3ccccc3c3ccccc32)c(C#N)c1-n1c2ccccc2c2ccccc21,Bruker ALPHA,373.96442,3997.453,2559,4.0,False,False,ATR platinum Diamond 1 Refl,dev
1f141a37-b4d3-4ea2-a87f-5f6bed46eb63,500132,44125,BUJFZXPWKQQQHT-JDVBPAGGSA-N,C=CCO[C@@H]1OC(COCc2ccccc2)[C@@H](OC(C)=O)[C@H](O[C@@H]2OC(COC(C)=O)[C@@H](OC(=O)CCC(C)=O)[C@H](OC(C)=O)C2OC(C)=O)C1NC(=O)C(Cl)(Cl)Cl,Bruker ALPHA,373.96442,3997.453,2559,4.0,False,False,ATR platinum Diamond 1 Refl,confirm
1f3c3407-4ee4-49c4-9cc4-ab64eecddb80,614312,74251,AOCDPIJDJVAEMY-UHFFFAOYSA-N,COC(OC)c1cccc(O[Si](C)(C)C(C)(C)C)c1,Perkin Elmer FT-IR,400.15686,4000.123047,7468,4.0,False,False,,confirm
1f5700f7-d237-4384-9f74-b811bb213341,503873,45076,PKLZMHUUPARTDZ-UHFFFAOYSA-N,Cc1ccnc(P(c2ccccc2)c2ccccc2)c1,IR,373.96442,3997.453,2559,4.0,False,False,Diamant-ATR,confirm
1f700641-a36b-42ca-b601-cfbbf48e7a19,499396,43941,SNQABJUAAUNSEJ-UHFFFAOYSA-N,Fc1ccc(NC(=S)Nc2ccc(F)cc2)cc1,Bruker ALPHA,373.96442,3997.453,2559,4.0,False,False,Diamant-ATR,confirm
1f74ed7f-376c-41fd-9cc7-57dda70f8eee,501908,44569,LVWZJQCFPPRQPR-UHFFFAOYSA-N,c1cncc(-n2cc(-c3cccc4nsnc34)nn2)c1,Bruker ALPHA,373.96442,3997.453,2559,4.0,False,False,ATR platinum Diamond 1 Refl,dev
1f772768-af61-4e93-b11f-5b274a42cdc6,499420,43947,JVSRWNLXEIOBKN-ZZJJTSTKSA-N,CC(=O)O[C@]12C[C@@H]3CC[C@@H]4[C@H](CC[C@]5(C)[C@@H](OCc6ccccc6)CC[C@@H]45)[C@@]3(C)C[C@H]1O2,Bruker ALPHA,373.96442,3997.453,2559,4.0,False,False,Diamant-ATR,confirm
1f7b7645-7a25-433e-97d2-1ee64d4cb67e,501660,44507,OWHQYDLZZGOEON-UHFFFAOYSA-N,O=Cc1cc2ccc1CCc1ccc(cc1Br)CC2,Bruker ALPHA,373.96442,3997.453,2559,4.0,False,False,ATR platinum Diamond 1 Refl,confirm
1f8513c0-9b5b-43a7-bb33-06308cd3434f,617126,75114,FOPXDFSIEYLVSD-UHFFFAOYSA-N,O=C(Nc1ccccc1I)C(F)(F)C(F)(F)C(F)(F)C(F)(F)C(F)(F)C(F)(F)C(F)(F)F,Bruker Alpha-P ATR,373.96442,3997.453,2559,4.0,False,False,Diamant-ATR,confirm
1fc8bdad-2b19-4392-b891-ca086b973c80,3284,1008,QDPNXEBIDUXHCH-CAPFRKAQSA-N,Fc1ccc(N/N=C(\c2ccccc2)C2SCCCS2)cc1,,373.82813,3997.4121,2560,4.0,False,False,Diamant-ATR,confirm
1fdf3690-da9f-492a-81c0-d8d40608978c,605639,72002,MGHMBCSNZLEULM-UHFFFAOYSA-N,CCCCc1cn(-c2nc3ccccc3nc2C)nn1,Bruker Alpha ATR,373.96442,3997.453,2559,4.0,False,False,Diamant-ATR,confirm
20221ec1-c898-4982-aebe-92e39f82961e,698373,93102,TZLIFUSNVCRDQA-UHFFFAOYSA-N,O=C(c1c(Cl)cc(Cl)cc1Cl)N(Cc1ccccc1)c1ccccc1C#Cc1ccccc1,Bruker Ascend 400 MHz,373.96442,3997.453,2559,4.0,False,False,Diamant-ATR,confirm
20780cc5-f03b-474c-ade6-7104cd44577c,607287,72393,RRWJGDBWTOAAFG-UHFFFAOYSA-N,C[Si](C)(C)C#Cc1nc2ccccc2n2nnnc12,Bruker Alpha ATR,373.96442,3997.453,2559,,False,False,,confirm
208ccc3b-3e82-489d-b959-e6a05eebc480,697991,93030,RMRHGQYTMOGKAU-UHFFFAOYSA-N,O=C(Nc1ccccc1C#Cc1ccccc1)c1ccc([N+](=O)[O-])cc1,Bruker Alpha-P ATR,373.96442,3997.453,2559,4.0,False,False,Diamant-ATR,confirm
209f4524-8155-4d8b-9169-2f7b27dfb4dd,528165,50330,DSXBCLGEUHXJHK-UHFFFAOYSA-N,C#Cc1nc2ccccc2nc1-c1ccccc1,Bruker Alpha ATR,373.96442,3997.453,2559,4.0,False,False,Diamant-ATR,confirm
20a301ab-1c33-4e78-a948-931ceb4b7794,501828,44549,GYSGDLVSVKGEEX-FQEVSTJZSA-N,CCCCCCCCCCCNCC(=O)N(CC(N)=O)[C@@H](C)C1CCCCC1,Bruker ALPHA,373.96442,3997.453,2559,4.0,False,False,ATR platinum Diamond 1 Refl,confirm
20bd57f2-e6eb-4273-a5b8-c89b3ac26bad,502604,44743,QHKTTYODSLFKBO-UHFFFAOYSA-N,Fc1ccc(-n2nncc2-c2cc3ccc2CCc2ccc(cc2)CC3)cc1,Bruker ALPHA,399.65625,3996.5625,1765,4.0,False,False,Instrument type and / or accessory,confirm
20f6920d-9237-4624-b504-637c97e8f800,501220,44397,XBWOPGDJMAJJDG-ZETCQYMHSA-N,C[C@H](N)C1CCCCC1,Bruker ALPHA,373.96442,3997.453,2559,4.0,False,False,ATR platinum Diamond 1 Refl,confirm
212d7f67-4ab2-4624-9e6c-5b2ff22b614b,514623,47643,MVVGSPCXHRFDDR-UHFFFAOYSA-N,Oc1ccccc1-c1nc2ccccc2s1,Bruker Alpha ATR,373.96442,3997.453,2559,4.0,False,False,Diamant-ATR,confirm
213c83a4-8c34-4bae-9099-db3529c1997f,613483,74177,YBJFSDXUCGYJSK-UHFFFAOYSA-N,Cc1nc2ccccc2nc1Br,Bruker Alpha ATR,373.96442,3997.453,2559,4.0,False,False,Diamant-ATR,confirm
214b5bc1-bda6-4a89-958e-fef19baa1a19,502404,44693,FEHLIYXNTWAEBQ-UHFFFAOYSA-N,O=Cc1ccc(-c2ccc(C=O)cc2)cc1,Bruker ALPHA,373.96442,3997.453,2559,4.0,False,False,ATR platinum Diamond 1 Refl,dev
21a53bc4-1f9f-4028-a376-8df6d5a15c28,639030,79513,MCYXBNUZMIJOFB-UHFFFAOYSA-N,CN(C)c1ccnc2c(N)cccc12,SHIMADZU IRTRACER-100,249.7859,4000.433,3890,,False,False,,dev
21a5f2a2-ebb9-48e7-bccd-0b863b5a5ebc,513107,47307,ATCQGPIEAJDZIZ-UHFFFAOYSA-N,N#Cc1c(-n2c3ccccc3c3ccccc32)c(-c2nnc(-c3c(F)c(F)c(F)c(F)c3F)o2)c(-n2c3ccccc3c3ccccc32)c(-n2c3ccccc3c3ccccc32)c1-n1c2ccccc2c2ccccc21,"Bruker, IFS 88",373.96442,3997.453,2559,4.0,False,False,Diamant-ATR,dev
21b78f84-41d8-42c6-851e-a465a38336fd,501384,44438,NXJCRELRQHZBQA-UHFFFAOYSA-N,COc1cc(OC)c2ccc(=O)oc2c1,Bruker ALPHA,373.96442,3997.453,2559,4.0,False,False,ATR platinum Diamond 1 Refl,confirm
2208207a-5c29-4e64-8cb1-067cb0abe0f2,499728,44024,AYYOVYJUIJIFLD-UHFFFAOYSA-N,COc1ccc(-c2ccc3c(c2)C=C2C(=O)CCCC2O3)cc1,Bruker ALPHA,373.96442,3997.453,2559,4.0,False,False,Diamant-ATR,confirm
22292c87-0952-4764-b779-527988361687,606121,71341,DHTDCYWQWFEGRN-UHFFFAOYSA-M,CN(C)Cc1ccccc1N=C(N(C)C)N(C)C.[Cl][Cu],Shimadzu IR Tracer 100,450.386221,4000.432643,3682,,True,True,,confirm
222cd561-981f-4743-b342-d0aad2576405,502344,44678,GTYAFZSUNIIJHW-WKGRDNALSA-N,CC(=O)NC1C(OC(C)=O)OC(COS(=O)(=O)c2ccc(C)cc2)[C@@H](OC(C)=O)[C@@H]1OC(C)=O,Bruker ALPHA,373.96442,3997.453,2559,4.0,False,False,ATR platinum Diamond 1 Refl,confirm
224f52f8-1186-4d5b-82b0-45203f9fad40,529858,50673,VBZDMKSVSNFQSG-UHFFFAOYSA-N,Brc1nc2ccccc2nc1Br,Bruker Alpha ATR,373.96442,3997.453,2559,4.0,False,False,Diamant-ATR,dev
22a092c5-2294-41f4-b31a-0740b3f113d2,551438,55483,UANPLCCLSMJGEJ-UHFFFAOYSA-N,C[Si](C)(C)OC1C=CCC2(C(=O)c3cc(NC(=O)C(F)(F)F)ccc3Br)C(=O)c3ccccc3C(=O)C12,Bruker Alpha,373.96442,3997.453,2559,,False,False,,confirm
22bcac2f-291a-4135-ae8c-14867378be04,620035,75688,KPFABOOBZKLZGJ-UHFFFAOYSA-N,Oc1nc2ccccc2nc1-c1cnc2ccccc2n1,Bruker Alpha ATR,373.96442,3997.453,2559,4.0,False,False,Diamant-ATR,confirm
22bfa965-6ea5-43bd-86e5-d6b4b481b382,499496,43966,ACHZCNIGXYPPSW-UHFFFAOYSA-N,Cc1cccc(-c2nn[nH]c2-c2cccc(-c3nn[nH]c3-c3cccc(C)n3)c2)n1,Bruker ALPHA,373.96442,3997.453,2559,4.0,False,False,Diamant-ATR,confirm
22c37b8e-df1e-4857-90e5-753c434c7202,501204,44393,MCPQNUDHOYKAJS-UHFFFAOYSA-N,COC(=O)c1ccc(-c2ccc(-c3ccc(C(=O)OC)cc3)cc2)cc1,Bruker ALPHA,373.96442,3997.453,2559,4.0,False,False,ATR platinum Diamond 1 Refl,dev
22c7b4af-e8db-4b24-90ec-4d3f07714831,569210,60387,NJJJGXDUDISIKH-UHFFFAOYSA-N,CCOC(=O)c1ccc(-c2c3nc(c(C#Cc4ccccc4OC)c4ccc([nH]4)c(-c4ccc(C(=O)OCC)cc4)c4nc(c(C#Cc5ccccc5OC)c5ccc2[nH]5)C=C4)C=C3)cc1,Bruker ALPHA-T,373.96442,3997.453,2559,4.0,False,False,Diamant-ATR,confirm
22ef9a4a-e919-49e5-9e4f-c65adf6a2e2f,658753,84098,DTLOYKSPTOULJM-UHFFFAOYSA-L,CN1CCN(C)C1=NC1CCCc2cccnc21.[Br][Zn][Br],Shimadzu IRTracer 100,249.7859,4000.433,3890,,True,True,,confirm
234b4e2b-9385-437b-ba78-fab9b3c9a756,617855,75280,XVKLMYQMVPHUPN-UHFFFAOYSA-N,Brc1cnc2ccccc2n1,Bruker Alpha ATR,373.96442,3997.453,2559,4.0,False,False,Diamant-ATR,dev
236096a7-6ee8-4dc6-b300-00c9cdda6100,640597,79814,JXORRYXWZBFIRF-UHFFFAOYSA-N,Cc1ccc(C(C)C)c2cc(Cc3ccc(F)cc3)c(=O)oc12,Bruker Alpha-P ATR,373.96442,3997.453,2559,4.0,False,False,Diamant-ATR,confirm
23774849-672d-40be-9014-e3d25b17a815,501020,44347,NLCYTWWWIQTEDH-UHFFFAOYSA-N,COC(=O)c1cc(OCc2ccccc2)ccc1[N+](=O)[O-],Bruker ALPHA,373.96442,3997.453,2559,4.0,False,False,Diamant-ATR,confirm
23921a34-257e-4b0c-9c63-28cc2f206725,534818,51758,PSMABVOYZJWFBV-UHFFFAOYSA-N,O=C1C(Br)=C(Br)C(=O)c2ccccc21,Bruker Alpha ATR,373.82813,3997.4121,2560,4.0,False,False,ATR platinum Diamond 1 Refl,confirm
23a48a7c-6ac8-4e30-81e0-0b2aafad0a2f,502200,44642,VOWKMWCXVPTJJT-UHFFFAOYSA-N,CCCCCc1cc2c(OC)cc(OCC)cc2oc1=O,Bruker ALPHA,399.65625,3996.5625,1765,4.0,False,False,Instrument type and / or accessory,confirm
23da7edd-8846-440d-9285-abc4e310d4d6,630416,77749,SFQRVUXRVNGHDQ-UHFFFAOYSA-N,Cc1nc2ccccc2nc1C#Cc1nc2ccccc2nc1C,Bruker Alpha ATR,373.96442,3997.453,2559,4.0,False,False,Diamant-ATR,confirm
23f26633-62e3-44ac-bad2-05924b52a94d,569145,60375,BCLDVYJMTITMEE-UHFFFAOYSA-M,[Cl][Au].c1ccc(P(c2ccccc2)c2cc3ccc2CCc2ccc(cc2)CC3)cc1,Bruker Alpha ATR,373.96442,3997.453,2559,4.0,True,True,Diamant-ATR,dev
24071dd0-86fc-45d9-8bde-68457d278628,557748,56768,GMSYXQOQYOUAHU-FBMGVBCBSA-N,CCOC(=O)Cn1cc(C#N)c(/N=N/N(C(C)C)C(C)C)n1,Bruker ALPHA,373.96442,3997.453,2559,4.0,False,False,Diamant-ATR,dev
242669e6-679d-427f-a8e6-5676b8ac5921,502608,44744,WQFLLTDMTNWARE-UHFFFAOYSA-N,Cc1ccc(-n2nncc2-c2cc3ccc2CCc2ccc(cc2)CC3)cc1,Bruker ALPHA,399.65625,3996.5625,1765,4.0,False,False,Instrument type and / or accessory,confirm
2427af94-ae8e-41fb-b7eb-78c80f759a32,501044,44353,QCULHPGMKXPELA-UHFFFAOYSA-N,CC(C)(C)C(=O)n1nc(N)c2ccccc21,Bruker ALPHA,373.96442,3997.453,2559,4.0,False,False,Diamant-ATR,confirm
24a76677-03ce-4a66-aee3-e427f5c329bc,489654,41734,RJQVSFJIBQPCLA-UHFFFAOYSA-N,CC1=NC(C(F)(F)F)OC1=O,Bruker Alpha,373.96442,3997.453,2559,4.0,False,False,Diamant-ATR,confirm
24c70b16-1a6b-40cd-9b4c-7197da098283,501556,44481,ZKGVSZCAHWJHDJ-RMKNXTFCSA-N,COC(=O)/C=C/c1ccc(N(C)C)cc1,Bruker ALPHA,373.96442,3997.453,2559,4.0,False,False,ATR platinum Diamond 1 Refl,confirm
24da734b-0fdb-4782-b240-6cd951e6bb6a,499236,43901,NTMZXZGDUCVGNK-UHFFFAOYSA-N,Cc1ccc(S(=O)(=O)N2CCCCCc3c2nnn3Cc2ccccc2)cc1,Bruker ALPHA,373.96442,3997.453,2559,4.0,False,False,Diamant-ATR,dev
24f4adec-3380-490b-8532-4209f2d3b522,633446,78325,WARCMTHVIPIJFT-UHFFFAOYSA-N,CCCN(C(=O)C(F)(F)C(F)(F)C(F)(F)C(F)(F)C(F)(F)C(F)(F)C(F)(F)F)c1ccccc1C#Cc1ccccc1,Bruker Alpha-P ATR,373.96442,3997.453,2559,4.0,False,False,Diamant-ATR,dev
2553505d-1e5b-4e41-81cf-8f9952411f44,499932,44075,AKGJLRBWMCYPCO-FDZQODHASA-N,C=CC(=O)N1[C@@H](C(=O)OC)C[C@@H](C(=O)N2[C@H](C(=O)OC)C[C@H](C(=O)O[C@@H]3C[C@H](C)CC[C@H]3C(C)C)[C@@H]2c2ccc([N+](=O)[O-])cc2)[C@H]1c1ccc(OC)cc1,Bruker ALPHA,373.96442,3997.453,2559,4.0,False,False,Diamant-ATR,confirm
255c1265-1c53-448a-8097-e4c2085b2350,604995,71843,BRRNXIZKXCRBRX-UHFFFAOYSA-N,Cc1nc2cc(-c3ccccc3)c(-c3ccccc3)cc2nc1C,Bruker Alpha ATR,373.96442,3997.453,2559,4.0,False,False,Diamant-ATR,confirm
25712eae-bb4a-4812-9229-775a84bb02dc,499360,43932,BKUJLOTXYHIGOJ-HQVVKEODSA-N,COC(=O)[C@H]1C[C@@H](C(=O)N2[C@H](C(=O)OC)C[C@H](C(=O)O[C@@H]3C[C@H](C)CC[C@H]3C(C)C)[C@@H]2c2ccccc2F)[C@@H](c2ccccc2Cl)N1,Bruker ALPHA,373.96442,3997.453,2559,4.0,False,False,Diamant-ATR,confirm
25722bbb-bb29-40b6-ae05-9201d35c31d0,499104,43868,PJCVVDBDQLYMCR-UHFFFAOYSA-N,CCOc1cc(OC)c2cc(Cc3ccccc3C)c(=O)oc2c1,Bruker ALPHA,399.65625,3996.5625,1765,4.0,False,False,Instrument type and / or accessory,confirm
2584401f-94f4-4092-b28a-b66e09e2aa47,500608,44244,ZMGYDKIQPMHMEG-UGYLPVGZSA-N,C=CCO[C@@H]1OC(COCc2ccccc2)[C@@H](OC(C)=O)[C@H](O[C@@H]2OC(CI)[C@@H](OC(=O)CCC(C)=O)[C@H](OC(C)=O)C2OC(C)=O)C1NC(=O)C(Cl)(Cl)Cl,Bruker ALPHA,373.96442,3997.453,2559,4.0,False,False,ATR platinum Diamond 1 Refl,confirm
259e37e3-402f-4d05-b3c0-f574ec1c9859,580060,63524,MIJBNTYGWSAZSG-LIQRDYASSA-N,CO[C@@H]1C[C@H]2[C@@H]3CC[C@H]([C@H](C)/C=N/NS(=O)(=O)c4ccc(C)cc4)[C@@]3(C)CC[C@@H]2[C@@]2(C)CC[C@@H]3C[C@]312,Bruker Alpha p,373.96442,3997.453,2559,4.0,False,False,Diamant-ATR,dev
25bcda81-2a4f-4944-a883-dcda349fbc0a,499584,43988,PIZAIIIOUPKFOS-UHFFFAOYSA-N,C(#CC(C1CCCCC1)N1CCOCC1)c1ccccc1,Bruker ALPHA,373.96442,3997.453,2559,4.0,False,False,Diamant-ATR,confirm
25d74f66-066a-4ebf-beb1-dcd35809a497,511575,47008,YNHSRIYWLOEFKN-SKFMLAOPSA-L,[Cl][Mn]1[n]2c3ccc2/C(c2ccccc2)=C2/C=CC(=N2)/C(c2ccccc2-c2cc4[n]5c2/C(c2ccccc2)=C2/C=CC(=N2)/C(c2ccccc2)=c2/cc/c([n]2[Mn]5[Cl])=C(\c2ccccc2)C2=N/C(=C\4c4ccccc4)C=C2)=c2/cc/c([n]21)=C(\c1ccccc1)C1=N/C(=C\3c2ccccc2)C=C1,IR,373.96442,3997.453,2559,4.0,False,True,Diamant-ATR,confirm
26009513-f06b-40b7-8e45-4838b3e41290,593388,68351,SSTDOKZYUWDQQQ-FBMGVBCBSA-N,CCn1cc(CNC(C)=O)c(/N=N/N(C(C)C)C(C)C)n1,Bruker ALPHA,373.96442,3997.453,2559,4.0,False,False,Diamant-ATR,confirm
267d77be-3a55-4c7c-a848-d3c27747444a,512183,47148,KSCRQNQAPBADDS-UHFFFAOYSA-N,O=C(Nc1cc2ccc1CCc1ccc(cc1)CC2)N(c1ccccc1)c1ccccc1,"Bruker, model IFS 88",373.96442,3997.453,2559,,False,False,,dev
2684d7b6-5f9a-4fa0-9ac7-73e2290c8b89,500404,44193,QLQWXISKMKGPHF-UHFFFAOYSA-N,COC(=O)c1cc(O[Si](C)(C)C(C)(C)C)ccc1[N+](=O)[O-],Bruker ALPHA,373.96442,3997.453,2559,4.0,False,False,Diamant-ATR,confirm
26acebfb-1e29-420f-b6b3-3073faf80ebe,569661,60494,YSTSBXDVNKYPTR-UHFFFAOYSA-N,CC(=O)c1ccc(-c2ccc(C(C)=O)cc2)cc1,Bruker Alpha ATR,373.96442,3997.453,2559,4.0,False,False,Diamant-ATR,dev
26bb0aaf-4ddc-4d81-9c98-14fcd5129405,500304,44168,HQHZDBXYFIVEOE-CCEZHUSRSA-N,CC(C)N(/N=N/c1ccccc1C(=O)O)C(C)C,Bruker ALPHA,373.96442,3997.453,2559,4.0,False,False,Diamant-ATR,confirm
26bce3d2-a47a-42c5-be26-e77ede10fc6d,500964,44333,ZBOYZYYGCXGDAY-UHFFFAOYSA-N,CCCCc1cc2c(C)ccc(C)c2oc1=O,Bruker ALPHA,373.96442,3997.453,2559,4.0,False,False,Diamant-ATR,confirm
271a5de0-6e0d-4763-980b-55997d62de86,500720,44272,YYRRHMKERAQAAD-UHFFFAOYSA-N,C#Cc1ccc2c(c1)c(C(=O)c1cccc3ccccc13)cn2CCCC,Bruker ALPHA,373.96442,3997.453,2559,4.0,False,False,Diamant-ATR,dev
27550bac-3f82-45f5-bfac-94a6ab832d76,636677,78984,AFPCGBNHTHEPQU-UHFFFAOYSA-N,Cc1nc2ccccc2nc1OCCCCCCCCCCCCO,Bruker Alpha ATR,373.96442,3997.453,2559,4.0,False,False,Diamant-ATR,confirm
275c8a9d-5a47-4fa1-9820-28c98bd99d20,500920,44322,XCEMFVWVJILGKG-UHFFFAOYSA-N,COc1ccc(Cc2cc3c(C)c(OC)c(C)c(C)c3oc2=O)cc1,Bruker ALPHA,373.96442,3997.453,2559,4.0,False,False,Diamant-ATR,confirm
27e63ddf-b35c-47f5-a8f3-ae80d49dd42a,637616,79194,VWKVPNYVURHBJP-UHFFFAOYSA-N,Cc1nc2ccccc2nc1C1OCC(CC(F)(F)C(F)(F)C(F)(F)C(F)(F)C(F)(F)C(F)(F)C(F)(F)C(F)(F)F)O1,Bruker Alpha ATR,373.96442,3997.453,2559,4.0,False,False,Diamant-ATR,confirm
27e6d4ba-fb05-4a9f-9af8-681018979c11,501540,44477,KMBLGUFRZSQVSJ-UHFFFAOYSA-N,COc1cc(OC)c(C=O)c(O)c1C=O,Bruker ALPHA,373.96442,3997.453,2559,4.0,False,False,ATR platinum Diamond 1 Refl,dev
27e8cfcc-191e-4e0f-9612-e5b8d9fbe09e,501976,44586,YTXKXHMAVVPQCJ-UHFFFAOYSA-M,CC(c1ccccc1)[P+](c1ccccc1)(c1ccccc1)c1ccccc1.[Br-],Bruker ALPHA,373.96442,3997.453,2559,4.0,True,False,ATR platinum Diamond 1 Refl,confirm
28182416-cbf3-41d4-b222-a5615ca99476,501032,44350,MRPUMAFLNFWMQI-UHFFFAOYSA-N,CCC(=C1SCCS1)C(CC(=O)OC)C(=O)OC,Bruker ALPHA,373.96442,3997.453,2559,4.0,False,False,Diamant-ATR,confirm
283d36d1-62a9-4449-a74c-6c80d37fb4d9,513370,47353,VLSVCBRWWHGXCJ-AWEZNQCLSA-N,CO[C@@H](C)c1cc2ccc1CCc1ccc(cc1)CC2,"Bruker, model IFS 88",373.96442,3997.453,2559,4.0,False,False,Diamant-ATR,confirm
2868e9bc-5d22-455b-9f11-986923045739,499764,44033,OFMSQWDDPFEFGU-UHFFFAOYSA-N,CCCCCCC(C)(C)c1cc(OC)c(C=O)c(OC)c1,Bruker ALPHA,373.96442,3997.453,2559,4.0,False,False,Diamant-ATR,confirm
2874a57f-4abc-49a0-abef-e6e847a03734,573172,61576,RRJVDYHLPAAPEI-UHFFFAOYSA-N,CC(Br)c1ccc(C(=C(c2ccc(C(C)Br)cc2)c2ccc(C(C)Br)cc2)c2ccc(C(C)Br)cc2)cc1,Bruker Alpha ATR,373.96442,3997.453,2559,4.0,False,False,Diamant-ATR,confirm
2897bbd7-3cae-48e3-a15d-31c5f9051cc6,491148,42098,UFJZAHXFSRPBMA-UHFFFAOYSA-N,c1ccc(SC23CC(C45CC(Sc6ccccc6)(C4)C5)(C2)C3)cc1,,373.96442,3997.453,2559,4.0,False,False,Diamant-ATR,dev
28b90598-4959-434b-957f-7c972de81dc8,537021,52293,KEYOUJVFUWVTHK-UHFFFAOYSA-N,CCOC(=O)c1ccc(-c2c3nc(c(-c4ccsc4)c4ccc([nH]4)c(-c4ccc(C(=O)OCC)cc4)c4nc(c(-c5ccsc5)c5ccc2[nH]5)C=C4)C=C3)cc1,Bruker ALPHA-T,373.96442,3997.453,2559,4.0,False,False,Diamant-ATR,confirm
291f0b0d-13df-4c70-827a-1a1cc9543993,501596,44491,ATCQGPIEAJDZIZ-UHFFFAOYSA-N,N#Cc1c(-n2c3ccccc3c3ccccc32)c(-c2nnc(-c3c(F)c(F)c(F)c(F)c3F)o2)c(-n2c3ccccc3c3ccccc32)c(-n2c3ccccc3c3ccccc32)c1-n1c2ccccc2c2ccccc21,Bruker ALPHA,373.96442,3997.453,2559,4.0,False,False,ATR platinum Diamond 1 Refl,dev
2929da5e-f609-40fa-9d74-4eabd35697e3,578895,63229,ZJPOTYKHDDHGED-NVPAJSRCSA-N,CC1=CC[C@@H](C2(C)CC2(C)C(=O)OC(C)(C)C)CC1,"Bruker, model IFS 88",373.96442,3997.453,2559,4.0,False,False,Diamant-ATR,confirm
292cbbff-0cfd-48d2-84dc-a2e13095c87c,501924,44573,IDHOIJWUOSDSJR-UHFFFAOYSA-N,CN1c2ccc(C#Cc3ccc(F)cc3)cc2C(=O)CC1CCC#N,Bruker ALPHA,399.65625,3996.5625,1765,4.0,False,False,Instrument type and / or accessory,dev
2975a7a1-ef61-45c7-a5f1-e0c2d98dd930,606119,71340,XYBUOSNKFWKMII-UHFFFAOYSA-M,CN(C)Cc1ccccc1N=C(N(C)C)N(C)C.[Cu][Br],Shimadzu IR Tracer 100,450.386221,4000.432643,3682,,True,True,,confirm
29871d9c-fcb0-4a99-a975-e850f3b04d35,638108,79275,LLVQQQQUKUEOOW-UHFFFAOYSA-N,Cc1ccc(C(C)C)c(C=O)c1O,Bruker Alpha-P ATR,373.96442,3997.453,2559,4.0,False,False,Diamant-ATR,dev
298cc594-3951-42a9-97d7-5a56dda58888,501060,44357,BCOIUDGKUYYXRX-UHFFFAOYSA-N,N#Cc1cc2ccc1CCc1ccc(cc1Br)CC2,Bruker ALPHA,373.96442,3997.453,2559,4.0,False,False,Diamant-ATR,confirm
299adc78-a6e7-40ab-b0c3-af86b82a9569,500892,44315,BAAQGXMYNQWCRA-UHFFFAOYSA-N,CC(=O)c1cc2ccc1CCc1ccc(cc1Br)CC2,Bruker ALPHA,373.96442,3997.453,2559,4.0,False,False,Diamant-ATR,confirm
29a9e19c-4319-41fd-bb0f-63718ee4f1ef,499212,43895,KVGMNWHILJDXCC-SANMLTNESA-N,CC(C)(C)OC(=O)n1cc(C[C@H](NC(=O)OCc2ccccc2)C(=O)OCc2ccccc2)c2ccccc21,Bruker ALPHA,373.96442,3997.453,2559,4.0,False,False,Diamant-ATR,confirm
29b63617-cc5b-4597-87cb-c7ea1770861c,673984,87294,WMFURCICLSTGEJ-UHFFFAOYSA-N,COc1ccc([N+](=O)[O-])cc1NC=O,Jasco FT/IR-460Plus,649.8934,4000.1226,6950,,False,False,,confirm
29edfc7f-06ff-4431-9ab3-cc0c26e4aeb1,502632,44750,VTRFAYHJKSKHGY-UHFFFAOYSA-N,Cc1cc(Br)cc(C)n1,Bruker ALPHA,399.65625,3996.5625,1765,4.0,False,False,Instrument type and / or accessory,confirm
2a1300a4-97cf-4335-8c75-352678bfd7dc,507313,45949,XPZLSBJQMZMCMC-UHFFFAOYSA-N,Cc1ccc(S(=N)(=O)C23CC(C2)C3)cc1,Bruker Alpha ATR,373.96442,3997.453,2559,4.0,False,False,Diamant-ATR,confirm
2a1be1a0-26ae-4de8-a04a-e056df547355,499812,44045,IOOIGEUVTBOKRL-ZDUSSCGKSA-N,C[C@H](O)c1cc2ccc1CCc1ccc(cc1)CC2,Bruker ALPHA,373.96442,3997.453,2559,4.0,False,False,Diamant-ATR,confirm
2a1c0416-44ef-42c2-943a-1e123eb9e8b9,502104,44618,YDJFXLVHPNACDY-UHFFFAOYSA-N,CCC(=O)CCC(CC)=C1SCCS1,Bruker ALPHA,399.65625,3996.5625,1765,4.0,False,False,Instrument type and / or accessory,confirm
2a23d146-d599-48b2-ae27-5a926ee6ba6f,507141,45907,NMNCNBZSKZJASF-UHFFFAOYSA-N,N=S(=O)(CCO)C12CC(C1)C2,Bruker Alpha ATR,373.96442,3997.453,2559,4.0,False,False,Diamant-ATR,dev
2a3acac5-5e16-402a-8420-325412110bc2,499412,43945,LEKAONIXULWCPQ-RIYZIHGNSA-N,COC(=O)C(C/C=C/C(=O)OCc1ccccc1)Nc1ccccc1,Bruker ALPHA,373.96442,3997.453,2559,4.0,False,False,Diamant-ATR,confirm
2a58a9ce-b46f-4098-ab93-af3ee7ffadb9,608443,72648,LLUMMIBMIRCYOD-ZHACJKMWSA-N,Cc1nc2ccccc2nc1/C=C/c1nc2ccccc2nc1OCCC(F)(F)C(F)(F)C(F)(F)C(F)(F)C(F)(F)C(F)(F)C(F)(F)C(F)(F)F,Bruker Alpha ATR,373.96442,3997.453,2559,4.0,False,False,Diamant-ATR,dev
2a8e34ce-1419-447a-9265-85bf5dfd8a39,500692,44265,UKIXBAPVINLRJW-UHFFFAOYSA-N,CCc1cc2c(C)ccc(C)c2oc1=O,Bruker ALPHA,373.96442,3997.453,2559,4.0,False,False,Diamant-ATR,confirm
2a979679-6c22-4a15-82df-531e130f4010,489741,41754,QZRDVUOPVSCUAT-UHFFFAOYSA-N,[N-]=[N+]=Nc1nc2ccccc2nc1-c1ccccc1,,373.96442,3997.453,2559,4.0,False,False,Diamant-ATR,dev
2a9ab08e-7ca6-476f-89d3-8e7810c22489,502556,44731,UITRNILXEICAJH-UHFFFAOYSA-N,COc1cc(OC)c(I)c(OC)c1,Bruker ALPHA,373.96442,3997.453,2559,4.0,False,False,Diamant-ATR,confirm
2abd718d-0708-4fe9-9ec1-a7a2b22d63e9,500804,44293,MPOLQYYESLGUMC-UHFFFAOYSA-N,Cc1cc(C)c(SC23CC(C2)C3)c(C)c1,Bruker ALPHA,373.96442,3997.453,2559,4.0,False,False,Diamant-ATR,confirm
2adab727-6475-4381-8d8f-d8b26a9400fd,500276,44161,QTDQUSDQIQFQHE-UHFFFAOYSA-N,CCCCCCCCn1nc(NC(=O)c2ccccc2)c2cccc(C(F)(F)F)c21,Bruker ALPHA,373.96442,3997.453,2559,4.0,False,False,Diamant-ATR,confirm
2adcdc2e-bb2c-4cf6-b88b-a75ff7d83a5f,553987,55730,OWJGFCXTEBEUEN-CZIZESTLSA-N,CC(C)N(/N=N/c1nn(-c2ccc([N+](=O)[O-])cc2)cc1C#N)C(C)C,Bruker ALPHA,373.96442,3997.453,2559,4.0,False,False,Diamant-ATR,dev
2af2dd02-f01a-49c2-bf0c-084b2b708b4d,633346,78310,DEZVLIBBNLEFNZ-UHFFFAOYSA-N,O=C(N(Cc1ccc(F)cc1)c1ccccc1C#Cc1ccccc1)C(F)(F)C(F)(F)C(F)(F)C(F)(F)C(F)(F)C(F)(F)C(F)(F)F,Bruker Alpha-P ATR,373.96442,3997.453,2559,4.0,False,False,Diamant-ATR,confirm
2af643da-da8f-484d-8aed-235be07e44f4,491445,42164,NBOYKYKOJICEIQ-UHFFFAOYSA-N,Cc1cc(-c2ccncc2)cc(C)n1,,373.96442,3997.453,2559,,False,False,,confirm
2afdfce1-2627-43d2-8dea-0cd50a088e42,527276,50176,MFVBUTOBVQRHOJ-UHFFFAOYSA-N,Fc1ccc(P(c2ccc(F)cc2)c2ccccn2)cc1,IR,373.96442,3997.453,2559,4.0,False,False,Diamant-ATR,confirm
2b34f62b-270e-4430-bc47-624c9e06a783,502212,44645,WNANNSIOSNQVAB-UHFFFAOYSA-N,CCCCc1cc2c(OC)cc(OCC)cc2oc1=O,Bruker ALPHA,399.65625,3996.5625,1765,4.0,False,False,Instrument type and / or accessory,dev
2b70c6e2-1558-4630-8827-3dbb5279bbb3,552132,55573,VCKIQSATAZPKJV-UHFFFAOYSA-N,COC(=O)c1ccc(CCc2ccc(C(=O)OC)cc2)cc1,Bruker Alpha ATR,373.96442,3997.453,2559,,False,False,,confirm
2ba25082-0ac5-4699-940f-76751afcdfbc,573495,61649,BKNFZNXZGIKBEB-UHFFFAOYSA-N,CC(Br)c1ccc(C(c2ccc(C(C)Br)cc2)(c2ccc(C(C)Br)cc2)c2ccc(C(C)Br)cc2)cc1,Bruker Alpha ATR,373.96442,3997.453,2559,4.0,False,False,Diamant-ATR,confirm
2bcc2f75-987d-4e58-91d8-4fe9f4e88bca,502432,44700,IHCQZQPPNCXKRM-UHFFFAOYSA-N,Clc1cccc(SC23CC(C2)C3)c1,Bruker ALPHA,373.96442,3997.453,2559,4.0,False,False,ATR platinum Diamond 1 Refl,confirm
2bfd51b8-ed2c-48e1-85a8-73ccc612aaa9,578825,63209,WXSHPONKEBTBJM-UHFFFAOYSA-N,Cc1ccc(C)c(N(c2ccccc2)c2ccccc2)c1,Bruker Alpha ATR,373.96442,3997.453,2559,4.0,False,False,Diamant-ATR,confirm
2c437a3b-2668-4039-9d47-4076e5249534,502332,44675,HHNQKUIYTNDYHW-APHJAUFXSA-N,O=C(OCC1OC=C(OC(=O)c2ccccc2)[C@@H](OC(=O)c2ccccc2)[C@@H]1OC(=O)c1ccccc1)c1ccccc1,Bruker ALPHA,373.96442,3997.453,2559,4.0,False,False,Diamant-ATR,confirm
2c981a6e-c43b-40ad-b708-9ff45d290df6,499116,43871,DYUWQWMXZHDZOR-UHFFFAOYSA-N,COC(=O)c1ccc(I)cc1,Bruker ALPHA,373.96442,3997.453,2559,4.0,False,False,Diamant-ATR,confirm
2ca35335-948c-4401-a946-43d1d35862f7,501564,44483,BYSKCSGNIJNMLM-UHFFFAOYSA-N,CC(C)(C)C(=O)Nc1nn(Cc2ccc(C(F)(F)F)cc2)c2ccccc12,Bruker ALPHA,373.96442,3997.453,2559,4.0,False,False,ATR platinum Diamond 1 Refl,confirm
2ca6e0b6-feec-4038-a7dc-01c53da7ff7e,502500,44717,CZKKUZHOTVRKPR-UHFFFAOYSA-M,COC(=O)c1ccc(-c2ccc(C(=O)OC)cc2-[n+]2ccn(C)c2)cc1.[I-],Bruker ALPHA,373.96442,3997.453,2559,4.0,True,False,Diamant-ATR,confirm
2cad1d00-b56b-4ca4-922c-81a4ff78f602,659672,84292,NGYWXNYZKOIHBQ-UHFFFAOYSA-N,O=C(Nc1ccccc1C#Cc1ccccc1)C(F)(F)F,Bruker Alpha-P ATR,373.96442,3997.453,2559,4.0,False,False,Diamant-ATR,confirm
2cbd3450-a7e8-40f8-ab1e-bfbd587cda1f,500520,44222,ZSJIRGBDYMYVDO-UHFFFAOYSA-N,Cc1cc(C#N)c(C)cc1C#N,Bruker ALPHA,373.96442,3997.453,2559,4.0,False,False,Diamant-ATR,confirm
2ccf9e19-532b-43f3-a9a5-423d50ca5be8,499632,44000,LRUNHYLVQLYHCI-UHFFFAOYSA-N,C(#Cc1ccccn1)c1ccc(C#Cc2ccccn2)cc1,Bruker ALPHA,373.96442,3997.453,2559,4.0,False,False,Diamant-ATR,confirm
2cd193c1-1889-493a-9bf2-f7de64c5aafa,499748,44029,OTYYAQUJROEMEC-UHFFFAOYSA-N,CCCCC1(c2cc(OC)c3cc(-c4cccc(OC)c4)c(=O)oc3c2)CCCC1,Bruker ALPHA,373.96442,3997.453,2559,4.0,False,False,Diamant-ATR,confirm
2cd65eeb-0c62-4725-8ff7-abcfaf713d01,502164,44633,TZXYZCGWHFCFDX-UHFFFAOYSA-N,N#Cc1ccc2[nH]c3ccc(C#N)cc3c2c1,Bruker ALPHA,399.65625,3996.5625,1765,4.0,False,False,Instrument type and / or accessory,confirm
2ceae032-0b62-4b44-8d41-4d4dcc8cac5a,499768,44034,OLERZURONBJUJK-UHFFFAOYSA-N,Cc1cc([N+](=O)[O-])cc(C)n1,Bruker ALPHA,373.96442,3997.453,2559,4.0,False,False,Diamant-ATR,dev
2cf9952d-cad3-47af-8518-b3b30b70fb36,502120,44622,UMGDCJDMYOKAJW-UHFFFAOYSA-N,NC(N)=S,Bruker ALPHA,399.65625,3996.5625,1765,4.0,False,False,Instrument type and / or accessory,confirm
2d133d5f-c829-499f-ae57-e5f1d08782fa,501228,44399,VTHJAOWBQMFELK-UHFFFAOYSA-N,Cc1ccc(C(N)=C2SCCCS2)cc1,Bruker ALPHA,373.96442,3997.453,2559,4.0,False,False,ATR platinum Diamond 1 Refl,confirm
2d185848-fb74-4eb1-9dbc-d3fab6725f14,514373,47574,QBGRAELMPIMNON-UHFFFAOYSA-N,CCNc1ccc(C=O)cc1,BRUKER ALPHA,373.82813,3997.4121,2560,4.0,False,False,ATR platinum Diamond 1 Refl,confirm
2d2442c1-708f-4d76-b16d-07880e813205,673186,87115,SRVNGHRZKVBEMJ-UHFFFAOYSA-N,COc1ccc(-c2c(C(=O)C(F)(F)C(F)(F)C(F)(F)C(F)(F)C(F)(F)C(F)(F)C(F)(F)F)c3ccccc3n2Cc2ccc(F)cc2)cc1,Bruker Alpha-P ATR,373.96442,3997.453,2559,4.0,False,False,Diamant-ATR,dev
2d29cbe5-c17b-45f5-9a1c-009d774fdaf5,20596,2592,NHLOBHNRBWKNIO-UHFFFAOYSA-N,CCOC(=O)c1ccc(NC(C)=O)cc1,Bruker IFS 88,373.96442,3997.453,2559,4.0,False,False,Diamant-ATR,confirm
2d3304ea-29c8-4fcc-80e7-f0fb18c90624,670616,86690,DPZYLEIWHTWHCU-UHFFFAOYSA-N,C=Cc1cccnc1,FTIR Bruker IFS 88,373.96442,3997.453,2559,4.0,False,False,Diamant-ATR,confirm
2d33684e-b88e-4f4b-aab6-af9b629c4eb4,500656,44256,ZSDCOJYTOPQNRK-UHFFFAOYSA-N,O=C(c1ccccc1)c1cc2ccc1CCc1ccc(cc1-c1ccc(N(c3ccccc3)c3ccccc3)cc1)CC2,Bruker ALPHA,373.96442,3997.453,2559,4.0,False,False,Diamant-ATR,confirm
2d357d29-fb87-45fc-bcb0-4a00500359b7,500592,44240,AEZWFIDFTKGWHZ-KCLGDLJQSA-N,C=CCO[C@@H]1OC(COCc2ccccc2)[C@@H](OC(C)=O)[C@H](O[C@@H]2OC(C)[C@@H](OC(=O)CCC(C)=O)[C@H](OC(C)=O)C2OC(C)=O)C1NC(=O)C(Cl)(Cl)Cl,Bruker ALPHA,373.96442,3997.453,2559,4.0,False,False,ATR platinum Diamond 1 Refl,confirm
2d4e0907-5e37-4b10-9bca-c42208266a99,525611,49940,HGEXOLINXGPVAB-UHFFFAOYSA-N,CCCCCCc1cc2c(C)c(O)c(C)c(C)c2oc1=O,Bruker Alpha ATR,373.96442,3997.453,2559,4.0,False,False,Diamant ATR,confirm
2d642ea8-b280-4aa5-ae1a-806e5071da84,499388,43939,UISCOOXDOFRXSD-UHFFFAOYSA-N,CCN(CC)c1ccc2c(COC(=O)NCCOc3ccc(C(=C4CCCCC4)c4ccc(O)cc4)cc3)cc(=S)oc2c1,Bruker ALPHA,373.96442,3997.453,2559,4.0,False,False,Diamant-ATR,dev
2ddafc7e-45ab-42a0-80c8-08d8b6da922b,612224,73819,SECOVEPJEIBBPV-UHFFFAOYSA-N,O=c1[nH]c2ccccc2n2nnnc12,Bruker Alpha ATR,373.96442,3997.453,2559,4.0,False,False,Diamant-ATR,confirm
2ddc60c2-3675-40cc-b0fd-de0366f7370f,500668,44259,UIZKHLJWMZEWHJ-UHFFFAOYSA-N,CCCCCc1cc2c(C)ccc(C)c2oc1=O,Bruker ALPHA,373.96442,3997.453,2559,4.0,False,False,Diamant-ATR,confirm
2de21add-f665-4f7b-a700-43a2d317d817,500188,44139,ARLFSUPEVVINSS-UHFFFAOYSA-N,CCOC(=O)c1cc(N=[N+]=[N-])c(C(=O)OCC)cc1N=[N+]=[N-],Bruker ALPHA,373.96442,3997.453,2559,4.0,False,False,Diamant-ATR,confirm
2e11d164-9e90-442c-93f7-b15d52d9d93f,518254,48414,ALUDOBBDYFOFJP-UHFFFAOYSA-N,FC(F)(F)c1nc2ccccc2n2nnnc12,Bruker IFS 88,373.96442,3997.453,2559,4.0,False,False,Diamant-ATR,confirm
2e14d4b6-f572-4db0-8861-0ae051506d78,525977,49992,QRDGLFDBJFMAHP-UHFFFAOYSA-N,Cc1cc(C)cc(P(c2cc(C)cc(C)c2)c2ccccn2)c1,IR,373.96442,3997.453,2559,4.0,False,False,Diamant-ATR,confirm
2e189f61-657d-4921-8376-edede5975aab,20506,2583,MKGJUOKAGPZUBB-UHFFFAOYSA-N,CC(=O)Nc1ccc(-n2nc(C)cc2C)cc1,Bruker IFS 88,373.96442,3997.453,2559,4.0,False,False,Diamant-ATR,confirm
2e199994-8b67-42e7-be2e-e22a16bf76d1,502184,44638,PWTNETRVGSMRCP-UHFFFAOYSA-N,Cc1cc(-c2cc(-c3cc(C)c4ccccc4n3)cc(-c3cc(C)c4ccccc4n3)c2)nc2ccccc12,Bruker ALPHA,399.65625,3996.5625,1765,4.0,False,False,Instrument type and / or accessory,confirm
2e5316e1-fb1a-4530-8687-d6c03f9144d5,639711,79661,SPSSDDOTEZKOOV-UHFFFAOYSA-N,Clc1nc2ccccc2nc1Cl,Bruker Alpha ATR,373.96442,3997.453,2559,4.0,False,False,Diamant-ATR,confirm
2e55bc27-47c9-449a-9f93-b931183e84e8,502452,44705,JWRPEIHCOOVRCG-UHFFFAOYSA-N,Cc1ccc(C)c(-c2ccc(N(c3ccccc3)c3ccc(-c4cc(C)ccc4C)cc3)cc2)c1,Bruker ALPHA,373.96442,3997.453,2559,4.0,False,False,Diamant-ATR,confirm
2e651f15-ee5d-4a43-bfcb-efd347574b45,500384,44188,OYDIPROZEFUHNQ-WUKNDPDISA-N,CC(C)N(/N=N/c1cccc(F)c1C#N)C(C)C,Bruker ALPHA,373.96442,3997.453,2559,4.0,False,False,Diamant-ATR,confirm
2e818f2f-9104-4149-b6ed-396339da3c6b,510984,46855,CRQVKDBVTVUHKQ-UHFFFAOYSA-N,C1=Cc2nc1c(-c1ccccc1)c1ccc([nH]1)c(-c1ccccc1)c1nc(c(-c3ccccc3-c3cc4[nH]c3c(-c3ccccc3)c3nc(c(-c5ccccc5)c5ccc([nH]5)c(-c5ccccc5)c5nc(c4-c4ccccc4)C=C5)C=C3)c3ccc([nH]3)c2-c2ccccc2)C=C1,IR,373.96442,3997.453,2559,4.0,False,False,Diamant-ATR,confirm
2e90f41e-8510-45a8-beb9-9854f8b6cc52,531118,50938,IOGOYECUJCGPGG-UHFFFAOYSA-N,COc1cc(C(=O)c2cc(NC(=O)C(F)(F)F)ccc2Br)c(OC)c2ccccc12,BRUKER Alpha P,373.96442,3997.453,2559,4.0,False,False,Diamant-ATR,confirm
2e95dd82-b378-4f85-a927-21c9c6bd9b58,529594,50617,XQQIOPIFKLYXMT-UHFFFAOYSA-N,Cc1nc2ccccc2nc1OCCC(F)(F)C(F)(F)C(F)(F)C(F)(F)C(F)(F)C(F)(F)C(F)(F)C(F)(F)F,Bruker Alpha ATR,373.96442,3997.453,2559,4.0,False,False,Diamant-ATR,confirm
2eaa8650-6927-4395-ba24-d6881c66dafe,572946,61529,RYHAHJQRABBIER-UHFFFAOYSA-N,CC(C)C(O)c1ccc(-c2ccc(C(O)C(C)C)cc2)cc1,Bruker Alpha ATR,373.96442,3997.453,2559,4.0,False,False,ATR platinum Diamond 1 Refl,confirm
2eb1e48c-470c-4528-8f8d-929b56a8168d,529761,50654,QYXAQLFFMYZTEL-UHFFFAOYSA-N,O=Cc1nc2ccccc2nc1OCCC(F)(F)C(F)(F)C(F)(F)C(F)(F)C(F)(F)C(F)(F)C(F)(F)C(F)(F)F,Bruker Alpha ATR,399.03993,3996.5701,1750,4.0,False,False,Instrument type and / or accessory,confirm
2eebfc72-c146-431e-8d0b-f8eeab019b9e,499756,44031,NTKMQGUQMVLCRK-UHFFFAOYSA-N,COC(=O)C1(C2CCC(=O)O2)CC(=O)c2c(OC)cc(C)c(Br)c2O1,Bruker ALPHA,373.96442,3997.453,2559,4.0,False,False,Diamant-ATR,confirm
2f1b0f48-9248-405a-96bb-2714ef91e934,500248,44154,BPBRBRUYQKQJIX-UHFFFAOYSA-N,C=CCOc1cc(C(=O)OCC)c(OCC=C)cc1C(=O)OCC,Bruker ALPHA,373.96442,3997.453,2559,4.0,False,False,Diamant-ATR,confirm
2f541d84-bb63-4a1f-baab-99c761ef8827,502292,44665,WKMIXRMZYSDALB-UHFFFAOYSA-N,CCC[CH2][Sn]([CH2]CCC)([CH2]CCC)[c]1ccc(C(=O)O)cc1,Bruker ALPHA,399.65625,3996.5625,1765,4.0,False,True,Instrument type and / or accessory,confirm
2f542979-052c-4b4b-95ef-4371d6573575,543923,53839,SILZPWRTTDUIOT-ZPNKGADNSA-N,COC(=O)c1cc(C)c(/N=C/C=N/c2c(C)cc(C(=O)OC)cc2C)c(C)c1,Bruker Alpha ATR,373.96442,3997.453,2559,4.0,False,False,Diamant-ATR,confirm
2f89818d-e2ab-4e64-a487-2c4c0398361f,502020,44597,HJEZYHYUFLWLLL-RBUOVPEYSA-N,CC(=O)O[C@@H]1[C@@H](OC(C)=O)[C@@H](OC(C)=O)C(OCc2ccccc2)O[C@H]1C,Bruker ALPHA,373.96442,3997.453,2559,4.0,False,False,ATR platinum Diamond 1 Refl,confirm
2fb375eb-c36a-4dbe-a444-7a520cd19657,645812,81111,XOSYBQIJXZRPNJ-UHFFFAOYSA-N,COC(OC)c1nc2ccccc2nc1N,Bruker Alpha ATR,373.96442,3997.453,2559,4.0,False,False,Diamant-ATR,dev
2febcf5b-c5da-44d3-bf29-300f1a96c217,500312,44170,BUHKQTKKZAXSMH-UHFFFAOYSA-N,O=C(O)c1cc(O)ccc1[N+](=O)[O-],Bruker ALPHA,373.96442,3997.453,2559,4.0,False,False,Diamant-ATR,confirm
30144fef-aeca-493f-81e6-ed6ffb868a38,500340,44177,ZFECCYLNALETDE-SSDOTTSWSA-N,C[C@@H](O)CN(CCO)CCO,Bruker ALPHA,373.96442,3997.453,2559,4.0,False,False,Diamant-ATR,confirm
301c1a57-b30d-4ed3-9794-c68694cc892c,501336,44426,BUUYJMSHILEMDW-UHFFFAOYSA-N,O=C(c1cn(Cc2ccc(C(F)(F)F)cc2)c2ccccc12)C1CCCCC1,Bruker ALPHA,373.96442,3997.453,2559,4.0,False,False,ATR platinum Diamond 1 Refl,dev
306ee4f3-277d-4603-a57b-a56d7d6302fc,506975,45860,OTBJFGYJFMXNPI-UHFFFAOYSA-N,COc1ccccc1N=S(=O)(c1ccccc1)C12CC(C1)C2,Bruker Alpha ATR,373.96442,3997.453,2559,4.0,False,False,Diamant-ATR,confirm
3098e463-8a30-4594-8dff-baf33aea91d2,502480,44712,IBBVNHFCQCTQGU-LPCLAJPDSA-N,C=CC(=O)N1[C@H](C(=O)OC)C[C@H](C(=O)N2[C@@H](C(=O)OC)C[C@@H](C(=O)N3[C@H](C(=O)OC)C[C@H](C(=O)O[C@@H]4C[C@H](C)CC[C@H]4C(C)C)[C@@H]3c3cccc(F)c3)[C@H]2c2cccc(Cl)c2)[C@@H]1c1cccc(Br)c1,Bruker ALPHA,373.96442,3997.453,2559,4.0,False,False,Diamant-ATR,confirm
30d33ab6-4c11-4c0e-9aeb-04b51cd16970,500700,44267,LPTITAGPBXDDGR-KVDYFSNESA-N,CC(=O)OCC1O[C@@H](OC(C)=O)C(OC(C)=O)[C@@H](OC(C)=O)[C@@H]1OC(C)=O,Bruker ALPHA,373.96442,3997.453,2559,4.0,False,False,Diamant-ATR,confirm
30f947c2-495f-4143-a33c-5c3a41d0c05c,533082,51383,YBFFHQQKFLLCFZ-UHFFFAOYSA-N,CC1(C)c2ccc(-c3cn(-c4ccc(C(c5ccc(-n6cc(-c7ccc8c(c7)C(C)(C)N([O])C8(C)C)nn6)cc5)(c5ccc(-n6cc(-c7ccc8c(c7)C(C)(C)N([O])C8(C)C)nn6)cc5)c5ccc(-n6cc(-c7ccc8c(c7)C(C)(C)N([O])C8(C)C)nn6)cc5)cc4)nn3)cc2C(C)(C)N1[O],Bruker Alpha ATR,373.96442,3997.453,2559,4.0,False,False,Diamant ATR,dev
3137b395-e546-4932-9443-9435e75f7539,507467,45989,IVTHOYRIKUXPBD-UHFFFAOYSA-N,CCOC(=O)N=S(=O)(c1ccc([N+](=O)[O-])cc1)C12CC(C1)C2,Bruker Alpha ATR,373.96442,3997.453,2559,4.0,False,False,Diamant-ATR,confirm
313f4fc2-85d1-46d8-ac3e-5985a5ab88a7,629118,77509,IMOCGYGQTYCGDY-UHFFFAOYSA-N,CCCCc1cnc2c(N)nc3ccccc3n12,Bruker Alpha ATR,373.96442,3997.453,2559,4.0,False,False,Diamant-ATR,confirm
3153d15f-feca-4acc-8fa6-d060f10b1880,509034,46356,NFNPGGQEMATDEF-UHFFFAOYSA-N,COc1ccc(N2c3ccccc3Oc3ccccc32)cc1-c1cccc(-c2cc(N3c4ccccc4Oc4ccccc43)ccc2OC)c1,Bruker Alpha ATR,373.96442,3997.453,2559,4.0,False,False,Diamant-ATR,confirm
3155798e-8ebc-4af6-b2e2-1f95b0f3d3af,621853,76052,MZVWXNMVEPSDOD-UHFFFAOYSA-N,CC(C)COC(=O)c1c(N)c(C(=O)OCC(C)C)c(N)c(C(=O)OCC(C)C)c1N,Bruker Avance AV 400,373.96442,3997.453,2559,4.0,False,False,Diamant-ATR,confirm
31557e2b-761f-456a-95b8-574fd6ad2126,525569,49932,KPXAPSGOGAMFLW-UHFFFAOYSA-N,CCCCCc1cc2c(C)c(O)c(C)c(C)c2oc1=O,Bruker Alpha ATR,373.96442,3997.453,2559,4.0,False,False,Diamant ATR,confirm
315819d1-4297-43f7-ac75-e64604153883,672971,87087,KTPIZOYTZMBWTA-UHFFFAOYSA-N,Cc1ccccc1Cn1c(-c2ccccc2)c(C(=O)C(F)(F)C(F)(F)C(F)(F)C(F)(F)C(F)(F)C(F)(F)C(F)(F)F)c2ccccc21,Bruker Alpha-P ATR,373.96442,3997.453,2559,4.0,False,False,Diamant-ATR,confirm
31c36c6b-2d90-4cd3-814d-5cf3919edd05,495387,42936,MLOTWJWIBHBDDT-BTDWIKORSA-N,C1=C/C2=C(\c3ccccc3)c3ccc4[n]3[Zn][n]3/c(cc/c3=C(\c3ccccc3)C3=N/C(=C\4c4ccc(-c5cc6ccc5CCc5ccc(c(-c7ccc(/C8=c9\cc/c%10[n]9[Zn][n]9c(ccc9/C(c9ccccc9)=C9/C=CC8=N9)/C(c8ccccc8)=C8/C=CC(=N8)\C=%10c8ccccc8)cc7)c5)CC6)cc4)C=C3)=C(/c3ccccc3)C1=N2,Bruker Alpha ATR,373.96442,3997.453,2559,,False,True,,confirm
31dd7150-40af-4ff9-9acb-f6ec0cfd4ffc,605494,71566,KUVSJEDELBLMHP-UHFFFAOYSA-N,[Cl-].[NH3+]c1cccc(-c2cn(-c3cnc4ccccc4n3)nn2)c1,Bruker Alpha ATR,373.96442,3997.453,2559,4.0,True,False,Diamant-ATR,confirm
31f5389a-1262-4ee0-854f-3a028f9bf3e9,579171,63301,WBKJCWCZCVCHLH-UHFFFAOYSA-N,O=P(c1ccccc1)(c1ccccc1)c1cc2ccc1CCc1ccc(cc1Br)CC2,Bruker Alpha ATR,373.96442,3997.453,2559,4.0,False,False,Diamant-ATR,confirm
31f66363-15be-4f48-baaa-90149ccbce8c,662580,84981,XSDMQMVIDCRHRR-UHFFFAOYSA-K,Cc1ccc2ccc3ccc(C)nc3c2n1.Cc1ccc2ccc3ccc(C)nc3c2n1.O=C([O][Eu]([O]C(=O)c1ccccc1F)[O]C(=O)c1ccccc1F)c1ccccc1F,Bruker Alpha,373.96442,3997.453,2559,4.0,True,True,Diamant-ATR,confirm
323b3b2b-57a8-44e1-a61b-9c33258cb041,501232,44400,LXKWSUYFYQCLRX-UHFFFAOYSA-N,CC(=O)CCC(=C1SCCS1)c1ccccc1,Bruker ALPHA,373.96442,3997.453,2559,4.0,False,False,ATR platinum Diamond 1 Refl,confirm
324a7326-b9c3-4a12-8e90-a9aa971388a5,629398,77569,HVPGYAGVCOFPJH-UHFFFAOYSA-N,Fc1ccc(-c2nc3cc(C(F)(F)F)ccc3s2)cc1,BRUKER ALPHA,373.96442,3997.453,2559,4.0,False,False,Diamant-ATR,confirm
325ea893-96c2-4c0a-b3a3-0dd16908ba98,527426,50197,HEUZWJQTESFHKU-UHFFFAOYSA-L,Fc1ccc(P(c2ccc(F)cc2)c2ccc(F)cc2)cc1.Fc1ccc(P(c2ccc(F)cc2)c2ccc(F)cc2)cc1.[Cu][I].[Cu][I].c1ccc(P(c2ccccc2)c2ccccn2)cc1,IR,373.96442,3997.453,2559,4.0,True,True,Diamant-ATR,confirm
325fe215-455d-4c86-be75-362775423118,501004,44343,WKNUABFOBBBWQC-UHFFFAOYSA-N,O=C(OI(OC(=O)c1cc(Cl)cc(Cl)c1)c1ccccc1)c1cc(Cl)cc(Cl)c1,Bruker ALPHA,373.96442,3997.453,2559,4.0,False,False,Diamant-ATR,confirm
32669e92-bcd5-404b-8a32-f5ce845e7770,639050,79518,QLLLYNCAUWNZSY-UHFFFAOYSA-N,O=[N+]([O-])c1cccc2ccc(C(Br)(Br)Br)nc12,SHIMADZU IRTRACER-100,249.7859,4000.433,3890,,False,False,,dev
32748bd9-2da6-4111-9683-4e0e00c49ab7,524494,49746,GCOUUCTXNLMQAN-UHFFFAOYSA-N,Cc1ccc(P(c2ccc(C)cc2)c2ccccn2)cc1,IR,373.96442,3997.453,2559,4.0,False,False,Diamant- ATR,confirm
3280a1de-1d32-4225-8233-71d097a6cc6f,634193,78474,YXIJMMYJFBYEEB-UHFFFAOYSA-N,CCCCc1cnc2c(C(F)(F)F)nc3ccccc3n12,Bruker Alpha ATR,373.96442,3997.453,2559,4.0,False,False,Diamant-ATR,dev
32b12475-64ff-4915-b95e-f504546d3582,500500,44217,AMCPOEOUXQWESI-UHFFFAOYSA-N,CCCCCn1cc(C(=O)Cc2ccccc2)c2ccccc21,Bruker ALPHA,373.96442,3997.453,2559,4.0,False,False,Diamant-ATR,confirm
32b965c0-0200-4f47-b1a6-dfbd2d89e5c6,501296,44416,RDZXWYPWXOYFON-UHFFFAOYSA-N,Cc1ccc(Cn2nc(NC(=O)c3ccccc3)c3cccc(C(F)(F)F)c32)cc1,Bruker ALPHA,373.96442,3997.453,2559,4.0,False,False,ATR platinum Diamond 1 Refl,dev
32e3f974-266a-49a0-8021-a05a4fa6dc58,605060,71856,AZIGGTBMCCWNPW-UHFFFAOYSA-N,Cc1nc2ccccc2nc1C=O,Bruker Alpha ATR,373.96442,3997.453,2559,4.0,False,False,Diamant-ATR,confirm
32fd030d-737c-47eb-95ff-1bb2c39e1d1a,501320,44422,CWJQNRZAIHGILS-UHFFFAOYSA-N,CCCC(=O)c1cn(Cc2ccc(C(F)(F)F)cc2)c2ccccc12,Bruker ALPHA,373.96442,3997.453,2559,4.0,False,False,ATR platinum Diamond 1 Refl,confirm
330c8bd1-0ffd-460b-824f-567d91a16dae,501476,44461,XFZZZOMHBHBURH-UHFFFAOYSA-N,CC(C)(C)OC(=O)CCCN,Bruker ALPHA,373.96442,3997.453,2559,4.0,False,False,ATR platinum Diamond 1 Refl,confirm
331ee655-7b31-417d-a943-8b61149587a3,639296,79582,XYXSWFSTLISVKT-UHFFFAOYSA-L,CN(C)C(=Nc1cccc2ccc(C3CCCCC3)nc12)N(C)C.CN(C)C(=Nc1cccc2ccc(C3CCCCC3)nc12)N(C)C.O=S(=O)([O-])C(F)(F)F.O=S(=O)([O-])C(F)(F)F.[Cu+2],SHIMADZU IRTRACER-100,249.7859,4000.433,3890,,True,True,,confirm
3324c026-f6f5-4146-8e08-39799287ca3d,490382,41913,SJOKHIZPCGZHAT-UHFFFAOYSA-N,Clc1ccc(SC23CC(Sc4ccc(Cl)cc4)(C2)C3)cc1,Bruker Alpha ATR,373.96442,3997.453,2559,4.0,False,False,Diamant-ATR,confirm
3351f706-eb72-46e8-96d6-b57b4631e257,502396,44691,IPTNLPIUHZDDKO-UHFFFAOYSA-N,CCOc1cc(OC)c2cc(Cc3ccc(F)cc3)c(=O)oc2c1,Bruker ALPHA,373.96442,3997.453,2559,4.0,False,False,ATR platinum Diamond 1 Refl,dev
336cd183-6005-486f-a4a4-ccf771a99e14,500800,44292,KUBSRNAFSRADRJ-UHFFFAOYSA-N,CCCCSC12CC(C1)C2,Bruker ALPHA,373.96442,3997.453,2559,4.0,False,False,Diamant-ATR,confirm
336e1db6-936e-4f60-a6fc-931e2899a982,676413,87898,WHSCGUSTPPOIDC-CSKARUKUSA-N,CN(C)c1cc2c(/C=C/c3ccncc3)cc1CCc1ccc(cc1)CC2,FTIR Bruker IFS 88,373.96442,3997.453,2559,4.0,False,False,Diamant-ATR,confirm
337e22c2-cee2-4ad3-a615-ac19c70e26e5,500148,44129,ATCQGPIEAJDZIZ-UHFFFAOYSA-N,N#Cc1c(-n2c3ccccc3c3ccccc32)c(-c2nnc(-c3c(F)c(F)c(F)c(F)c3F)o2)c(-n2c3ccccc3c3ccccc32)c(-n2c3ccccc3c3ccccc32)c1-n1c2ccccc2c2ccccc21,Bruker ALPHA,373.96442,3997.453,2559,4.0,False,False,Diamant-ATR,dev
339669db-4744-47c9-8d3e-45244a2370e6,602742,71408,MPRWSIYLAUTZRJ-GHVJWSGMSA-N,CC(=O)NCc1cnn(Cc2ccccc2)c1/N=N/N(C(C)C)C(C)C,Bruker ALPHA,373.96442,3997.453,2559,4.0,False,False,Diamant-ATR,confirm
3397e22d-c512-485c-8185-fa5a78c05939,500460,44207,WEWHOQGGMKXBGI-UHFFFAOYSA-N,CCC(CCC(=O)OC)=C1SCCS1,Bruker ALPHA,373.96442,3997.453,2559,4.0,False,False,Diamant-ATR,confirm
33e3f86e-2a4d-48c3-98c8-71fc38d66cd1,508472,46210,YYVNJMDZXBHEAA-UHFFFAOYSA-N,Cc1ccc2nc(-c3ccc([N+](=O)[O-])cc3)sc2c1,BRUKER ALPHA,373.82813,3997.4121,2560,4.0,False,False,ATR platinum Diamond 1 Refl,confirm
33eaf322-4ad3-4b94-9e0c-d56f5c5c93da,500900,44317,PYGLVRGKSAJWOE-GOSISDBHSA-N,COC(=O)[C@H]1CC(=O)CN1C(=O)c1cc(OCc2ccccc2)ccc1[N+](=O)[O-],Bruker ALPHA,373.96442,3997.453,2559,4.0,False,False,Diamant-ATR,confirm
33ec54ea-fb40-43b9-9ffa-8c325b6e77c3,501216,44396,OMYYMEJCUMGFRZ-UHFFFAOYSA-N,CCOc1cc(OC)c2cc(Cc3ccc(OC)cc3)c(=O)oc2c1,Bruker ALPHA,373.96442,3997.453,2559,4.0,False,False,ATR platinum Diamond 1 Refl,confirm
340b9cdc-4583-45a9-9d51-df044bde9bed,648163,81728,RRIKWYIWYSETTC-UHFFFAOYSA-N,CC(=O)C1CCCCC1C(=C1SCCS1)c1ccccc1,Bruker Alpha,373.96442,3997.453,2559,4.0,False,False,Diamant-ATR,confirm
341397e8-3128-4350-85ca-7ec7b938c8f3,507331,45953,LFQXFMHDVUMDRF-UHFFFAOYSA-N,COC(=O)CCS(=N)(=O)C12CC(C1)C2,Bruker Alpha ATR,373.96442,3997.453,2559,4.0,False,False,Diamant-ATR,confirm
3420c7f2-cc96-49b7-b283-acf2c5979a0c,549598,55057,TZORKOGYGJIPLE-UHFFFAOYSA-N,c1ccc(Nc2cc3c(-c4ccccc4)cc2CCc2ccc(cc2)CC3)cc1,"Bruker, Alpha ATR",373.96442,3997.453,2559,4.0,False,False,Diamant-ATR,confirm
34535829-1234-4ec8-81f7-abaf7c9fc903,512003,47107,RJOYWTPJYZNRJD-UHFFFAOYSA-N,Brc1cc2ccc1CCc1ccc(cc1)CC2,"Bruker, model IFS 88",373.96442,3997.453,2559,4.0,False,False,Diamant-ATR,confirm
34ac844b-e636-4c1a-99f3-fdc7c7aee9fb,558958,57162,QFPQAGCPTOKOBM-UHFFFAOYSA-N,CC(=O)N1Cc2cn(C3CCCC3)nc2N=N1,Bruker ALPHA,373.96442,3997.453,2559,4.0,False,False,Diamant-ATR,confirm
34cead22-448e-49ef-8f3d-48de1db5e964,499516,43971,OXWIEWFMRVJGNY-UHFFFAOYSA-N,Cc1ccc(S(=O)(=O)n2cccc2)cc1,Bruker ALPHA,373.96442,3997.453,2559,4.0,False,False,Diamant-ATR,confirm
34d73508-f4ac-42f2-b5df-84a4a85d8d6e,502004,44593,UXWRDWRPWLLRBK-JWEKRMLRSA-N,C[C@@H]1NC(=O)[C@H]2CCCN2C(=O)[C@H](Cc2ccccc2)NC(=O)[C@H](Cc2c[nH]c3ccccc23)NC(=O)[C@H](C)NC(=O)[C@H]2CCCN2C(=O)[C@H](Cc2ccccc2)NC(=O)[C@H](Cc2c[nH]c3ccccc23)NC1=O,Bruker ALPHA,399.65625,3996.5625,1765,4.0,False,False,Instrument type and / or accessory,confirm
34f17cd1-eb9c-41b4-9201-745fb76f0ffa,548482,54803,BARKMNJQFMQDKN-UHFFFAOYSA-N,C[Si](C)(C)C#Cc1ccc2[nH]ccc2c1,Bruker Alpha,373.82813,3997.4121,2560,4.0,False,False,Diamant-ATR,confirm
3565d9ea-aa82-4301-b42e-66e6419a2c3f,510904,46829,PQNMDYKEGIJCTR-UHFFFAOYSA-N,Cc1ccc2nc(-c3ccc(F)cc3)sc2c1,BRUKER ALPHA,373.82813,3997.4121,2560,4.0,False,False,Diamant-ATR,dev
356688b6-9149-4da1-886d-ca40af3d99ac,501116,44371,JZDIDTZRRZBTNF-UHFFFAOYSA-N,O=C(Nc1nn(C(=O)c2ccccc2)c2ccccc12)c1ccccc1,Bruker ALPHA,373.96442,3997.453,2559,4.0,False,False,Diamant-ATR,confirm
35cdb195-b950-4aa3-b72d-7d5df1cc3b0e,613796,74273,MKKNIUYAPHYFAO-UHFFFAOYSA-N,Nc1c(C(=O)OCc2ccccc2)c(N)c(C(=O)OCc2ccccc2)c(N)c1C(=O)OCc1ccccc1,Bruker Alpha ATR,373.96442,3997.453,2559,4.0,False,False,Diamant-ATR,dev
35d974f0-54a4-436b-abf6-afb83eb3fa29,640128,79728,AGOIKVNHWRZZME-QURGRASLSA-N,CCCCCCCCOc1nc2ccccc2nc1/C=C/c1nc2cc(-c3ccc(F)cc3)c(-c3ccc(F)cc3)cc2nc1C,Bruker Alpha ATR,373.96442,3997.453,2559,4.0,False,False,Diamant-ATR,confirm
35f414d6-163b-47bb-bcbb-bc6e62e09d4a,628551,77427,XAKPOUMBAWIAJL-UHFFFAOYSA-N,Nc1nc2ccccc2nc1-n1cc(-c2ccccc2)nn1,Bruker Alpha ATR,373.96442,3997.453,2559,4.0,False,False,Diamant-ATR,dev
35fac4b1-a8e6-4935-9674-2287b03ee774,549124,54939,KQBMPTUNDIHOQF-UHFFFAOYSA-N,CC(C)c1cc(Br)cc(C(C)C)n1,BRUKER ALPHA,373.96442,3997.453,2559,4.0,False,False,Diamant-ATR,confirm
364fb279-5d5a-401f-b7d6-90969d47b7a2,636623,78972,LKSMCVFTDQIOMY-XOXGWFOHSA-N,CCCCCCCCOc1nc2ccccc2nc1/C=C/c1nc2cc(-c3ccccc3)c(-c3ccccc3)cc2nc1/C=C/c1nc2ccccc2nc1C,Bruker Alpha ATR,373.96442,3997.453,2559,4.0,False,False,Diamant-ATR,dev
3660a4f2-f6fa-40aa-aacc-3d54af1f7c64,501856,44556,DDRPCXLAQZKBJP-UHFFFAOYSA-N,NCc1ccco1,Bruker ALPHA,373.96442,3997.453,2559,4.0,False,False,ATR platinum Diamond 1 Refl,confirm
366b1081-d292-470a-901d-dce7127548d6,502508,44719,IVJSFXWUGVWHLT-UHFFFAOYSA-N,CC(C)(C)[Si](OCCN)(c1ccccc1)c1ccccc1,Bruker ALPHA,373.96442,3997.453,2559,4.0,False,False,Diamant-ATR,confirm
3684666d-9e5e-44de-87ee-afc0bb073a83,628066,77341,MRXCZHLKRNMFEL-UHFFFAOYSA-N,O=Cc1cc2ccc1CCc1ccc(c(C=O)c1)CC2,Bruker Alpha ATR,373.96442,3997.453,2559,4.0,False,False,Diamant-ATR,confirm
368cf761-21bb-48e4-bc8e-458ebf17cc03,499464,43958,REJBTXQSIQFRRE-NQFMHKJYSA-N,C[C@]12CCC(=O)C[C@@H]1CC[C@@H]1[C@@H]2CC[C@]2(C)[C@@H](C3=CC(=O)OC3)CC[C@]12O,Bruker ALPHA,373.96442,3997.453,2559,4.0,False,False,Diamant-ATR,confirm
369dc0e0-2aa6-437d-8566-c537f05b42e8,618749,75464,IUGMVBUDECYPGB-UHFFFAOYSA-N,N#[N+][N-]c1cc(C(=O)O)ccc1C(=O)O,Bruker Alpha,373.96442,3997.453,2559,4.0,False,False,Diamant-ATR,confirm
36ba80b7-eede-4de7-9c1a-5f61d4374e08,631315,77922,QEFKCPWDVHVOQC-UHFFFAOYSA-N,COP(=O)(OC)c1cccc(F)c1,Bruker Alpha ATR,373.96442,3997.453,2559,4.0,False,False,Diamant-ATR,confirm
370ca196-cd01-4c1b-8ea1-9b543ed0edc8,676463,87914,BPBOJZFNHXUUNG-UHFFFAOYSA-N,Nc1cc2ccc1CCc1ccc(cc1)CC2,FTIR Bruker IFS 88,373.96442,3997.453,2559,4.0,False,False,Diamant-ATR,confirm
370cedbd-dddb-4464-a174-d38805724d25,641261,79921,WWXKFQJWHMHAIR-UHFFFAOYSA-N,COc1ccccc1P(=O)(OC)OC,Bruker Alpha ATR,373.96442,3997.453,2559,4.0,False,False,Diamant-ATR,dev
370dea2e-df89-4f8e-b332-caf00c0a91b1,499372,43935,AFFNJUBBZUQAAF-IJTCTNLASA-N,COC(=O)[C@@H]1C[C@H](C(=O)N2[C@@H](C(=O)OC)C[C@@H](C(=O)N3[C@H](C(=O)OC)C[C@H](C(=O)O[C@@H]4C[C@H](C)CC[C@H]4C(C)C)[C@@H]3c3cccc(F)c3)[C@H]2c2cccc(Cl)c2)[C@H](c2cccc(Br)c2)N1,Bruker ALPHA,373.96442,3997.453,2559,4.0,False,False,Diamant-ATR,confirm
370f162a-124b-4c52-8efc-8edf07c5f993,20704,2619,MKUFXENKLAEJKE-UHFFFAOYSA-N,Cc1cc(C(O)c2ccccc2[N+](=O)[O-])cc(C)n1,,373.96442,3997.453,2559,4.0,False,False,Diamant-ATR,confirm
372214e7-2e02-436f-99b1-a79b9c9383e2,608859,72660,FFRYUAVNPBUEIC-UHFFFAOYSA-N,O=c1cnc2ccccc2[nH]1,Bruker Alpha ATR,373.96442,3997.453,2559,4.0,False,False,Diamant-ATR,confirm
3753e479-046d-4966-b52d-f3ddaf8fd6a7,507071,45888,ALPYHDRJUBWTEY-UHFFFAOYSA-N,O=[N+]([O-])c1ccc(N=S(=O)(c2ccccc2)C23CC(C2)C3)cc1,Bruker Alpha ATR,373.96442,3997.453,2559,4.0,False,False,Diamant-ATR,confirm
376ebd93-b23d-4439-a2ea-b8ef7ad28336,553805,55701,REIDAMBAPLIATC-UHFFFAOYSA-N,COC(=O)c1ccc(C(=O)O)cc1,Bruker Alpha ATR,373.96442,3997.453,2559,4.0,False,False,Diamant-ATR,confirm
378a8e9d-9d22-4a99-afd0-7f65860ec880,500060,44107,GCRYBHUTYSZNKJ-UHFFFAOYSA-N,C#Cc1cc2ccc1CCc1ccc(cc1)CC2,Bruker ALPHA,373.96442,3997.453,2559,4.0,False,False,Diamant-ATR,confirm
37ab3b33-0a91-4e9f-a414-0c09fa35a122,629583,77597,JRVAJRFYXDELKJ-UHFFFAOYSA-N,CCOc1nc(-c2ccccc2)sc1C=O,Jasco FT/IR 6300,649.8934,4000.6047,3476,,False,False,,confirm
37b33594-a23e-4b4a-9fca-e4fe18c42d0d,502008,44594,JOYIXJKYQUJKQO-UHFFFAOYSA-N,COc1ccc(-c2nc(Cl)nc(Cl)n2)cc1,Bruker ALPHA,373.96442,3997.453,2559,4.0,False,False,ATR platinum Diamond 1 Refl,dev
37ee8073-551b-44db-8870-88e0529faf65,500588,44239,CEAVSMBXRJIDBR-KCDWTJQASA-N,C=CCO[C@@H]1OC(COCc2ccccc2)[C@@H](OC(C)=O)[C@H](O[C@@H]2OC(COS(=O)(=O)c3ccc(C)cc3)[C@@H](OC(=O)CCC(C)=O)[C@H](OC(C)=O)C2OC(C)=O)C1NC(=O)C(Cl)(Cl)Cl,Bruker ALPHA,373.96442,3997.453,2559,4.0,False,False,ATR platinum Diamond 1 Refl,confirm
3853bd52-9f9d-4a17-8dd6-6650f56c8ec5,659021,84167,NUYMHLVXVLDFHG-UHFFFAOYSA-N,CC1=C(C#Cc2c(Cl)cc(OC3CCCCO3)cc2Cl)CCCC1=O,Bruker Alpha,373.96442,3997.453,2559,4.0,False,False,Diamant-ATR,confirm
3890c5e1-4582-4dbf-863f-c36695cc8f6d,630672,77799,OJXAATCZRHUZDB-UHFFFAOYSA-N,COP(=O)(OC)c1ccc(C)cc1,Bruker Alpha ATR,373.96442,3997.453,2559,4.0,False,False,Diamant-ATR,confirm
389d63fd-c53f-480f-a109-9945b4bba3e4,500100,44117,YWTIJCZLLIZCKX-UHFFFAOYSA-N,N#Cc1c(-n2c3ccccc3c3ccccc32)c(-c2nnc(-c3ccc(C(=O)c4ccccc4)cc3)o2)c(-n2c3ccccc3c3ccccc32)c(-n2c3ccccc3c3ccccc32)c1-n1c2ccccc2c2ccccc21,Bruker ALPHA,373.96442,3997.453,2559,4.0,False,False,Diamant-ATR,confirm
38a70e37-f020-44d5-8b1d-a53063d23c8d,513572,47400,RNLYINNBMKDNJK-LURJTMIESA-N,CO[C@@H](C)c1cc(Br)ccc1Br,"Bruker, model IFS 88",373.96442,3997.453,2559,4.0,False,False,Diamant-ATR,confirm
38aa6c1a-a9f9-4958-b98d-6c9636ce1d93,502064,44608,FYRHIOVKTDQVFC-UHFFFAOYSA-M,O=C1[N-]C(=O)c2ccccc21.[K+],Bruker ALPHA,373.96442,3997.453,2559,4.0,True,True,ATR platinum Diamond 1 Refl,confirm
38b354bd-5b66-4027-b1e3-8844d9bd2282,659784,84317,ITXYNAXQYYNFOZ-UHFFFAOYSA-N,O=C(N(Cc1ccc([N+](=O)[O-])cc1)c1ccccc1C#Cc1ccccc1)C(F)(F)C(F)(F)C(F)(F)C(F)(F)C(F)(F)C(F)(F)C(F)(F)F,Bruker Alpha-P ATR,373.96442,3997.453,2559,4.0,False,False,Diamant-ATR,dev
38bcfb9d-7266-45be-8f47-416c554cbd77,605282,71929,AHSWENVYXHLEHF-UHFFFAOYSA-N,CCCCc1cn(-c2cnc3ccccc3n2)nn1,Bruker Alpha ATR,373.96442,3997.453,2559,,False,False,,confirm
38d705aa-bc72-4561-ae5f-74a708e694bf,499088,43864,ABYZUZQRUYXHCW-UHFFFAOYSA-N,FC(F)(F)c1ccc(NC(=S)Nc2ccc(C(F)(F)F)cc2)cc1,Bruker ALPHA,373.96442,3997.453,2559,4.0,False,False,Diamant-ATR,confirm
38d96080-021a-4ed3-98ff-10f3ed0b3b2f,500300,44167,IUEMPKXSZCGPLL-UHFFFAOYSA-N,CCCCCCCCn1nc(NC(=O)C(C)(C)C)c2cccc(C(F)(F)F)c21,Bruker ALPHA,373.96442,3997.453,2559,4.0,False,False,Diamant-ATR,confirm
38e4d514-540a-4db0-a5ac-a7c76e54e17b,499448,43954,GYLDXXLJMRTVSS-UHFFFAOYSA-N,CCCCNC(C)=O,Bruker ALPHA,373.96442,3997.453,2559,4.0,False,False,Diamant-ATR,confirm
38e6fa35-47e3-4a79-a4e2-0db30eabc395,659869,84333,OMFHQPMDZXRDRM-UHFFFAOYSA-N,Cc1ccccc1CN(C(=O)C(F)(F)C(F)(F)C(F)(F)C(F)(F)C(F)(F)C(F)(F)C(F)(F)F)c1ccccc1C#Cc1ccccc1,Bruker Alpha-P ATR,373.96442,3997.453,2559,4.0,False,False,Diamant-ATR,confirm
38e7337e-2417-47d5-bf7f-57e81e818b08,501396,44441,PBTXXVFXWAJEJI-UHFFFAOYSA-N,CN(C)c1cccc(C(=O)C2=CCCC=CCC2)c1,Bruker ALPHA,373.96442,3997.453,2559,4.0,False,False,ATR platinum Diamond 1 Refl,confirm
38f631dc-9169-4cc3-9c9b-012902cc63bb,673344,87137,LUBINYNOHWELAF-UHFFFAOYSA-N,Cc1ccc(Cn2c(-c3ccc(F)cc3)c(C(=O)C(F)(F)C(F)(F)C(F)(F)C(F)(F)C(F)(F)C(F)(F)C(F)(F)F)c3ccccc32)cc1,Bruker Alpha-P ATR,373.96442,3997.453,2559,4.0,False,False,Diamant-ATR,dev
3941b38a-b959-4de4-968d-cbbad32f14ca,509360,46437,DFNVJQOYTSHVCU-UHFFFAOYSA-N,Cc1ccc2nc(-c3ccc(NCc4ccccc4)cc3)sc2c1,BRUKER ALPHA,373.82813,3997.4121,2560,4.0,False,False,ATR platinum Diamond 1 Refl,confirm
3941bc82-8097-4c72-bacc-ea82113d36cf,573915,61755,UODLICXQAZWDDJ-UHFFFAOYSA-N,CC(C)C(ON1C(C)(C)CCCC1(C)C)c1ccc(-c2cc(-c3ccc(C(ON4C(C)(C)CCCC4(C)C)C(C)C)cc3)cc(-c3ccc(C(ON4C(C)(C)CCCC4(C)C)C(C)C)cc3)c2)cc1,Bruker Alpha ATR,373.96442,3997.453,2559,4.0,False,False,Diamant-ATR,confirm
394d2cf3-cb8f-46dc-8bf8-32bce7001d81,634596,78580,ZZMMSPYWOSXXGJ-UHFFFAOYSA-N,COC(=O)c1ccc(-c2cc3nc(C)c(CBr)nc3cc2-c2ccc(C(=O)OC)cc2)cc1,Bruker Alpha ATR,373.96442,3997.453,2559,4.0,False,False,Diamant-ATR,confirm
3962f6dd-e9de-4002-9cb8-046a538f142d,500992,44340,RMDJFIMGJGNTAQ-UHFFFAOYSA-N,c1ccc2c(c1)c1ccccc1n2-c1ccc2[nH]c3c4ccc(c3c2c1)CCc1ccc(cc1)CC4,Bruker ALPHA,373.96442,3997.453,2559,4.0,False,False,Diamant-ATR,confirm
39751cd0-b6df-4456-bef6-242713781124,500576,44236,YZLFOCGRAREULA-HOJIBJPHSA-N,C=CCO[C@@H]1OC(Cn2cc([Si](C)(C)C)nn2)[C@@H](OC(=O)CCC(C)=O)[C@H](OC(C)=O)C1NC(=O)C(Cl)Cl,Bruker ALPHA,373.96442,3997.453,2559,4.0,False,False,ATR platinum Diamond 1 Refl,confirm
39a9e1e0-3189-46e6-a3d9-2f3bcfc37c1a,561746,58070,BIRLDGKMJJEZRI-UHFFFAOYSA-N,Brc1ccc(C(=C(c2ccc(Br)cc2)c2ccc(Br)cc2)c2ccc(Br)cc2)cc1,Bruker Alpha ATR,373.96442,3997.453,2559,4.0,False,False,Diamant-ATR,confirm
39b920e3-a880-45fd-9a87-b418bac57b07,499424,43948,PIWPQQGMFPDEON-UHFFFAOYSA-N,O=S(=O)(Oc1ccc2ccncc2c1)C(F)(F)F,Bruker ALPHA,373.96442,3997.453,2559,4.0,False,False,Diamant-ATR,confirm
39d050c3-e8d5-4906-9ef6-f74d81fc91e6,550328,55242,UWSTXCXPGIGFCC-HTAPYJJXSA-N,CC1=CC[C@]2(C(=O)c3ccccc3Br)C(=O)c3ccccc3C(=O)[C@@H]2C1,Bruker Alpha,373.96442,3997.453,2559,4.0,False,False,Diamant- ATR,confirm
39e782b0-2535-42e6-ba38-aa23dbfe5527,500492,44215,BAQWSOACFXBNQI-UHFFFAOYSA-L,CS(=O)(=O)[O][Pd+2][O]S(C)(=O)=O.Nc1ccccc1-c1ccccc1.Nc1ccccc1-c1ccccc1,Bruker ALPHA,373.96442,3997.453,2559,4.0,True,True,Diamant-ATR,confirm
39ec2bfb-837d-45b5-bc8d-c3cad3aa80c3,499492,43965,RPPUOUFXOHYXAO-UHFFFAOYSA-N,COC(=O)c1ccc(-c2ccc(C(=O)OC)cc2-n2ccnc2)cc1,Bruker ALPHA,373.96442,3997.453,2559,4.0,False,False,Diamant-ATR,confirm
39f76a2a-9a09-479c-adb4-f2b6a69d1027,500756,44281,RCCCCPGFWUMWDX-UHFFFAOYSA-N,Clc1c(I)c(Cl)c(I)c(Cl)c1I,Bruker ALPHA,373.96442,3997.453,2559,4.0,False,False,Diamant-ATR,confirm
3a23993b-0d2b-4076-93d7-ddd79156373d,638922,79486,BRNGTXITIQIEBR-UHFFFAOYSA-N,Nc1cccc2ccc(C3CCCCC3)nc12,SHIMADZU IRTRACER-100,400.2361,4000.433,3734,,False,False,,dev
3a2d9194-cd34-459b-ad71-6dd44e9a6bad,502372,44685,KSRDTSABQYNYMP-OOMLUFPTSA-N,[N-]=[N+]=N[C@@H]1OC(CO)[C@@H](O)[C@H](O)C1O,Bruker ALPHA,373.96442,3997.453,2559,4.0,False,False,ATR platinum Diamond 1 Refl,confirm
3a371f04-ab63-42e0-8cec-76ba036bd5d6,499656,44006,REPFNYFEIOZRLM-UHFFFAOYSA-N,Nc1ccc(-c2c3nc(c(-c4ccc(N)cc4)c4ccc([nH]4)c(-c4ccc(N)cc4)c4nc(c(-c5ccc(N)cc5)c5ccc2[nH]5)C=C4)C=C3)cc1,Bruker ALPHA,373.96442,3997.453,2559,4.0,False,False,Diamant-ATR,dev
3a5bcf65-690b-478f-9148-1b62e16ea343,527082,50145,QBWMZJNOWFLDPR-UHFFFAOYSA-L,COc1ccc(P(c2ccc(OC)cc2)c2ccccn2)cc1.[Cu][I].[Cu][I].c1ccc(P(c2ccccc2)c2ccccc2)cc1.c1ccc(P(c2ccccc2)c2ccccc2)cc1,IR,373.96442,3997.453,2559,4.0,True,True,Diamant-ATR,confirm
3a898e47-74ed-4466-956d-df73b7495bc3,499188,43889,UHJOUKYFWVJRED-NCSOOZNJSA-N,C[C@]12C[C@@H](O)[C@H](O)C[C@@H]1CC[C@@H]1[C@@H]2CC[C@@]2(C)[C@H]1CCC21OCCO1,Bruker ALPHA,373.96442,3997.453,2559,4.0,False,False,Diamant-ATR,confirm
3a8ec059-bf1f-403d-a874-043887658fd8,501844,44553,VDKNTIGOXMCFRI-XUVXKRRUSA-N,CC(C)c1ccc2c(c1)[C@@]1(C)CCC[C@](C)(CN)[C@@H]1CC2,Bruker ALPHA,373.96442,3997.453,2559,4.0,False,False,ATR platinum Diamond 1 Refl,confirm
3a99994f-582f-44b9-9e41-a6e19888ef1a,512764,47242,IRICWKXXVNWCQU-UHFFFAOYSA-N,CCOC(=O)c1ccc([N+]#N)cc1.F[B-](F)(F)F,"Bruker, model IFS 88",373.96442,3997.453,2559,4.0,True,False,Diamant-ATR,confirm
3a9b4989-edb6-4e03-bc53-0f6c425afbe9,499220,43897,ITZZJANVOLUMTH-DDCZIVEXSA-N,C=CC(C)(C)[C@@]12C[C@@H](C(=O)OCc3ccccc3)N(C(=O)OCc3ccccc3)[C@@H]1N(C(=O)OC(C)(C)C)c1ccccc12,Bruker ALPHA,373.96442,3997.453,2559,4.0,False,False,Diamant-ATR,confirm
3a9c9f3e-cd92-4862-bf18-6338e21002d4,502751,44777,FGQYGNNVZDLEJN-UHFFFAOYSA-N,Cc1cc2nc(N)c(-c3ccccc3)nc2cc1C,Bruker Alpha ATR,373.96442,3997.453,2559,4.0,False,False,Diamant-ATR,confirm
3ab45822-515e-4fda-bb09-0ef9c461b4b5,523071,47295,YTZBFOBFIWZWGZ-SIBVEZHUSA-N,C[C@@H]([C@H](O)c1ccccc1)N(C)C(=O)Nc1cc2ccc1CCc1ccc(cc1)CC2,"Bruker, model IFS 88",373.96442,3997.453,2559,4.0,False,False,Diamant-ATR,dev
3acf3403-cb03-4efc-beff-ae1453661c30,606624,72228,IIUHRCTVDJSFPI-UHFFFAOYSA-N,C[Si](C)(C)C#Cc1ccc(C2=CCCC=CCC2)cc1.[CH3][Pt][CH3],BRUKER ALPHA,399.67798,3996.7798,1747,4.0,True,True,SG-X10704,confirm
3b4ce0b8-fae3-40ab-b674-bc039756579f,490692,41982,DHAJMGHBXKCZPF-UHFFFAOYSA-N,Clc1cc(Cl)cc(SC23CC(Sc4cc(Cl)cc(Cl)c4)(C2)C3)c1,,373.96442,3997.453,2559,4.0,False,False,Diamant-ATR,confirm
3b98f38c-a05d-4e9d-a659-8fdf7523df26,502044,44603,,C[N]1(C)CC[N](C)(C)->[Pd]<-1([O][N+](=O)[O-])[O][N+](=O)[O-],Bruker ALPHA,373.96442,3997.453,2559,4.0,False,True,ATR platinum Diamond 1 Refl,dev
3b9da883-75e1-42b1-ab6c-6cddfd3146b2,622082,76101,KOPNHBUFTQTRII-UHFFFAOYSA-N,[N-]=[N+]=Nc1c(C(=O)OCc2ccccc2)c(N=[N+]=[N-])c(C(=O)OCc2ccccc2)c(N=[N+]=[N-])c1C(=O)OCc1ccccc1,Bruker Alpha ATR,373.96442,3997.453,2559,4.0,False,False,Diamant-ATR,dev
3ba7facb-15c7-4a4f-9e9c-52af4cb90067,501788,44539,SOTAKCFOTFCVSS-UHFFFAOYSA-N,O=c1[nH]c2ccccc2nc1CBr,Bruker ALPHA,373.96442,3997.453,2559,4.0,False,False,ATR platinum Diamond 1 Refl,confirm
3bbfaf23-1180-429b-9d59-ad5b9d1a455f,501720,44522,SSINPNYNPJQRHW-UHFFFAOYSA-N,CCCCN(C(=O)c1cccc2ccccc12)c1nn(CCCC)c2ccccc12,Bruker ALPHA,399.65625,3996.5625,1765,4.0,False,False,Instrument type and / or accessory,confirm
3bdda40b-6a90-4e52-b187-f6415695944b,630366,77735,AOUCPYFCRAWRNU-UHFFFAOYSA-N,c1ccc(-c2nc3ccccc3n3nnnc23)cc1,Bruker Alpha ATR,373.96442,3997.453,2559,,False,False,,dev
3be22e8f-9b32-4a4e-9b6c-0bc30f9e3a41,551531,55501,TZBXDZKIGZSTDC-HRAATJIYSA-N,O=C1c2ccccc2C(=O)[C@@]2(C(=O)c3ccccc3I)CC=CC[C@@H]12,Bruker Alpha,373.96442,3997.453,2559,4.0,False,False,Diamant-ATR,dev
3be57e4d-bc0b-4267-ab8e-0fa452705e03,493165,42563,CSHSZEDKQYNPIZ-UHFFFAOYSA-N,COC(=O)c1ccc(-c2ccc(C(=O)OC)cc2N=O)cc1,Bruker Alpha ATR,373.96442,3997.453,2559,,False,False,,dev
3be6ffc3-b8b8-421e-939a-a0f0b3ca9b94,634770,78615,HQTDELJACHUANE-UHFFFAOYSA-N,Cc1ccc(S(=O)(=O)Nc2cc(Br)c(Br)cc2NS(=O)(=O)c2ccc(C)cc2)cc1,Bruker Alpha ATR,373.96442,3997.453,2559,4.0,False,False,Diamant-ATR,confirm
3bfc444b-3e80-444d-a956-352ab606241d,502176,44636,YVJCXMCIFPUNDO-UHFFFAOYSA-N,Cc1c([N+](=O)[O-])c(C)c([N+](=O)[O-])c(C)c1[N+](=O)[O-],Bruker ALPHA,399.65625,3996.5625,1765,4.0,False,False,Instrument type and / or accessory,confirm
3c3eb35a-3ae1-4570-94f2-3f96fc26e4de,678087,88293,UWXZJIWLWRKQHS-UHFFFAOYSA-N,O=C(c1ccc(C(F)(F)F)cc1)c1c(-c2ccccc2)n(Cc2ccccc2)c2ccccc12,Bruker Alpha-P ATR,373.96442,3997.453,2559,4.0,False,False,Diamant-ATR,confirm
3c5955fa-326b-4120-ba88-12c29b12c7dd,533839,51551,XFRIKHRKYHJNTP-UHFFFAOYSA-N,COC(=O)c1ccc(C(=O)C(O)c2ccc(C(=O)OC)cc2)cc1,Bruker Alpha ATR,373.96442,3997.453,2559,4.0,False,False,Diamant-ATR,confirm
3c5c9574-5779-4dd3-b597-d806b65ec612,513117,47308,HFHZJNWFQLVEGX-UHFFFAOYSA-N,C=Cc1nnc(-c2c(-n3c4ccccc4c4ccccc43)c(C#N)c(-n3c4ccccc4c4ccccc43)c(-n3c4ccccc4c4ccccc43)c2-n2c3ccccc3c3ccccc32)o1,"Bruker, IFS 88",373.96442,3997.453,2559,4.0,False,False,Diamant-ATR,dev
3c70b3a1-3a36-4daa-b7e1-bedbda2d0777,636601,78968,FCEQOJYQPIGYKL-UHFFFAOYSA-M,Cc1nc2cc(-c3ccc(F)cc3)c(-c3ccc(F)cc3)cc2nc1C[P+](c1ccccc1)(c1ccccc1)c1ccccc1.[Br-],Bruker Alpha ATR,373.96442,3997.453,2559,4.0,True,False,Diamant ATR,confirm
3c8b527d-66d1-4c67-884c-20451d885dfe,502456,44706,CKJWVSMCJDJCHV-HACPEWMUSA-N,C=CC(=O)N1[C@H](C(=O)OC)C[C@H](C(=O)O[C@@H]2C[C@H](C)CC[C@H]2C(C)C)[C@@H]1c1ccccc1F,Bruker ALPHA,373.96442,3997.453,2559,4.0,False,False,Diamant-ATR,confirm
3c92e11e-6b14-475d-9bf0-36db4383ece6,614078,74340,WTMBTNXPPIBZFI-UHFFFAOYSA-N,CC(C)C(=O)c1cc2ccc1CCc1ccc(cc1)CC2,Bruker Alpha ATR,373.96442,3997.453,2559,4.0,False,False,Diamant-ATR,confirm
3ccbfa80-82d0-40b0-853b-e346530284f6,537515,52417,PFBKJCSJBZOEJW-UHFFFAOYSA-N,NCC(n1cccn1)n1cccn1,Shimadzu IRTracer 100,499.5719,4000.433,3631,,False,False,,confirm
3cd23110-bb2b-498e-a59b-3129c1d99f67,536953,52275,TVEBQXAMVVZGLS-UHFFFAOYSA-N,CCOC(=O)c1ccc(-c2c3nc(c(-c4ccc5ccc6cccc7ccc4c5c67)c4ccc([nH]4)c(-c4ccc(C(=O)OCC)cc4)c4nc(c(-c5ccc6ccc7cccc8ccc5c6c78)c5ccc2[nH]5)C=C4)C=C3)cc1,Bruker ALPHA-T,373.96442,3997.453,2559,4.0,False,False,Diamant-ATR,confirm
3cffb8cd-19bc-4d21-a6a1-ca6282ba735d,542292,53469,OYDIPROZEFUHNQ-WUKNDPDISA-N,CC(C)N(/N=N/c1cccc(F)c1C#N)C(C)C,Bruker Alpha,373.82813,3997.4121,2560,4.0,False,False,Diamant-ATR,confirm
3d233303-a909-43d4-b385-9031d79a1730,501528,44474,QNTOPDWQBCKAQE-UHFFFAOYSA-N,C1=CCCC(c2ccc(-c3ccc(C4=CCCC=CCC4)cc3)cc2)=CCC1,Bruker ALPHA,373.96442,3997.453,2559,4.0,False,False,ATR platinum Diamond 1 Refl,confirm
3d7716a0-6682-40de-8707-3c641e96b74f,507687,46042,QNPXQKVFKDIPED-UHFFFAOYSA-N,CCN(CC)c1ccc(-c2nc3cc(Cl)ccc3s2)cc1,BRUKER ALPHA,373.82813,3997.4121,2560,4.0,False,False,ATR platinum Diamond 1 Refl,confirm
3d7fe35b-6d2a-4c97-b1b8-00c23cdda7ee,500012,44095,RHXBIEGIAXHFGN-UHFFFAOYSA-N,C#CCOC(=O)c1ccc2[nH]ccc2c1,Bruker ALPHA,373.96442,3997.453,2559,4.0,False,False,Diamant-ATR,confirm
3d8e748f-dfc8-48ec-8aad-bfc44a30f5fd,502464,44708,YPTQHKNKMSSPRR-XRFXIRKLSA-N,COC(=O)[C@@H]1C[C@H](C(=O)O[C@@H]2C[C@H](C)CC[C@H]2C(C)C)[C@H](c2ccc(OC)cc2)N1,Bruker ALPHA,373.96442,3997.453,2559,4.0,False,False,Diamant-ATR,confirm
3db9d27f-d81c-4924-91b8-50ab03b53fe4,593262,68327,SMDRKVWNQXOQTQ-SHHOIMCASA-N,CC(C)N(/N=N/c1nn(C2CCCC2)cc1CNC(=O)c1ccccc1)C(C)C,Bruker ALPHA,373.96442,3997.453,2559,4.0,False,False,Diamant-ATR,confirm
3dce1fb1-011e-41af-80dc-5b496397a9de,502264,44658,KLBUCJOXLXYLOG-UHFFFAOYSA-N,CO[n+]1c(C)cccc1C,Bruker ALPHA,399.65625,3996.5625,1765,4.0,False,False,Instrument type and / or accessory,dev
3dd3d4c3-2deb-47c7-8435-366e01fefd0e,3278,1006,NVMIQTWQIBJKHM-SFQUDFHCSA-N,COC(=O)/C(=N\Nc1cccc(Cl)c1C)C1SCCCS1,,373.82813,3997.4121,2560,4.0,False,False,ATR platinum Diamond 1 Refl,dev
3dda2772-9800-471a-8d10-70e8c151c9f3,627840,77289,PRDMJFQHGRSLAC-UHFFFAOYSA-N,COc1ccc(Nc2c(-c3cc4ccc3CCc3ccc(cc3)CC4)nc3ccccn23)cc1,Bruker Alpha ATR,373.96442,3997.453,2559,4.0,False,False,Diamant-ATR,confirm
3de18ba1-5b4f-4f84-9641-ba486d827929,502328,44674,PHNYWPNSEILDJA-ASYMRRRSSA-N,COC(=O)NC1[C@H](C)O[C@@H](OC)[C@@H]2OC(C)(C)O[C@H]12,Bruker ALPHA,373.96442,3997.453,2559,4.0,False,False,Diamant-ATR,dev
3dea07a7-7068-486d-bc1c-1d36280c7034,499596,43991,HEDCWQHRQGQTCH-CXUHLZMHSA-N,O=C(/C=C/c1ccc(F)cc1)c1c2ccc(c1O)CCc1ccc(cc1)CC2,Bruker ALPHA,373.96442,3997.453,2559,4.0,False,False,Diamant-ATR,confirm
3e1386a7-3371-4093-8531-173c601300ea,501100,44367,VXTWRFZYIXROAP-UHFFFAOYSA-N,CCCCn1cc(CC(=O)NC(Cc2ccccc2)C(=O)OC)c2ccccc21,Bruker ALPHA,373.96442,3997.453,2559,4.0,False,False,Diamant-ATR,confirm
3e4973be-82f6-4eda-ba98-6990a20db3f7,500768,44284,MQZZNHYSDISSPP-UHFFFAOYSA-N,CCCSC12CC(C1)C2,Bruker ALPHA,373.96442,3997.453,2559,4.0,False,False,Diamant-ATR,confirm
3e85fe5d-d5e0-4364-bd46-6d8e16ecd041,553975,55729,ZRSIZLVHDLEVQU-FMQUCBEESA-N,CC(C)N(/N=N/c1c(C#N)cnn1-c1ccc([N+](=O)[O-])cc1)C(C)C,Bruker ALPHA,373.96442,3997.453,2559,4.0,False,False,Diamant-ATR,confirm
3e8e9d91-7b6c-42e8-9f30-f71fcbfd42fc,573123,61566,DDJAVIQLRHCWQT-UHFFFAOYSA-N,CC(Br)c1ccc(-c2cc(-c3ccc(C(C)Br)cc3)cc(-c3ccc(C(C)Br)cc3)c2)cc1,Bruker Alpha ATR,374.0,3997.453,2559,,False,False,,confirm
3eda3df3-282d-4215-aa8e-3b5741ecf899,505400,45287,WNUUONRSJXPAFK-RRCQUFFISA-M,CN1/C(=C/C=C2\CCCC(/C=C/C3=[N+](C)c4ccc(/C=C/C(F)(F)C(F)(F)C(F)(F)C(F)(F)F)cc4C3(C)C)=C2Cl)C(C)(C)c2cc(/C=C/C(F)(F)C(F)(F)C(F)(F)C(F)(F)F)ccc21.[Cl-],,373.96442,3997.453,2559,4.0,True,False,Diamant- ATR,confirm
3edcc72a-9406-481d-b97f-3df75f10a71a,593355,68344,BBXJSLXPCZXILR-CZIZESTLSA-N,CC(=O)NCc1cn(CCOC(C)=O)nc1/N=N/N(C(C)C)C(C)C,Bruker ALPHA,373.96442,3997.453,2559,4.0,False,False,Diamant-ATR,confirm
3eefef58-0b9c-479a-ae0e-68ca4e562185,509886,46557,AJKDFBCTGMJQSV-UHFFFAOYSA-N,CCOc1ccc(-c2nc3cc(Cl)ccc3s2)cc1,BRUKER ALPHA,373.82813,3997.4121,2560,4.0,False,False,ATR platinum Diamond 1 Refl,confirm
3f22ed2c-426b-4063-9c31-fd70c5e7b49f,500672,44260,QROGAFPZULQEKR-UHFFFAOYSA-N,CCc1cc2c(C)c(OC)c(C)c(C)c2oc1=O,Bruker ALPHA,373.96442,3997.453,2559,4.0,False,False,Diamant-ATR,confirm
3f598b48-9e36-48cd-ac09-cd6bb4bcff4a,499692,44015,RUTFIUMIIJWKMA-AMFGRPEHSA-N,CC(=O)O[C@H]1C[C@@]2(C)[C@@H](CC[C@@H]3[C@@H]2CC[C@]2(C)[C@@H](OCc4ccccc4)CC[C@@H]32)CC1=O,Bruker ALPHA,373.96442,3997.453,2559,4.0,False,False,Diamant-ATR,confirm
3f62de26-15c1-44c2-9ece-2f53b0c74c0a,614152,74358,ITQUKLNMBHVYJB-UHFFFAOYSA-N,C=Cc1cc2ccc1CCc1ccc(cc1)CC2,Bruker Alpha ATR,373.96442,3997.453,2559,4.0,False,False,Diamant-ATR,confirm
3f94fbe6-599b-4cd4-aace-d35d781f0a4c,499688,44014,QIABQIXVHYDAFZ-UHFFFAOYSA-N,c1ccc(-c2ccccc2-n2ccnc2)cc1,Bruker ALPHA,373.96442,3997.453,2559,4.0,False,False,Diamant-ATR,confirm
3fadae28-896c-4f5e-ae2f-22e73d33cb0b,513880,47469,RIJPILMKAGSMQK-HSZRJFAPSA-N,CC(C)(C)OC(=O)[C@H]1CCCN1C(=O)Nc1cc2ccc1CCc1ccc(cc1)CC2,"Bruker, model IFS 88",373.96442,3997.453,2559,4.0,False,False,Diamant- ATR,confirm
3fb5030b-e2e6-4448-b188-7131bc6b5d38,500908,44319,GEGAFQZCVUOFHP-UHFFFAOYSA-N,COC(=O)C(Cc1ccccc1)NC(=O)Cc1c[nH]c2ccccc12,Bruker ALPHA,373.96442,3997.453,2559,4.0,False,False,Diamant-ATR,confirm
3fc93d4b-3c47-412d-bbff-6a6c51195262,500596,44241,MHUSCJJXLCCVLT-MKVHHKBRSA-N,C=CCO[C@@H]1OC(COCc2ccccc2)[C@@H](OC(C)=O)[C@H](O[C@@H]2OC(c3nnn[nH]3)[C@@H](OC(=O)CCC(C)=O)[C@H](OC(C)=O)C2OC(C)=O)C1NC(=O)C(Cl)(Cl)Cl,Bruker ALPHA,373.96442,3997.453,2559,4.0,False,False,ATR platinum Diamond 1 Refl,confirm
3fd8f026-4b04-4cfd-8634-9f66483840f2,549744,55095,MOPYXHGIWARXCY-UHFFFAOYSA-N,Nc1ccccc1C(=O)c1ccncc1,Bruker Alpha-P ATR,373.96442,3997.453,2559,4.0,False,False,Diamant-ATR,confirm
3fe054fd-93b3-487a-86ba-47b393133153,514328,47564,QAQOBOMSEMAHEE-UHFFFAOYSA-N,CCN(CC)c1ccc(-c2nc3cc(C(F)(F)F)ccc3s2)c(O)c1,BRUKER ALPHA,373.82813,3997.4121,2560,4.0,False,False,ATR platinum Diamond 1 Refl,confirm
403f6895-7ca5-4ed7-8059-b5fc993189b0,490630,41970,AWYXHOMVLAPYSJ-UHFFFAOYSA-N,COc1ccc(SC23CC(Sc4ccc(OC)cc4)(C2)C3)cc1,,373.96442,3997.453,2559,4.0,False,False,Diamant ATR,confirm
40659f98-e939-4f6e-9f43-d08a9aa27328,512523,47192,CUVCCIOSRGCLAX-UHFFFAOYSA-N,N#Cc1c(-n2c3ccccc3c3ccccc32)c(-c2nnc(CCl)o2)c(-n2c3ccccc3c3ccccc32)c(-n2c3ccccc3c3ccccc32)c1-n1c2ccccc2c2ccccc21,"Bruker, IFS 88",373.96442,3997.453,2559,4.0,False,False,Diamant-ATR,confirm
40a9afc9-2e67-428d-8c1a-d8fa0e734a86,500052,44105,GJHDFYJJGQONBL-HHGWJHHPSA-N,COC(=O)[C@]1([C@H]2CCC(=O)O2)CC(=O)c2c(OC)cc(C)c(-c3ccc(-c4c(C)cc(OC)c5c4O[C@@](C(=O)OC)([C@H]4CCC(=O)O4)CC5=O)cc3)c2O1,Bruker ALPHA,373.96442,3997.453,2559,4.0,False,False,Diamant-ATR,confirm
40bcba41-5124-4656-9b6f-09eaa7344f73,513147,47311,RBZIABUVENDLTG-UHFFFAOYSA-N,CC(C)(C)c1nnc(-c2c(-n3c4ccccc4c4ccccc43)c(C#N)c(-n3c4ccccc4c4ccccc43)c(-n3c4ccccc4c4ccccc43)c2-n2c3ccccc3c3ccccc32)o1,"Bruker, IFS 88",373.96442,3997.453,2559,4.0,False,False,Diamant-ATR,confirm
40d46359-87ba-4d60-a4c9-60ff01e00eaf,621990,76083,RJJPADYKFCVKLL-UHFFFAOYSA-N,CC(C)OC(=O)c1c(N)c(C(=O)OC(C)C)c(N)c(C(=O)OC(C)C)c1N,Bruker Alpha ATR,373.96442,3997.453,2559,4.0,False,False,Diamant-ATR,confirm
40df0997-acce-4dd5-9e2c-f8a81781ca3b,501420,44447,OPHZSEABTWHYKH-UHFFFAOYSA-N,Cc1cc(-c2ccc(C(=O)O)cc2)ccc1-c1ccc(C(=O)O)cc1,Bruker ALPHA,373.96442,3997.453,2559,4.0,False,False,ATR platinum Diamond 1 Refl,confirm
40ebdab9-692c-49a5-b799-2f298482d9ac,501532,44475,AQOBCZGNYIDKIJ-CEXMQFLDSA-N,CC[C@H](/C=C/[C@@H](C)[C@H]1CC[C@H]2[C@@H]3C[C@@H](OC)[C@]45C[C@H]4CC[C@]5(C)[C@H]3CC[C@]12C)C(C)C,Bruker ALPHA,373.96442,3997.453,2559,4.0,False,False,ATR platinum Diamond 1 Refl,confirm
40f51eab-4294-4c42-89ff-a9b326cba240,673136,87107,KIRFLFIRAMPYKM-UHFFFAOYSA-N,COc1ccc(-c2c(C(=O)C(F)(F)C(F)(F)C(F)(F)C(F)(F)C(F)(F)C(F)(F)C(F)(F)F)c3ccccc3n2Cc2ccc(C)cc2)cc1,Bruker Alpha-P ATR,373.96442,3997.453,2559,4.0,False,False,Diamant-ATR,confirm
40f70adf-af58-4052-8be0-ec62512c5c31,490273,41891,MVJGJYRFWKGPTI-UHFFFAOYSA-N,O=C(Cc1ccccc1)c1c[nH]c2ccccc12,Bruker Alpha,373.96442,3997.453,2559,4.0,False,False,Diamant-ATR,dev
4108c3fe-5857-4c00-ad30-86e4cb983b45,499452,43955,BWVPTMJTRJUYPG-UHFFFAOYSA-N,[N-]=[N+]=Nc1cc2ccc1CCc1ccc(cc1)CC2,Bruker ALPHA,373.96442,3997.453,2559,4.0,False,False,Diamant-ATR,dev
410fae4d-bbed-4edb-a24c-199cb1699e15,501188,44389,BCJZKUKYCSXFEX-UHFFFAOYSA-N,CCCCCCCOc1cc(OC)c(C=O)c(OC)c1,Bruker ALPHA,373.96442,3997.453,2559,4.0,False,False,ATR platinum Diamond 1 Refl,confirm
414d9847-d576-4b50-8d53-edcd7ffc5398,502628,44749,PWEZLUVVDHPRAR-UHFFFAOYSA-N,CC(C)c1cc(Br)cc(C(C)C)[n+]1[O-],Bruker ALPHA,399.65625,3996.5625,1765,4.0,False,False,Instrument type and / or accessory,confirm
417b2340-38ed-447c-99a6-68657a0386fb,674144,87334,HIUDDUFOZHEUFH-UHFFFAOYSA-N,COC(=O)c1cc(C)c2c(n1)c(OC)cc1cc(C(=O)OC)[nH]c12,Jasco FT/IR-460Plus with ATR Diamond Plate,649.8934,4000.1226,6950,,False,False,,confirm
418138a7-bf95-46c3-81b1-e5c0095ce006,606613,72227,GQRCWUPTTKUWFI-UHFFFAOYSA-L,O=C(C1=CCCC=CCC1)c1ccccc1.[Cl][Pt][Cl],Bruker Alpha,373.82813,3997.4121,2560,4.0,True,True,Diamant-ATR,confirm
41d037ad-daae-45fe-bd76-eea448724313,613053,74039,KBKATLUIZNVPGD-XCYRUZEPSA-N,C1=C/C2=C(\c3ccccc3/C3=c4\cc/c5[n]4[Ni][n]4c(ccc4/C(c4ccccc4)=C4/C=CC3=N4)/C(c3ccccc3)=C3/C=CC(=N3)\C=5c3ccccc3)c3ccc4[n]3[Fe+][n]3/c(cc/c3=C(\c3ccccc3/C3=C5\C=CC(=N5)/C(c5ccccc5)=c5/cc/c6[n]5[Ni][n]5c(ccc53)/C(c3ccccc3)=C3/C=CC(=N3)\C=6c3ccccc3)C3=N/C(=C\4c4ccccc4)C=C3)=C(/c3ccccc3)C1=N2,FT-IR Bruker IFS 88,373.96442,3997.453,2559,4.0,False,True,Diamant-ATR,confirm
4204087b-b8de-4d7e-b89a-d8f516985f23,499920,44072,DPXOLBJOVNIMLO-VJJOBEFPSA-N,COC(=O)[C@@H]1C[C@H](C(=O)O[C@@H]2C[C@H](C)CC[C@H]2C(C)C)[C@H](c2ccc(C#C[Si](C)(C)C)cc2)N1,Bruker ALPHA,373.96442,3997.453,2559,4.0,False,False,Diamant-ATR,confirm
4209b82b-9b19-4e37-a437-418da3ffbcad,494165,42673,ILVXOBCQQYKLDS-UHFFFAOYSA-N,[O-][n+]1ccccc1,Bruker Alpha ATR,373.96442,3997.453,2559,4.0,False,False,Diamant-ATR,confirm
42131625-c11f-4bbd-b501-5257af3cff49,501504,44468,CMLRUUHRGSJVMD-DLGJCNIVSA-N,[N-]=[N+]=NCC1O[C@@H](O)C(O)[C@@H](O)[C@H]1O,Bruker ALPHA,373.96442,3997.453,2559,4.0,False,False,ATR platinum Diamond 1 Refl,dev
4230dc14-4260-406f-b766-7d9b8fd1b390,502180,44637,ARGOBXHINXWKSU-UHFFFAOYSA-N,CCOc1cc(OC)c2ccc(=O)oc2c1,Bruker ALPHA,399.65625,3996.5625,1765,4.0,False,False,Instrument type and / or accessory,confirm
423f76b1-0993-41ac-8563-0dc880329666,531102,50935,MWUPABMFGFIHKP-UHFFFAOYSA-N,CC(=O)Nc1ccc(Br)c(C(=O)C2=CC(=O)c3ccccc3C2=O)c1,BRUKER Alpha P,373.96442,3997.453,2559,4.0,False,False,Diamant- ATR,confirm
4255ce9d-79dc-42ae-87e8-ff36a2288574,551580,55510,FVQHZGAWAUTKBW-WXVUKLJWSA-N,C[Si](C)(C)O[C@H]1C=CC[C@H]2C(=O)c3ccccc3C(=O)[C@@]12C(=O)c1ccccc1I,Bruker Alpha,373.96442,3997.453,2559,4.0,False,False,Diamant-ATR,confirm
42820dc3-f188-4f38-bdea-0b510dbb4e12,499792,44040,CZADFRLODLRIRI-UHFFFAOYSA-N,CCOC(=O)c1cc2ccc1CCc1ccc(c(-c3ccccn3)c1)CC2,Bruker ALPHA,373.96442,3997.453,2559,4.0,False,False,Diamant-ATR,confirm
42b7e47b-e679-421d-9d7f-1dcb11ef73b4,502136,44626,ISPRAZFRFDRHKK-UHFFFAOYSA-N,C#Cc1ccc(-c2c3nc(c(-c4ccc(C#C)cc4)c4ccc([n-]4)c(-c4ccc(C#C)cc4)c4nc(c(-c5ccc(C#C)cc5)c5ccc2[n-]5)C=C4)C=C3)cc1.[Zn+2],Bruker ALPHA,399.65625,3996.5625,1765,4.0,True,True,Instrument type and / or accessory,confirm
42ba2b48-d45a-46b4-9899-09547a576e30,537523,52418,AMQWWHVPPZUOKP-UHFFFAOYSA-L,NCC(n1cccn1)n1cccn1.[Cl][Cu][Cl],Shimadzu IRTracer 100,400.2361,4000.433,3734,,True,True,,dev
42bd8c55-6f8d-4768-a761-95ec3f7e2e2d,512321,47186,ZNGNHXGIDLUNAS-UHFFFAOYSA-N,Cc1nnc(-c2c(-n3c4ccccc4c4ccccc43)c(C#N)c(-n3c4ccccc4c4ccccc43)c(-n3c4ccccc4c4ccccc43)c2-n2c3ccccc3c3ccccc32)o1,"Bruker, IFS 88",373.96442,3997.453,2559,4.0,False,False,Diamant-ATR,confirm
434ca0e4-157c-4a32-8881-136ff7a7f0be,637581,79187,IBDTXQKORWUHSR-UHFFFAOYSA-N,O=Cc1nc2ccccc2nc1C1OCC(CC(F)(F)C(F)(F)C(F)(F)C(F)(F)C(F)(F)C(F)(F)C(F)(F)C(F)(F)F)O1,Bruker Alpha ATR,373.96442,3997.453,2559,4.0,False,False,Diamant-ATR,confirm
4373865c-fa96-49c8-88ff-f8fa74fec772,633416,78321,NHZMGCSFZOZGJL-UHFFFAOYSA-N,O=C(N(Cc1ccccc1)c1ccccc1C#Cc1ccccc1)C(F)(F)C(F)(F)C(F)(F)C(F)(F)C(F)(F)C(F)(F)C(F)(F)F,Bruker Alpha-P ATR,373.96442,3997.453,2559,4.0,False,False,Diamant-ATR,confirm
43b53bb8-27b5-4faf-8c80-a2ec341be1cd,500336,44176,YHSWJHNLKVDXEK-CCEZHUSRSA-N,SCc1ccc(/N=N/c2ccccc2)cc1,Bruker ALPHA,373.96442,3997.453,2559,4.0,False,False,Diamant-ATR,confirm
43bb3b88-30f3-4792-81d8-9f0c0fbcbdc0,499848,44054,YEWRZYHVIHYTQK-UHFFFAOYSA-N,O=Cc1ccc(-c2cc3ccc2CCc2ccc(cc2)CC3)cc1,Bruker ALPHA,373.96442,3997.453,2559,4.0,False,False,Diamant-ATR,confirm
43c356ac-1302-42d0-94a5-348168b356b2,501156,44381,CFYNLANUKDRMMK-UHFFFAOYSA-N,CC(=O)c1cn(Cc2ccc(C(F)(F)F)cc2)c2ccccc12,Bruker ALPHA,373.96442,3997.453,2559,4.0,False,False,Diamant-ATR,confirm
43d8f00b-b9bd-492a-82fe-acd97c753c6b,495333,42922,MHGWVZSCRAADDC-ZBBVTPHISA-N,C1=C/C2=C(\c3ccccc3)c3ccc4[n]3[Cu][n]3/c(cc/c3=C(\c3ccccc3)C3=N/C(=C\4c4ccc(-c5cc6ccc5CCc5ccc(cc5)CC6)cc4)C=C3)=C(/c3ccccc3)C1=N2,Bruker ALPHA-T,373.96442,3997.453,2559,4.0,False,True,Diamant-ATR,confirm
43db0551-a18a-4461-b925-0c306ef26cef,648969,81913,AOUCPYFCRAWRNU-UHFFFAOYSA-N,c1ccc(-c2nc3ccccc3n3nnnc23)cc1,Bruker Alpha ATR,373.96442,3997.453,2559,4.0,False,False,Diamant-ATR,dev
44109076-d9b0-4f0f-a060-657d6ff0d358,631858,78017,OPDVSBXFRVFBFU-UHFFFAOYSA-N,COc1ccc(P(=O)(OC)OC)cc1,Finnigan MAT 90,373.96442,3997.453,2559,4.0,False,False,Diamant-ATR,confirm
441995be-21bb-4984-9228-36636724dd55,569700,60503,MRSISTCHAYIPPB-UHFFFAOYSA-N,CC(C)C(=O)c1ccc(-c2ccc(C(=O)C(C)C)cc2)cc1,Bruker Alpha ATR,373.96442,3997.453,2559,4.0,False,False,Diamant-ATR,confirm
4421229a-d601-404a-a4e5-d2e0046b3233,500468,44209,SZCNBLJRYNQRGT-UHFFFAOYSA-N,CCCCCCCCn1cc(C(=O)c2cccc3ccccc23)c2ccccc21,Bruker ALPHA,373.96442,3997.453,2559,4.0,False,False,Diamant-ATR,confirm
44593b3a-84a2-4dca-bfc0-823b953ada10,495409,42942,UKPDOEPTPHHMKQ-JJUIXLEHSA-N,Brc1ccc(/C2=C3\C=CC(=N3)/C(c3ccccc3)=c3/cc/c4[n]3[Cu][n]3c(ccc32)/C(c2ccccc2)=C2/C=CC(=N2)\C=4c2ccccc2)cc1,Bruker ALPHA-T,373.96442,3997.453,2559,4.0,False,True,Diamant- ATR,confirm
44608921-4e1d-4148-9f1e-eacf8f29c70a,499940,44077,KASHCQGERIKJRZ-UHFFFAOYSA-N,CCCCn1cc(C(=O)CC(C)C)c2ccccc21,Bruker ALPHA,373.96442,3997.453,2559,4.0,False,False,Diamant-ATR,confirm
4471d37b-d765-4a56-9c6b-06ee9ea4a75b,514263,47551,VWIUYPPDMZVIQO-UHFFFAOYSA-N,N#Cc1ccc(-c2nc3cc(C(F)(F)F)ccc3s2)cc1,BRUKER ALPHA,373.82813,3997.4121,2560,4.0,False,False,ATR platinum Diamond 1 Refl,dev
44817419-6f1b-4867-8387-479e703024d8,499348,43929,DCQWFVKWDNHUFL-XOKMMBSASA-N,COC(=O)[C@@H]1C[C@H](C(=O)O[C@@H]2C[C@H](C)CC[C@H]2C(C)C)[C@H](c2ccccc2F)N1,Bruker ALPHA,373.96442,3997.453,2559,4.0,False,False,Diamant-ATR,dev
449990e2-2ed9-4350-ab27-4d81b27f5274,550792,55346,FOIXCRBFVLPZHR-DWEWYUIOSA-N,CC(C)(C)[Si](OC1=CC[C@]2(C(=O)c3ccccc3Br)C(=O)c3ccccc3C(=O)[C@@H]2C1)(c1ccccc1)c1ccccc1,Bruker Alpha,373.96442,3997.453,2559,4.0,False,False,ATR platinum Diamond 1 Refl,confirm
44c61d7e-1a2d-4681-a338-16c4ce565da5,499256,43906,FPEITTIRQBXGLZ-UHFFFAOYSA-N,O=c1c(I)cn(Cc2ccccc2)c(=O)n1Cc1ccccc1,Bruker ALPHA,373.96442,3997.453,2559,4.0,False,False,Diamant-ATR,confirm
44ddab4c-18a2-4605-96ed-a8c43c475d02,533594,51495,JZDIDTZRRZBTNF-UHFFFAOYSA-N,O=C(Nc1nn(C(=O)c2ccccc2)c2ccccc12)c1ccccc1,BRUKER ALPHA,373.96442,3997.453,2559,4.0,False,False,Diamant-ATR,confirm
44f7307f-49da-41ce-b761-39aa34aa100c,531838,51102,VGCVCLYBTDPLCW-DWEWYUIOSA-N,CC(C)(C)[Si](OC1=CC[C@]2(C(=O)c3ccccc3I)C(=O)c3ccccc3C(=O)[C@@H]2C1)(c1ccccc1)c1ccccc1,Bruker Alpha,373.96442,3997.453,2559,4.0,False,False,ATR platinum Diamond 1 Refl,confirm
454ff5a6-eea8-45ec-bd9f-cb6754c6ef89,500480,44212,ROXYZMBOQYBMSL-DXWDKFENSA-N,CCOC(=O)[C@@H]1C[C@@H](c2c[nH]c3cc(F)ccc23)C[C@@H](c2c[nH]c3cc(F)ccc23)N1c1ccc(Cl)cc1,Bruker ALPHA,373.96442,3997.453,2559,4.0,False,False,Diamant-ATR,confirm
457feeb2-70b0-46a2-8909-9af50c9294cc,500436,44201,YRWKQOYWCXVFKL-WUKNDPDISA-N,CC(=O)SCc1ccc(/N=N/c2ccccc2)cc1,Bruker ALPHA,373.96442,3997.453,2559,4.0,False,False,Diamant-ATR,confirm
4586908d-c62a-4d55-8e33-2310793e4695,499704,44018,IAFUMXPXNNLVNE-UHFFFAOYSA-N,Cc1cc2c3c(cc(C)c2oc1=O)CCCC3,Bruker ALPHA,373.96442,3997.453,2559,4.0,False,False,Diamant-ATR,confirm
458bfb54-bc6f-4a9c-a2c9-08b815e8c6fc,502160,44632,QEWOVBQCEHBPJZ-UHFFFAOYSA-N,CCOC(=O)c1cc2ccc1CCc1ccc(cc1)CC2,Bruker ALPHA,399.65625,3996.5625,1765,4.0,False,False,Instrument type and / or accessory,dev
459f1938-4305-4e9e-b89c-2ccd5e3b992b,499960,44082,WZHGZOOQPOZKNB-UHFFFAOYSA-N,COc1cc(OC)cc(O[Si](C)(C)C(C)(C)C)c1,Bruker ALPHA,373.96442,3997.453,2559,4.0,False,False,Diamant-ATR,confirm
45a2a13e-3ed9-4455-8252-c87a526eca0a,500948,44329,YNFUYSMEENGBKN-UHFFFAOYSA-N,CC1(C)c2ccc(C#Cc3ccc(C(c4ccc(C#Cc5ccc6c(c5)C(C)(C)N([O])C6(C)C)cc4)(c4ccc(C#Cc5ccc6c(c5)C(C)(C)N([O])C6(C)C)cc4)c4ccc(C#Cc5ccc6c(c5)C(C)(C)N([O])C6(C)C)cc4)cc3)cc2C(C)(C)N1[O],Bruker ALPHA,373.96442,3997.453,2559,4.0,False,False,Diamant-ATR,dev
45ab34b1-c264-4446-bb34-0e11fc7cb976,492014,42292,GXKYJSRHQMPAPZ-UHFFFAOYSA-N,c1ccc(CSC23CC(SCc4ccccc4)(C2)C3)cc1,,373.96442,3997.453,2559,4.0,False,False,Diamant-ATR,confirm
45c68280-c614-403d-914c-e05c1f18df88,499564,43983,PILKXVQLVGAEJT-UHFFFAOYSA-N,O=S(=O)(c1ccccc1)N1C=C(Sc2ccccc2)CCCCC1,Bruker ALPHA,373.96442,3997.453,2559,4.0,False,False,Diamant-ATR,confirm
45c8bb4c-0c07-49e7-9055-a623b2343bb8,515985,47952,IBVZZAGOGYLVHY-UHFFFAOYSA-N,C(#Cc1ccccc1NCc1ccccc1)c1ccccc1,Bruker Alpha-P ATR,373.96442,3997.453,2559,4.0,False,False,Diamant-ATR,confirm
45cd9031-7013-4454-ae87-00c3c633bb18,537289,52359,QEQHSJUIDFMSHK-UHFFFAOYSA-N,CCOC(=O)c1ccc(-c2c3nc(c(C#Cc4ccccn4)c4ccc([nH]4)c(-c4ccc(C(=O)OCC)cc4)c4nc(c(C#Cc5ccccn5)c5ccc2[nH]5)C=C4)C=C3)cc1,Bruker ALPHA-T,373.96442,3997.453,2559,4.0,False,False,Diamant-ATR,confirm
45dee452-01f9-4725-b0d1-f3c6a037d9ec,513386,47356,OSGHZSLNADZFOD-QHCPKHFHSA-N,O[C@@H](c1ccccc1)c1cc2ccc1CCc1ccc(cc1)CC2,"Bruker, model IFS 88",373.96442,3997.453,2559,4.0,False,False,Diamant-ATR,confirm
45e668f6-6715-4e7b-ad41-a4941bbccd34,500524,44223,HCDWNMKQSJWGLU-UHFFFAOYSA-N,CCCCn1cc(C(=O)C23CC4CC(CC(C4)C2)C3)c2ccccc21,Bruker ALPHA,373.96442,3997.453,2559,4.0,False,False,Diamant-ATR,dev
460213a9-90ad-40bf-8d1e-b9e68a9b61ac,501732,44525,BQLDYARBQZEEIU-UHFFFAOYSA-N,Fc1cc(-c2nc3ccccc3s2)cc(F)c1F,Bruker ALPHA,399.65625,3996.5625,1765,4.0,False,False,Instrument type and / or accessory,confirm
4610c53f-9b0d-470e-b9a7-55ec0b9dfaa7,525589,49936,IHWNLGXQAWTEIK-UHFFFAOYSA-N,CCCCCCc1cc2c(C)c(OC)c(C)c(C)c2oc1=O,Bruker Alpha ATR,373.82813,3997.4121,2560,4.0,False,False,Diamant ATR,confirm
463dc030-33d5-41f2-9d72-7656a9ecee90,516437,48057,RNGQLVKAGGXNHR-UHFFFAOYSA-N,Fc1ccc(CNc2ccccc2I)cc1,Bruker Alpha-P ATR,373.96442,3997.453,2559,4.0,False,False,Diamant-ATR,confirm
468f7dd7-9b92-435c-8fb5-861eb6c1974b,502108,44619,HMZNTZJEQFTYMZ-UHFFFAOYSA-N,CCCCOc1cc(OC)c2cc(Cc3ccccc3OC)c(=O)oc2c1,Bruker ALPHA,399.65625,3996.5625,1765,4.0,False,False,Instrument type and / or accessory,confirm
4694d769-6a59-4c41-8de3-ef536c344fc8,510258,46663,LSSDECUCLFXXAD-UHFFFAOYSA-M,F[P-](F)(F)(F)(F)F.[Cl][Au].[Ru+][c]1cc(-c2cc3ccc2CCc2ccc(c(P(c4ccccc4)c4ccccc4)c2)CC3)ccc1-c1ccccn1.c1ccc(-c2ccccn2)nc1.c1ccc(-c2ccccn2)nc1,Bruker IFS88,373.96442,3997.453,2559,4.0,True,True,Diamant-ATR,dev
46c2d8bf-bf2f-41b3-adad-5c39b1adbd57,502560,44732,YDZJYFWYHBUUKA-UHFFFAOYSA-N,Cc1cc(Br)c(C(C)C)cc1O,Bruker ALPHA,373.96442,3997.453,2559,4.0,False,False,Diamant-ATR,confirm
46e70bf8-bf5c-4cb1-ac18-e9af2b1ce69e,519373,48638,VQEGCJLHLBTWRF-UDWIEESQSA-N,CO/N=C/c1c2ccc(c1Br)CCc1ccc(cc1)CC2,Bruker Alpha,373.96442,3997.453,2559,4.0,False,False,Diamant-ATR,confirm
471d2247-59d0-4a7e-bd63-eacbaefc8ec5,552113,55572,IYDNQACOZQKGOC-UHFFFAOYSA-N,COC(=O)c1ccc(CCc2ccc(C(=O)OC)cc2[N+](=O)[O-])c([N+](=O)[O-])c1,Bruker Alpha ATR,373.96442,3997.453,2559,,False,False,,confirm
47603f81-624c-4329-a802-07a6b85ca8e0,573805,61726,FGXFTIBXXNBPDU-UHFFFAOYSA-N,CC(C)C(ON1C(C)(C)CCCC1(C)C)c1ccc(C(=C(c2ccc(C(ON3C(C)(C)CCCC3(C)C)C(C)C)cc2)c2ccc(C(ON3C(C)(C)CCCC3(C)C)C(C)C)cc2)c2ccc(C(ON3C(C)(C)CCCC3(C)C)C(C)C)cc2)cc1,Bruker Alpha ATR,373.96442,3997.453,2559,4.0,False,False,Diamant-ATR,confirm
4775deb2-4a7b-42f2-9993-f64621bacbf5,639068,79522,YKNRUBPOGQLIKS-UHFFFAOYSA-N,O=C(O)c1ccc2cccc([N+](=O)[O-])c2n1,SHIMADZU IRTRACER-100,249.7859,4000.433,3890,,False,False,,confirm
479805e9-be94-40ad-8385-d292190b5388,502364,44683,CVQAJMLGDXBVAC-ISDWTXNASA-N,CCS[C@@H]1OC(CO)[C@@H](OC(C)=O)[C@H](OC(C)=O)C1OC(C)=O,Bruker ALPHA,373.96442,3997.453,2559,4.0,False,False,ATR platinum Diamond 1 Refl,confirm
47a692d6-7a87-479c-9683-95ba24ca92ae,543974,53852,IDCIXAUEMSQINH-UHFFFAOYSA-N,O=C(O)c1ccc(-n2cc[n+](-c3ccc(C(=O)O)cc3)c2)cc1.[Br-],Bruker Alpha ATR,373.96442,3997.453,2559,4.0,True,False,Diamant-ATR,confirm
47c1edb2-fc0d-46b4-b2a0-17c2a7d5df53,632709,78195,SNSOFPMBGVYMGJ-UHFFFAOYSA-N,Nc1ccccc1C#CCN1C(=O)c2ccccc2C1=O,Bruker Alpha-P ATR,373.96442,3997.453,2559,4.0,False,False,Diamant-ATR,confirm
47d6dbad-773e-4b38-a5cf-81c98b345b08,500004,44093,JSPTYFYXVHYTLP-ZJUUUORDSA-N,COC(=O)[C@@H]1C[C@@H](O[Si](C)(C)C(C)(C)C)CN1,Bruker ALPHA,373.96442,3997.453,2559,4.0,False,False,Diamant-ATR,confirm
483eec5a-161c-46b0-b5c7-7599cb3a6cc4,537463,52406,HQVYBJHMICPQSJ-UHFFFAOYSA-N,CCOC(=O)c1ccc(-c2c3nc(c(-c4ccccc4OC)c4ccc([nH]4)c(-c4ccc(C(=O)OCC)cc4)c4nc(c(-c5ccccc5OC)c5ccc2[nH]5)C=C4)C=C3)cc1,Bruker ALPHA-T,373.96442,3997.453,2559,4.0,False,False,Diamant-ATR,confirm
4854de5a-0db5-4032-8a8e-e0f99e7fdcfc,569648,60493,QCZZSANNLWPGEA-UHFFFAOYSA-N,CC(=O)c1ccc(-c2ccccc2)cc1,Bruker Alpha ATR,373.96442,3997.453,2559,4.0,False,False,Diamant-ATR,confirm
48beaf83-cfbb-4824-a45a-b55681ab3668,507452,45462,FLHJIAFUWHPJRT-UHFFFAOYSA-N,CC1=Nc2ccccc2C1(C)C,Bruker Alpha ATR,373.96442,3997.453,2559,4.0,False,False,Diamant-ATR,confirm
48e0fc0d-3348-4c7e-b779-24423239ad26,513779,47450,SYLHUQHUTGQNDF-UHFFFAOYSA-N,CC(C)N(C(=O)Nc1cc2ccc1CCc1ccc(c(NC(=O)N(C(C)C)C(C)C)c1)CC2)C(C)C,"Bruker, model IFS 88",373.96442,3997.453,2559,4.0,False,False,Diamant-ATR,dev
48e7d2ef-0f6e-44eb-a5fc-447fcfb230e9,525303,49880,UKIXBAPVINLRJW-UHFFFAOYSA-N,CCc1cc2c(C)ccc(C)c2oc1=O,Bruker Alpha ATR,373.82813,3997.4121,2560,4.0,False,False,Diamant ATR,confirm
48fbb2de-f7a7-48a0-8507-6b1939861f0f,528013,50303,YQLAZYJXULOWLY-UHFFFAOYSA-L,[Cu][I].[Cu][I].c1ccc(P(c2ccccc2)c2cc(CC3CCCC3)ccn2)cc1.c1ccc(P(c2ccccc2)c2ccccc2)cc1.c1ccc(P(c2ccccc2)c2ccccc2)cc1,IR,373.96442,3997.453,2559,4.0,True,True,Diamant-ATR,dev
49034ebe-d06f-4fe9-b72a-d0e20907ee91,511673,47033,FCHGNDMBSHCUEK-JTMXJKBNSA-N,C1=C/C2=C(\c3ccccc3)c3cc(-c4ccccc4/C4=c5\cc/c6[n]5[Cu][n]5c(ccc5/C(c5ccccc5)=C5/C=CC4=N5)/C(c4ccccc4)=C4/C=CC(=N4)\C=6c4ccccc4)c4[n]3[Cu][n]3/c(cc/c3=C(\c3ccccc3)C3=N/C(=C\4c4ccccc4)C=C3)=C(/c3ccccc3)C1=N2,IR,373.96442,3997.453,2559,4.0,False,True,Diamant-ATR,confirm
49244963-28e1-4393-bb47-2b2ca1acbf47,549636,55069,RTYUFOZCBWIEES-UHFFFAOYSA-N,c1ccc(-c2cc3c(N(c4ccccc4)c4ccccc4)cc2CCc2ccc(cc2)CC3)cc1,"Bruker, model IFS 88",373.96442,3997.453,2559,4.0,False,False,Diamant-ATR,confirm
493fa00c-77a6-436d-9b78-d92ddbf2ddfc,602684,71398,NFQAOFXQAVIJOU-FMQUCBEESA-N,CC(=O)NCc1cnn(CC(C)C)c1/N=N/N(C(C)C)C(C)C,Bruker ALPHA,373.96442,3997.453,2559,4.0,False,False,Diamant-ATR,confirm
4949c666-64c7-4024-8c16-0b84eb6c175f,573780,61720,NTWYDSOHASEYID-UHFFFAOYSA-N,CC(ON1C(C)(C)CCCC1(C)C)c1ccc(-c2cc(-c3ccc(C(C)ON4C(C)(C)CCCC4(C)C)cc3)cc(-c3ccc(C(C)ON4C(C)(C)CCCC4(C)C)cc3)c2)cc1,Bruker Alpha ATR,373.96442,3997.453,2559,4.0,False,False,Diamant-ATR,confirm
4967dd96-4233-46ba-b477-fd9292b80e2a,647364,81513,ZNUPABCJWDFYLZ-UHFFFAOYSA-N,COC(=O)C(=C1SCCS1)C1CCCC(=O)C1,Bruker Alpha-P ATR,373.82813,3997.4121,2560,4.0,False,False,Diamant- ATR,confirm
4971b7e1-6d6b-49e2-a607-ee0c2399f205,502052,44605,XPJZWVSGKXPBOL-UHFFFAOYSA-N,N#Cc1c(-n2c3ccc([N+](=O)[O-])cc3c3cc([N+](=O)[O-])ccc32)c(C#N)c(-n2c3ccc([N+](=O)[O-])cc3c3cc([N+](=O)[O-])ccc32)c(C#N)c1-n1c2ccc([N+](=O)[O-])cc2c2cc([N+](=O)[O-])ccc21,Bruker ALPHA,373.96442,3997.453,2559,4.0,False,False,ATR platinum Diamond 1 Refl,confirm
498ef5f9-c534-40ff-9cfb-44e3fdb2130f,508143,46134,YOTWMBDNLPNRKE-UHFFFAOYSA-N,CCNc1ccc(-c2nc3ccccc3s2)cc1,Bruker Ascend 400,373.82813,3997.4121,2560,4.0,False,False,ATR platinum Diamond 1 Refl,confirm
4a0f6f16-99b1-44dc-8dfe-28d36cb8964e,500476,44211,PAVNYXCLVNXXSY-UHFFFAOYSA-N,Clc1cc(Cl)cc(-c2ccc(N(c3ccccc3)c3ccccc3)cc2)c1,Bruker ALPHA,373.96442,3997.453,2559,4.0,False,False,Diamant-ATR,confirm
4a17d0b7-f26c-400d-b3a0-85c0cc5d599c,522055,49241,XSCHRSMBECNVNS-UHFFFAOYSA-N,c1ccc2nccnc2c1,Bruker Alpha ATR,373.96442,3997.453,2559,4.0,False,False,Diamant-ATR,confirm
4a1bc183-7eb8-4794-9368-419de7f38010,603494,71578,MXGSQRZNSJHGEP-UHFFFAOYSA-N,COc1cccc(-c2cn(-c3cnc4ccccc4n3)nn2)c1,Bruker Alpha-P ATR,373.96442,3997.453,2559,4.0,False,False,Diamant-ATR,confirm
4a1fcaa6-d38b-4424-b977-4b39501f0bb1,501028,44349,HUIYIFIIMHKYIP-UHFFFAOYSA-N,O=C(O)c1cc(OCc2ccccc2)ccc1[N+](=O)[O-],Bruker ALPHA,373.96442,3997.453,2559,4.0,False,False,Diamant-ATR,confirm
4a6570d5-d835-4afe-bebc-d7f036eef53f,500424,44198,WMWPZPCQGRTJNK-UHFFFAOYSA-N,COC(=O)c1ccc(-c2c(C)cc(OC)c3c2OC(C(=O)OC)(C2CCC(=O)O2)CC3=O)cc1,Bruker ALPHA,373.96442,3997.453,2559,4.0,False,False,Diamant-ATR,confirm
4a7add7d-e035-436a-8031-29e1ebfe0b1b,631091,77883,GDNXABGKDRYTLH-UHFFFAOYSA-N,COC(=O)c1ccc(-c2cc(N)c(N)cc2-c2ccc(C(=O)OC)cc2)cc1,Bruker Alpha ATR,373.96442,3997.453,2559,4.0,False,False,Diamant-ATR,confirm
4aa4bcca-93fd-431d-9486-2833f09c7901,604004,71642,FXROQSCGTOUNEH-UHFFFAOYSA-N,Ic1ccccc1N(Cc1ccccc1)Cc1ccccc1,Bruker Alpha-P ATR,373.96442,3997.453,2559,4.0,False,False,Diamant-ATR,confirm
4acec583-5f15-4cee-aa3c-5b1b375c0973,502080,44612,KKIGUVBJOHCXSP-UHFFFAOYSA-N,NNC(=S)Nc1ccccc1,Bruker ALPHA,373.96442,3997.453,2559,4.0,False,False,ATR platinum Diamond 1 Refl,confirm
4adb065a-6096-4d9f-9eb2-a9d03e375dd7,500172,44135,SOWWKWJMSOAVNK-UHFFFAOYSA-N,COc1c(C)c(C)c2oc(=O)c(C(C)C)cc2c1C,Bruker ALPHA,373.96442,3997.453,2559,4.0,False,False,Diamant-ATR,confirm
4af4b766-f718-4d2c-93e5-d920238ffd84,501308,44419,UDSYLKMDADTHSN-UHFFFAOYSA-N,CCC(=O)c1cn(Cc2ccc(C(F)(F)F)cc2)c2ccccc12,Bruker ALPHA,373.96442,3997.453,2559,4.0,False,False,ATR platinum Diamond 1 Refl,confirm
4b26079e-6591-4b76-ac37-248157559490,502308,44669,RXVALUXWPWFEMQ-UHFFFAOYSA-N,c1ccc(-c2nc(-c3cc(-c4ccncc4)cc(-c4ccncc4)c3)cc(-c3cc(-c4ccncc4)cc(-c4ccncc4)c3)n2)cc1,Bruker ALPHA,399.65625,3996.5625,1765,4.0,False,False,Instrument type and / or accessory,confirm
4b3c88c0-fffb-4bc3-937c-a73a17acc249,501376,44436,UHXQEWPSJGIUEF-UHFFFAOYSA-N,CCCc1cc2c(OC)cc(OC)cc2oc1=O,Bruker ALPHA,373.96442,3997.453,2559,4.0,False,False,ATR platinum Diamond 1 Refl,confirm
4b956070-3c7b-4b63-b473-72c6971e2198,501888,44564,SERARPRVBWDEBA-GXDHUFHOSA-N,Oc1ccccc1/C=N/Nc1ccccc1,Bruker ALPHA,373.96442,3997.453,2559,4.0,False,False,ATR platinum Diamond 1 Refl,confirm
4b965acb-6ac2-44e7-b452-a14195a883cf,639140,79539,ACOFZHHYLNXZFV-UHFFFAOYSA-N,CN(C)C(=Nc1cccc2ccc(C3CCCCC3)nc12)N(C)C,SHIMADZU IRTRACER-100,249.7859,4000.433,3890,,False,False,,confirm
4bf29da2-bfe5-471c-8d2c-98f00c1be257,531730,51078,FDOSUKYERHQQQO-UHFFFAOYSA-N,COc1cc(Br)c(C(=O)C23CC(C)=C(C)CC2C(=O)c2ccccc2C3=O)cc1OC,Bruker Alpha,373.96442,3997.453,2559,4.0,False,False,Diamant-ATR,confirm
4bf60adb-1767-476b-952b-a7c90a1761f4,500872,44310,MQAMEYFLXKJJPK-XYOKQWHBSA-N,CCCCn1cc(C(=O)/C=C/CC(C)C)c2ccccc21,Bruker ALPHA,373.96442,3997.453,2559,4.0,False,False,Diamant-ATR,confirm
4c198f09-56b6-4fe1-ae99-4cc343b8b0f0,627968,77317,AXKWWZKTOILSMH-UHFFFAOYSA-N,c1ccc(CNc2c(-c3cc4ccc3CCc3ccc(cc3)CC4)nc3cnccn23)cc1,Bruker Alpha ATR,373.96442,3997.453,2559,4.0,False,False,Diamant-ATR,dev
4c55c600-b997-4c60-917a-1354ed04ace9,643170,79649,BSMBZDDPUMOQPJ-UHFFFAOYSA-N,c1ccc(/N=C2\N/C(=N\c3ccccn3)c3ccccc32)nc1,Bruker Alpha ATR,373.96442,3997.453,2559,4.0,False,False,Diamant-ATR,dev
4c6c872d-39cc-4183-a589-a47c78e67eaa,639098,79527,XNDIRRNFWBFJDQ-UHFFFAOYSA-N,Cc1ccc2cccc(N=C(N(C)C)N(C)C)c2n1,IRTRACER-100,249.7859,4000.433,3890,,False,False,,confirm
4c73e7db-57b2-41d5-ad83-92e3e559a99d,530585,50815,RXWYWMJYBWVIPF-MDZDMXLPSA-N,O=Cc1nc2ccccc2nc1/C=C/c1nc2ccccc2nc1OCCC(F)(F)C(F)(F)C(F)(F)C(F)(F)C(F)(F)C(F)(F)C(F)(F)C(F)(F)F,Bruker Alpha ATR,373.96442,3997.453,2559,4.0,False,False,Diamant-ATR,confirm
4ccfd705-5ecb-49d6-bfc0-41181c0a47f5,513095,47306,KUOGVDSKRXZPEJ-UHFFFAOYSA-N,N#Cc1c(-n2c3ccccc3c3ccccc32)c(-c2nnc(-c3cccs3)o2)c(-n2c3ccccc3c3ccccc32)c(-n2c3ccccc3c3ccccc32)c1-n1c2ccccc2c2ccccc21,"Bruker, IFS 88",373.96442,3997.453,2559,4.0,False,False,Diamant-ATR,dev
4d19f5d6-c87d-4356-bef0-81cbad70cd5d,628169,77364,UQJHNSOMYNCVFC-UHFFFAOYSA-N,CCCCCNc1c(-c2cc3ccc2CCc2ccc(cc2)CC3)nc2ccccn12,Bruker Alpha ATR,373.96442,3997.453,2559,4.0,False,False,Diamant-ATR,confirm
4d1d869f-d9c3-41f5-8172-a1c940d0fbca,500412,44195,WVVVHTQODWEAAG-UHFFFAOYSA-N,CCCCCn1cc(C(=O)C(C)(C)C)c2ccccc21,Bruker ALPHA,373.96442,3997.453,2559,4.0,False,False,Diamant-ATR,dev
4d28e07b-d535-4c26-af36-44e96433ec42,552202,55578,DIROHOMJLWMERM-UHFFFAOYSA-N,CCCCCCCCCCCCCCCCCC[N+](C)(C)CCCS(=O)(=O)[O-],Bruker Alpha ATR,373.96442,3997.453,2559,4.0,False,False,Diamant-ATR,confirm
4d774797-603f-4066-bd32-b5905aa45e88,500816,44296,UBJNMYLUGSFPDY-UHFFFAOYSA-N,CC(O)CCCCC(=[N+]=[N-])C(=O)OCc1ccccc1,Bruker ALPHA,373.96442,3997.453,2559,4.0,False,False,Diamant-ATR,dev
4dd50de4-45ad-492b-9668-58729e0215cc,613656,74232,MVLGANVFCMOJHR-UHFFFAOYSA-N,C#Cc1ccc(C#C)cc1,Bruker Alpha ATR,373.96442,3997.453,2559,4.0,False,False,Diamant-ATR,dev
4dd7f154-de7f-4e0d-a0c5-d4bb13396c34,628589,77429,LDKDBUVLGOHXSC-UHFFFAOYSA-N,Nc1nc2ccccc2n2c(-c3ccccc3)cnc12,Bruker Alpha ATR,373.96442,3997.453,2559,4.0,False,False,Diamant-ATR,dev
4e02b618-2ad6-409c-94e0-5f3668f8c34e,632771,78209,HVVWWEPETAXCGG-UHFFFAOYSA-N,O=C(Nc1ccccc1C#Cc1ccc(F)cc1)C(F)(F)C(F)(F)C(F)(F)C(F)(F)C(F)(F)C(F)(F)C(F)(F)F,Bruker Alpha-P ATR,373.96442,3997.453,2559,4.0,False,False,Diamant-ATR,confirm
4e1eb423-f027-47ea-a7ea-86c42954843f,499880,44062,HILNXGBHRIVSOD-PPMYXAGCSA-N,C[C@]12C[C@H](O)[C@@H](O)C[C@@H]1CC[C@@H]1[C@@H]2CC[C@]2(C)C(=O)CC[C@@H]12,Bruker ALPHA,373.96442,3997.453,2559,4.0,False,False,Diamant-ATR,confirm
4e6d70cb-1543-468b-a5af-a28ea948961b,530992,50908,ISSAVWGYAUZPDS-UHFFFAOYSA-N,COc1ccc(Br)c(C(=O)c2cc(OC)c3ccccc3c2OC)c1,BRUKER Alpha P,373.96442,3997.453,2559,4.0,False,False,Diamant-ATR,confirm
4e9e9b2b-7635-45d5-97d3-41afc54cd0a7,499392,43940,PFTPBCIBIVRXGT-LURJTMIESA-N,CC[C@H](C)C1=NCCNC1=O,Bruker ALPHA,373.96442,3997.453,2559,4.0,False,False,Diamant-ATR,confirm
4eb9f2b2-9cd7-4670-b916-541b7ecc3dc3,640102,79724,DMANZHLVXMITGT-GHVJWSGMSA-N,CCCCCCCCOc1nc2ccccc2nc1/C=C/c1nc2cc(-c3ccccc3)c(-c3ccccc3)cc2nc1C=O,Bruker Alpha ATR,373.96442,3997.453,2559,4.0,False,False,Diamant-ATR,confirm
4ec21291-3dfb-4727-8b74-f36616b14111,501520,44472,IBPOQYVKRYEIHW-UHFFFAOYSA-N,C1=CCCC(c2ccc(C3=CCCC=CCC3)cc2)=CCC1.[CH3][Pt][CH3].[CH3][Pt][CH3],Bruker ALPHA,373.96442,3997.453,2559,4.0,True,True,ATR platinum Diamond 1 Refl,confirm
4ec69932-7739-4915-80a2-1f34097e1bc1,499520,43972,BVICVEIKBNVROI-UHFFFAOYSA-N,O=P1(O)Oc2c(-c3cc4ccccc4c4ccccc34)cc3ccccc3c2-c2c(c(-c3cc4ccccc4c4ccccc34)cc3ccccc23)O1,Bruker ALPHA,373.96442,3997.453,2559,4.0,False,False,Diamant-ATR,dev
4ed57667-2039-47ee-8f44-1ea0a5fb4870,617542,75216,ZFITVFRKCNNFJG-UHFFFAOYSA-N,CCOC(=O)c1c(N=[N+]=[N-])c(C(=O)OCC)c(N=[N+]=[N-])c(C(=O)OCC)c1N=[N+]=[N-],Bruker Alpha ATR,373.96442,3997.453,2559,4.0,False,False,Diamant-ATR,confirm
4efcd16f-f3fd-4951-a3dd-d5c7d2abd228,656254,83605,ZHNWMBYOQOJQTI-UHFFFAOYSA-N,CC(C)(C)Nc1c(-c2ccccc2Br)nc2ccccn12,Bruker Alpha ATR,373.96442,3997.453,2559,4.0,False,False,Diamant-ATR,confirm
4f6f63d9-6046-48dc-8b83-73484090299d,500236,44151,ZNKZCVVAXNXYAK-UHFFFAOYSA-N,O=c1c(-c2ccccc2)nc2ccccc2n1CCCCBr,Bruker ALPHA,373.96442,3997.453,2559,4.0,False,False,Diamant-ATR,confirm
4f7151bd-94ce-4e4a-ba46-c44bffaa743b,513065,47303,CNOUBQRDWLQFIY-WMNDHARXSA-N,CC(C)(C)OC(=O)[C@H](Cc1nnc(-c2c(-n3c4ccccc4c4ccccc43)c(C#N)c(-n3c4ccccc4c4ccccc43)c(-n3c4ccccc4c4ccccc43)c2-n2c3ccccc3c3ccccc32)o1)NC(=O)OCC1c2ccccc2-c2ccccc21,"Bruker, IFS 88",373.96442,3997.453,2559,4.0,False,False,Diamant-ATR,confirm
4fb74090-4653-45ac-9fb9-88c711f9ec75,507181,45917,KHTYNDFZPPDQOU-UHFFFAOYSA-N,N=S(=O)(c1ccc(S(=N)(=O)C23CC(C2)C3)cc1)C12CC(C1)C2,Bruker Alpha ATR,373.96442,3997.453,2559,4.0,False,False,Diamant-ATR,confirm
4fd74112-69e1-40fd-a820-16a543599969,551591,55511,FVQHZGAWAUTKBW-NRYAXDJKSA-N,C[Si](C)(C)O[C@@H]1C=CC[C@H]2C(=O)c3ccccc3C(=O)[C@@]12C(=O)c1ccccc1I,Bruker Alpha,373.96442,3997.453,2559,4.0,False,False,Diamant-ATR,confirm
501198ec-ac2c-4ee8-92ae-280b226f448b,631932,78030,UTGYZBPCVJGRBV-UHFFFAOYSA-N,COP(=O)(OC)c1ccc(Cl)cc1,Bruker Alpha ATR,373.96442,3997.453,2559,4.0,False,False,Diamant-ATR,confirm
5026675b-4b1d-49b4-b899-b033e5885b9c,501276,44411,WVLNEOJLCAHFFE-UHFFFAOYSA-N,CCCCCn1nc(NC(=O)C(C)(C)C)c2ccccc21,Bruker ALPHA,373.96442,3997.453,2559,4.0,False,False,ATR platinum Diamond 1 Refl,confirm
503f3943-df61-43e6-9e5f-c333c241455e,500580,44237,ZYROPOUYHSYDQH-UGYLPVGZSA-N,C=CCO[C@@H]1OC(COCc2ccccc2)[C@@H](OC(C)=O)[C@H](O[C@@H]2OC(CBr)[C@@H](OC(=O)CCC(C)=O)[C@H](OC(C)=O)C2OC(C)=O)C1NC(=O)C(Cl)(Cl)Cl,Bruker ALPHA,373.96442,3997.453,2559,4.0,False,False,ATR platinum Diamond 1 Refl,dev
508711b6-dfc4-4cc1-b07a-67c39f2a981c,501712,44520,JWUGGVMKZCVAAE-UHFFFAOYSA-N,c1cc2ccc1CCc1ccc(c(-c3ccc(-c4cc5ccc4CCc4ccc(cc4)CC5)cc3)c1)CC2,Bruker ALPHA,399.65625,3996.5625,1765,4.0,False,False,Instrument type and / or accessory,confirm
50a27066-f0cc-4a79-bb13-94a52a9b39ce,642817,80242,LCHRVGBGMUEFLV-VPHDGDOJSA-N,CCCCCCCCOc1nc2ccccc2nc1/C=C/c1nc2cc(-c3ccccc3)c(-c3ccccc3)cc2nc1/C=C/c1nc2cc(-c3ccc(C(=O)OC)cc3)c(-c3ccc(C(=O)OC)cc3)cc2nc1C=O,Bruker Alpha ATR,373.96442,3997.453,2559,4.0,False,False,Diamant-ATR,dev
50c2d38c-dff3-480b-8ea5-d5c5721639bb,501644,44503,DZFZHIKGKLPBTM-UHFFFAOYSA-N,C[Si](C)(C)C#Cc1ccc2[nH]c3ccc(C#C[Si](C)(C)C)cc3c2c1,Bruker ALPHA,373.96442,3997.453,2559,4.0,False,False,ATR platinum Diamond 1 Refl,confirm
50d25166-d43d-43ba-b516-552abf860e6c,635662,78782,CWXIXBIIISVJRL-UHFFFAOYSA-N,CCCCc1cnc2c(Cl)nc3ccccc3n12,Bruker Alpha ATR,373.96442,3997.453,2559,4.0,False,False,Diamant-ATR,confirm
50dea264-252d-4b7e-86c4-f7014d7c55b7,569208,60379,MHZFRQAXCYGEIR-UHFFFAOYSA-N,CCOC(=O)c1ccc(-c2c3nc(c(C#Cc4ccc(OC)cc4)c4ccc([nH]4)c(-c4ccc(C(=O)OCC)cc4)c4nc(c(C#Cc5ccc(OC)cc5)c5ccc2[nH]5)C=C4)C=C3)cc1,Bruker ALPHA-T,373.96442,3997.453,2559,4.0,False,False,Diamant-ATR,dev
50f8e3f8-5196-42cf-afc5-0b0797f386d4,507759,46059,MWIDLEVLPMTJDU-UHFFFAOYSA-N,Fc1ccc(-c2nc3ccccc3s2)cc1,BRUKER ALPHA,373.96442,3997.453,2559,4.0,False,False,Diamant-ATR,confirm
50fc2d5b-6624-4639-b10a-dcf0b8664c28,613038,74035,XADYGZHEUSBXDW-XCYRUZEPSA-N,C1=C/C2=C(\c3ccccc3)c3ccc4[n]3[Fe+][n]3/c(cc/c3=C(\c3ccccc3)C3=N/C(=C\4c4ccccc4/C4=c5\cc/c6[n]5[Fe+][n]5c(ccc5/C(c5ccccc5/C5=c7\cc/c8[n]7[Fe+][n]7c(ccc7/C(c7ccccc7)=C7/C=CC5=N7)/C(c5ccccc5)=C5/C=CC(=N5)\C=8c5ccccc5)=C5/C=CC(=N5)\C=6c5ccccc5)/C(c5ccccc5)=C5/C=CC4=N5)C=C3)=C(/c3ccccc3)C1=N2,IR,373.96442,3997.453,2559,4.0,False,True,Diamant-ATR,confirm
510188bb-1c68-4aab-bb5b-e9d80b244476,517638,48233,BVEPTXWZDNARLY-UHFFFAOYSA-N,Cc1nc2ccccc2n2nnnc12,Bruker Alpha ATR,373.96442,3997.453,2559,4.0,False,False,Diamant-ATR,confirm
51154dcf-2b0f-4d7d-8a48-9bc66a0735b2,501652,44505,FRTVLEZTKRSWBW-UHFFFAOYSA-N,COC(=O)CCc1nnc(-c2c(-n3c4ccccc4c4ccccc43)c(C#N)c(-n3c4ccccc4c4ccccc43)c(-n3c4ccccc4c4ccccc43)c2-n2c3ccccc3c3ccccc32)o1,Bruker ALPHA,373.96442,3997.453,2559,4.0,False,False,ATR platinum Diamond 1 Refl,confirm
511bd6c2-c2f7-46c9-801e-921640c85127,530338,50767,LKLAQSQLIWJRIC-UHFFFAOYSA-N,COC(=O)C1(c2ccc(O)cc2)Nc2ccc(C)cc2S1,Bruker Alpha,373.96442,3997.453,2559,4.0,False,False,Diamant-ATR,confirm
5162b2a7-c1c0-47bd-8ada-e7945d4f721f,676285,87865,GTJYEJNVJGIRAH-WCWDXBQESA-N,c1ccc(/N=N/c2cc3ccc2CCc2ccc(cc2)CC3)cc1,FTIR Bruker IFS 88,373.96442,3997.453,2559,4.0,False,False,ATR Diamant,confirm
518cbe8f-344b-4121-a838-71f9a5b7c25a,512553,47195,CIOTUFXZDSKBMW-UHFFFAOYSA-N,CCCCCCCCCCCc1nnc(-c2c(-n3c4ccccc4c4ccccc43)c(C#N)c(-n3c4ccccc4c4ccccc43)c(-n3c4ccccc4c4ccccc43)c2-n2c3ccccc3c3ccccc32)o1,"Bruker, IFS 88",373.96442,3997.453,2559,4.0,False,False,Diamant-ATR,confirm
51ad38ed-36a5-448f-bf06-0224ae785375,630785,77822,PCUATYAZCDNKBF-UHFFFAOYSA-N,COP(=O)(OC)c1cc(C)ccc1C,Bruker Alpha ATR,373.96442,3997.453,2559,4.0,False,False,Diamant-ATR,confirm
51e7f5a7-69eb-4f8d-8f61-620cab6790b3,499528,43974,KRVXBECJUSODAH-UHFFFAOYSA-N,C=Cc1c[nH]c2ccc(Br)cc12,Bruker ALPHA,373.96442,3997.453,2559,4.0,False,False,Diamant-ATR,dev
51e982b0-f087-4714-940b-bfaefb0b1c39,502460,44707,ZIRGYELKRUDRGA-NCGDQYAHSA-N,C=CC(=O)N1[C@@H](C(=O)OC)C[C@@H](C(=O)N2[C@H](C(=O)OC)C[C@H](C(=O)O[C@@H]3C[C@H](C)CC[C@H]3C(C)C)[C@@H]2c2ccccc2F)[C@H]1c1ccccc1Cl,Bruker ALPHA,373.96442,3997.453,2559,4.0,False,False,Diamant-ATR,confirm
51e9c731-5055-40bc-9534-9b15f8e79f28,499908,44069,OYTRVUSURXYTDM-GULPDURKSA-N,CCOC(=O)[C@@H]1C[C@@H](c2c[nH]c3ccccc23)C[C@@H](c2c[nH]c3ccccc23)N1c1ccc(F)cc1,Bruker ALPHA,373.96442,3997.453,2559,4.0,False,False,Diamant-ATR,confirm
51f72546-4d54-486f-a1fe-ad569c5609fb,500456,44206,PFDVYQWNLKFAEE-UHFFFAOYSA-N,C#CCCCn1nc(NC(=O)C(C)(C)C)c2cccc(C(F)(F)F)c21,Bruker ALPHA,373.96442,3997.453,2559,4.0,False,False,Diamant-ATR,confirm
522a1769-0d43-4b86-8e66-ddce32bb81d0,507875,46084,WTYCRMZWTGSRSJ-UHFFFAOYSA-N,CN(Cc1ccccc1)S(=O)(=O)C12CC(C1)C2,Bruker Alpha ATR,373.96442,3997.453,2559,4.0,False,False,Diamant-ATR,confirm
523c973e-a96a-4698-a8cd-3d6b7dbb3f77,637740,79213,MKIBBHSNDASGGI-ZBMVRHCNSA-N,O=Cc1nc2ccccc2nc1/C=C/c1nc2ccccc2nc1/C=C/c1nc2ccccc2nc1C1OCC(CC(F)(F)C(F)(F)C(F)(F)C(F)(F)C(F)(F)C(F)(F)C(F)(F)C(F)(F)F)O1,Bruker Alpha ATR,373.96442,3997.453,2559,4.0,False,False,Diamant-ATR,confirm
5273e485-a788-4f5e-b305-56a2723692f0,529710,50642,CDTLTIBXDHDYLG-UHFFFAOYSA-N,CC(C)(C)OC(=O)N(C(=O)OC(C)(C)C)N(C(=O)OC(C)(C)C)c1nc2ccccc2nc1Cl,Bruker Alpha ATR,373.96442,3997.453,2559,4.0,False,False,Diamant-ATR,dev
5292006d-229d-42f5-9d07-445584e924d1,602784,71420,AATCYLWHXDDRIG-WCWDXBQESA-N,CC(=O)NCc1cnn(Cc2ccc(C)cc2)c1/N=N/N(C(C)C)C(C)C,Bruker ALPHA,373.96442,3997.453,2559,4.0,False,False,Diamant-ATR,confirm
52add21d-4591-454b-87f7-e64c043d13bd,532654,51271,KGNBWBPVCJEGFH-UHFFFAOYSA-J,Cc1cccc(P(c2ccccc2)c2ccccc2)n1.Cc1cccc(P(c2ccccc2)c2ccccc2)n1.[Br][Cu]1[Cu][Cu]([Br])([Br])[Cu]1[Br],IR,373.96442,3997.453,2559,4.0,True,True,Diamant-ATR,confirm
52d73b51-9e38-4f1a-ac73-c8ebc55d78aa,614862,74529,SGXOPAFVTDWULO-UHFFFAOYSA-N,CCOC(=O)C(Cc1ccc(C(C)(F)F)cc1)C(=O)OCC,Bruker Alpha-P ATR,373.96442,3997.453,2559,4.0,False,False,Diamant-ATR,confirm
52d99a6b-a668-40df-9e43-f2d7c2afe33b,674024,87304,OJRNGUZULVWEHY-RIYZIHGNSA-N,COC(=O)/C(C)=N/Nc1ccc(OC)c(NC=O)c1,Jasco FT/IR-460Plus with ATR Diamond Plate,649.8934,4000.1226,6950,,False,False,,confirm
5342c4d3-e6a4-41db-9151-fc0e1f7b8653,501392,44440,JFJCFUXIGLMBCP-UHFFFAOYSA-N,O=C(C1=CCCC=CCC1)c1ccc(Cl)cc1,Bruker ALPHA,373.96442,3997.453,2559,4.0,False,False,ATR platinum Diamond 1 Refl,confirm
535e9002-8b86-4430-b4fb-103534f87d5c,659624,84285,OQFQJYTYXVKRSH-UHFFFAOYSA-N,CCCCC(=O)Nc1ccccc1I,Bruker Alpha-P ATR,373.96442,3997.453,2559,4.0,False,False,Diamant-ATR,confirm
53785331-6ce8-4084-8826-731c47fd02bf,494688,42764,QHKTTYODSLFKBO-UHFFFAOYSA-N,Fc1ccc(-n2nncc2-c2cc3ccc2CCc2ccc(cc2)CC3)cc1,BRUKER ALPHA,373.96442,3997.453,2559,4.0,False,False,Diamant-ATR,confirm
53813a90-1d47-4570-8c77-1321048cf2ec,499760,44032,BJDNTBIPIZYXPN-UHFFFAOYSA-N,COC(=O)CCc1ccccc1OC,Bruker ALPHA,373.96442,3997.453,2559,4.0,False,False,Diamant-ATR,confirm
5387a8ca-12a8-4042-bae5-3fe0c31cc00a,621951,76074,GSTZJTYYYMCAPJ-UHFFFAOYSA-N,CC(C)(C)COC(=O)c1c(N)c(C(=O)OCC(C)(C)C)c(N)c(C(=O)OCC(C)(C)C)c1N,Bruker Alpha ATR,373.96442,3997.453,2559,4.0,False,False,Diamant-ATR,confirm
53a06a7a-50ce-46e3-a611-a96c348ac146,501344,44428,NOWQHDRUEYRYJH-UHFFFAOYSA-N,O=[N+]([O-])c1ccc(-c2nc3cc(C(F)(F)F)ccc3s2)cc1,Bruker ALPHA,373.96442,3997.453,2559,4.0,False,False,ATR platinum Diamond 1 Refl,dev
53bdbca1-d5a8-4c81-a8d8-24b066f4bf6b,501076,44361,MVLGANVFCMOJHR-UHFFFAOYSA-N,C#Cc1ccc(C#C)cc1,Bruker ALPHA,373.96442,3997.453,2559,4.0,False,False,Diamant-ATR,dev
53c75248-b1c5-4fa8-b5a6-c858e390b0a2,552330,55588,VBRXSYWNZWFBAQ-UHFFFAOYSA-N,CCOC(=O)c1cc(-c2ccc(-c3cc(C(=O)OCC)sc3C)cc2)c(C)s1,Bruker Alpha ATR,373.82813,3997.4121,2560,4.0,False,False,Diamant-ATR,confirm
53cc0936-ee5b-4276-8366-ec834376dcb0,502096,44616,CMWYJVQTHXQCST-UHFFFAOYSA-N,O=C(Nc1n[nH]c2ccccc12)c1cccc2ccccc12,Bruker ALPHA,399.65625,3996.5625,1765,4.0,False,False,Instrument type and / or accessory,confirm
53cff0ae-9fdd-442a-991e-03da8904d09d,500308,44169,OWHQYDLZZGOEON-UHFFFAOYSA-N,O=Cc1cc2ccc1CCc1ccc(cc1Br)CC2,Bruker ALPHA,373.96442,3997.453,2559,4.0,False,False,Diamant-ATR,confirm
540eedb4-966c-43ec-9f94-ddeab9f05327,501544,44478,UOYUAJMRJDTJJK-UHFFFAOYSA-N,CCCCOc1cc(O)c(C=O)c(OC)c1,Bruker ALPHA,373.96442,3997.453,2559,4.0,False,False,ATR platinum Diamond 1 Refl,confirm
541e87d4-a82c-4779-a236-b99fda21860a,499460,43957,CISCVXHQTKKFNJ-UHFFFAOYSA-N,CC(C)c1ccc(NC(=S)Nc2ccc(C(C)C)cc2)cc1,Bruker ALPHA,373.96442,3997.453,2559,4.0,False,False,Diamant-ATR,dev
5424b686-d1cb-45a1-93d3-4ec8d07615ea,529045,50513,VIZKKYMOUGQEKZ-UHFFFAOYSA-L,[Cu][I].[Cu][I].c1ccc(P(c2ccccc2)c2ccccc2)cc1.c1ccc(P(c2ccccc2)c2ccccc2)cc1.c1ccc(P(c2ccco2)c2ccco2)nc1,IR,373.96442,3997.453,2559,4.0,True,True,Diamant-ATR,confirm
54251214-0b96-40a4-ba09-f9e1b76b665a,543617,53784,PEQHIRFAKIASBK-UHFFFAOYSA-N,c1ccc(C(c2ccccc2)(c2ccccc2)c2ccccc2)cc1,Bruker Alpha ATR,374.0,3997.453,2559,,False,False,,confirm
542fe94d-8806-4c40-a2aa-484f2cbbf611,658927,84142,SJTJWJDCHHQJHE-UHFFFAOYSA-N,CC1=C(C#Cc2ccc(OC3CCCCO3)cc2C(F)(F)F)CCCC1=O,Bruker Alpha ATR,373.96442,3997.453,2559,4.0,False,False,Diamant-ATR,confirm
5432d7b3-9525-4753-b229-305a97d03c3e,499860,44057,QTDMMVRSQBVSOE-UHFFFAOYSA-N,CCCCC1(c2cc(OC)c3cc(Cc4ccccn4)c(=O)oc3c2)CCCC1,Bruker ALPHA,373.96442,3997.453,2559,4.0,False,False,Diamant-ATR,dev
543926b6-1171-4a09-82d8-ce07d8b34468,501980,44587,VTBHAFMKNLFOFD-UHFFFAOYSA-N,CCCCN(C)c1cc(OC)cc(OC)c1,Bruker ALPHA,399.65625,3996.5625,1765,4.0,False,False,Instrument type and / or accessory,confirm
5444f202-6c0a-4dca-8d51-b7dd182d0d24,499612,43995,XZSXOGUNGDDBDG-YRDQYSPCSA-N,C[C@@H](/N=C/c1cc2ccc1CCc1ccc(cc1)CC2)c1ccccc1,Bruker ALPHA,373.96442,3997.453,2559,4.0,False,False,Diamant-ATR,confirm
544bc5ea-fe3e-4c9f-bd7e-27d90c4c2b3e,502428,44699,FJOYNMRZUBUGGP-QZZUVKMMSA-N,[N-]=[N+]=N[C@H]1OC(CO)[C@@H](O[C@H]2OC(CO)[C@@H](O)[C@H](O)C2O)[C@H](O)C1O,Bruker ALPHA,373.96442,3997.453,2559,4.0,False,False,ATR platinum Diamond 1 Refl,dev
54560d6c-8664-4b8c-9a9b-cda47747bf21,578487,63118,IFZWRPFSVXUJHG-UHFFFAOYSA-L,Cc1cc(C)cc(P(c2cc(C)cc(C)c2)c2cc(C)ccn2)c1.Fc1ccc(P(c2ccc(F)cc2)c2ccc(F)cc2)cc1.Fc1ccc(P(c2ccc(F)cc2)c2ccc(F)cc2)cc1.[Cu][I].[Cu][I],IR,373.96442,3997.453,2559,4.0,True,True,Diamant-ATR,dev
546929ea-7a8e-4ad4-a738-9f3632bf5a63,545260,54065,XJVIPYHXUFFSPP-UHFFFAOYSA-L,Cc1ccc(P(c2ccc(C)cc2)c2cc(C)ccn2)cc1.Cc1ccc(P(c2ccc(C)cc2)c2cc(C)ccn2)cc1.Cc1ccc(P(c2ccc(C)cc2)c2cc(C)ccn2)cc1.[Cu][I].[Cu][I],IR,373.96442,3997.453,2559,4.0,True,True,ATR platinum Diamond 1 Refl,confirm
548b34b3-8761-4ea3-ac26-686458594ed3,635951,78840,BKFBOTQHKAJKOY-UHFFFAOYSA-M,CCCCc1cn(-c2nc3ccccc3nc2-c2ccccc2)nn1.[Br][Re].[C-]#[O+].[C-]#[O+].[C-]#[O+],Bruker Alpha ATR,373.96442,3997.453,2559,4.0,True,True,Diamant ATR,confirm
549b9981-ef43-4835-b91c-06e21bf6e591,501200,44392,WDPQIRUCBOLRAB-UHFFFAOYSA-K,Nc1cc2cccnc2c2ncccc12.O=C([O][Eu]([O]C(=O)c1ccccc1F)[O]C(=O)c1ccccc1F)c1ccccc1F,Bruker ALPHA,373.96442,3997.453,2559,4.0,True,True,Diamant-ATR,confirm
54c1007f-afa0-4dba-870b-461a235f20da,622116,76107,SSVWEQXUTXDPTL-UHFFFAOYSA-N,COC(=O)c1c(-n2cc(-c3ccccc3)nn2)c(C(=O)OC)c(-n2cc(-c3ccccc3)nn2)c(C(=O)OC)c1-n1cc(-c2ccccc2)nn1,Bruker Alpha ATR,373.96442,3997.453,2559,4.0,False,False,Diamant-ATR,confirm
54f20824-c01b-4bdc-9a28-833f008f16bb,515963,47948,KPNZEUINWRAIER-UHFFFAOYSA-N,CCCNc1ccccc1I,Bruker Alpha-P ATR,373.96442,3997.453,2559,4.0,False,False,Diamant-ATR,confirm
550628c3-759e-4fb0-bb47-acaba03e3bd2,572904,61518,NARYKPVJYVHZGI-UHFFFAOYSA-N,CC(O)c1ccc(C(c2ccc(C(C)O)cc2)(c2ccc(C(C)O)cc2)c2ccc(C(C)O)cc2)cc1,Bruker Alpha ATR,373.96442,3997.453,2559,4.0,False,False,Diamant-ATR,confirm
555f5d20-830d-4606-8d87-c02161338a1f,505185,45397,IGEMWXAPJBWLLG-UHFFFAOYSA-N,O=S(c1ccccc1)C12CC(C1)C2,IR,373.96442,3997.453,2559,4.0,False,False,Diamant-ATR,confirm
556bb0bb-b645-4749-a5ba-10f44ddf4c93,491727,42231,MMODRWTWUUODQN-UHFFFAOYSA-N,COc1ccc(SC23CC(Sc4ccccc4)(C2)C3)cc1,,373.96442,3997.453,2559,,False,False,,dev
557521cf-aa7e-4f69-a5cb-a20329e4a253,500088,44114,LXSJNQNZTULIMF-UUWRZZSWSA-N,CCOC(=O)CCC[C@]1(C)CC(=O)c2c(OC)cc(CO[Si](c3ccccc3)(c3ccccc3)C(C)(C)C)c(I)c2O1,Bruker ALPHA,373.96442,3997.453,2559,4.0,False,False,Diamant-ATR,confirm
5582fbe6-0e4d-4396-82bb-2077efa05d51,671477,86897,HTXBRLLFGABNKX-UHFFFAOYSA-N,O=C(N(Cc1ccc(C(F)(F)F)cc1)c1ccccc1C#Cc1ccccc1)C(F)(F)C(F)(F)C(F)(F)C(F)(F)C(F)(F)C(F)(F)C(F)(F)F,Bruker Alpha-P ATR,373.96442,3997.453,2559,4.0,False,False,ATR platinum Diamond 1 Refl,dev
55a3451b-5566-4dad-82b5-6b253799d541,500676,44261,NHNYHKRWHCWHAJ-OONHEIRLSA-N,CC(=O)OCC1O[C@@H](N=[N+]=[N-])C(OC(C)=O)[C@@H](OC(C)=O)[C@@H]1OC(C)=O,Bruker ALPHA,373.96442,3997.453,2559,4.0,False,False,Diamant-ATR,confirm
55a70cc8-e2bd-4cab-a8e4-ea9b876d179d,529812,50663,FKHNZQFCDGOQGV-UHFFFAOYSA-N,Cc1nc2ccccc2nc1C,Bruker Alpha ATR,373.96442,3997.453,2559,4.0,False,False,Diamant-ATR,confirm
55b54b93-3682-4675-9502-54b68efd5280,628101,77347,LRHQVSJDOPYCOR-UHFFFAOYSA-M,[Cl][Pd][c]1c2ccc(c1-c1nc3ccccn3c1NC1CCCCC1)CCc1ccc(cc1)CC2.c1ccc(P(c2ccccc2)c2ccccc2)cc1,Bruker Alpha ATR,373.96442,3997.453,2559,4.0,True,True,Diamant-ATR,confirm
55b77b01-5728-4f63-b2ab-768e509836b3,20578,2590,YDYWLULGRRSFLV-UHFFFAOYSA-N,CC(=O)Nc1c(C)cc(Br)cc1C,Bruker IFS 88,373.96442,3997.453,2559,4.0,False,False,Diamant-ATR,confirm
55d1b41c-b695-4d30-9ae0-164c55d1878f,502040,44602,CBMYFVSIIYILRH-UHFFFAOYSA-N,c1cc(-c2nc(-c3ccncc3)nc(-c3ccncc3)n2)ccn1,Bruker ALPHA,373.96442,3997.453,2559,4.0,False,False,ATR platinum Diamond 1 Refl,dev
55ec12a6-30b8-4c75-a820-027846264f13,557643,56750,RAZAPXAZBSDVNH-QURGRASLSA-N,Cc1ccc(Cn2ncc(C#N)c2/N=N/N(C(C)C)C(C)C)cc1,Bruker ALPHA,373.96442,3997.453,2559,4.0,False,False,Diamant-ATR,dev
56129067-e983-4ee2-962e-485482e3e1a3,636508,78951,XCJVNBGGSFFRRR-UHFFFAOYSA-N,COC(=O)c1ccc(-c2cc3nc(C)c(=O)[nH]c3cc2-c2ccc(C(=O)OC)cc2)cc1,Bruker Alpha ATR,373.96442,3997.453,2559,4.0,False,False,Diamant ATR,confirm
562679f2-06f7-4ea8-b786-61a005dad3f1,553767,55698,IONBHNFWEFNUEE-UHFFFAOYSA-N,Nc1cc(-c2ccc(C(=O)O)cc2)ccc1-c1ccc(C(=O)O)cc1,Bruker Alpha ATR,373.96442,3997.453,2559,4.0,False,False,Diamant-ATR,confirm
56292ebc-6f19-4d9b-9505-1ced791cedc0,525427,49904,QROGAFPZULQEKR-UHFFFAOYSA-N,CCc1cc2c(C)c(OC)c(C)c(C)c2oc1=O,Bruker Alpha ATR,373.82813,3997.4121,2560,4.0,False,False,Diamant-ATR,confirm
56434eb2-f058-440c-bdb5-b7f6b136118f,513318,47341,IOOIGEUVTBOKRL-ZDUSSCGKSA-N,C[C@H](O)c1cc2ccc1CCc1ccc(cc1)CC2,"Bruker, model IFS 88",373.96442,3997.453,2559,4.0,False,False,Diamant-ATR,confirm
56552ce7-3774-452d-85d8-91cdde5357ad,629106,77508,BZUADUCGXDAGNQ-UHFFFAOYSA-N,CCCCc1cn(-c2nc3ccccc3nc2-n2cc(CCCC)nn2)nn1,Bruker Alpha ATR,373.96442,3997.453,2559,,False,False,,confirm
566b37d5-82e0-41f0-8464-c31b14668578,527826,50273,POWAWEFVIVSNFM-UHFFFAOYSA-L,Cc1ccnc(P(c2ccccc2)c2ccccc2)c1.Clc1ccc(P(c2ccc(Cl)cc2)c2ccc(Cl)cc2)cc1.Clc1ccc(P(c2ccc(Cl)cc2)c2ccc(Cl)cc2)cc1.[Cu][I].[Cu][I],IR,373.96442,3997.453,2559,4.0,True,True,Diamant-ATR,confirm
56838c00-abcc-40e6-8bff-d14b5b3efaea,500096,44116,BPVDQFVACPJFLX-UHFFFAOYSA-N,c1ccc2c(c1)c1ccccc1n2-c1c(-c2nnn[nH]2)c(-n2c3ccccc3c3ccccc32)c(-n2c3ccccc3c3ccccc32)c(-n2c3ccccc3c3ccccc32)c1-c1nnn[nH]1,Bruker ALPHA,373.96442,3997.453,2559,4.0,False,False,Diamant-ATR,confirm
5692fb41-80cf-4769-b3f6-2ad13d779572,501916,44571,RAFNCPHFRHZCPS-UHFFFAOYSA-N,S=C(n1ccnc1)n1ccnc1,Bruker ALPHA,399.65625,3996.5625,1765,4.0,False,False,Instrument type and / or accessory,dev
5693e3c5-9319-4f21-83b1-6b0168196808,503604,45018,QKHPYPUCYCZMQU-UHFFFAOYSA-N,CCOC(=O)c1ccc(-c2c3nc(cc4ccc([nH]4)c(-c4ccc(C(=O)OCC)cc4)c4nc(cc5ccc2[nH]5)C=C4)C=C3)cc1,Bruker ALPHA-T,373.82813,3997.4121,2560,4.0,False,False,Diamant-ATR,confirm
5698a5bf-d8da-4cf9-a3d2-638745a878af,508382,46189,ADRCREMWPUFGDU-UHFFFAOYSA-N,CCN(CC)c1ccc(-c2nc3ccccc3s2)cc1,BRUKER ALPHA,373.82813,3997.4121,2560,4.0,False,False,ATR platinum Diamond 1 Refl,confirm
569b5bb0-d4a9-44ec-bfe6-2f45385d410a,617566,75222,ROXLWZLNQXFRED-UHFFFAOYSA-N,CC(C)OC(=O)c1c(N=[N+]=[N-])c(C(=O)OC(C)C)c(N=[N+]=[N-])c(C(=O)OC(C)C)c1N=[N+]=[N-],Bruker Alpha ATR,373.96442,3997.453,2559,4.0,False,False,Diamant-ATR,confirm
56d253dd-c16b-4d83-931c-6623d961be26,501128,44374,ASDUSQIQATUEKD-UHFFFAOYSA-N,FC(F)(F)c1ccc(Cn2ccc3ccccc32)cc1,Bruker ALPHA,373.96442,3997.453,2559,4.0,False,False,Diamant-ATR,confirm
56e9b037-7cdf-441e-8ce9-1c1678cbbac6,502572,44735,LLKLZNNYRPUEMA-CTADLLLLSA-N,COC(=O)[C@H]1C[C@@H](C(=O)N2[C@H](C(=O)OC)C[C@H](C(=O)O[C@@H]3C[C@H](C)CC[C@H]3C(C)C)[C@@H]2c2ccc(F)cc2)[C@@H](c2ccc(Cl)cc2)N1,Bruker ALPHA,373.96442,3997.453,2559,4.0,False,False,Diamant-ATR,dev
56ec82cc-2f9f-426e-8c0e-f29acc772468,502132,44625,OKECALHCRRAAJW-UHFFFAOYSA-N,S=C(Nc1ccccc1-c1ccccc1)Nc1ccccc1-c1ccccc1,Bruker ALPHA,399.65625,3996.5625,1765,4.0,False,False,Instrument type and / or accessory,confirm
56f3b6aa-c926-4723-8759-f851b759006a,526932,50122,YNIFBPAYLSVLNB-UHFFFAOYSA-L,Cc1ccc(P(c2ccc(C)cc2)c2cc(C)ccn2)cc1.[Cu][I].[Cu][I].c1ccc(P(c2ccccc2)c2ccccc2)cc1.c1ccc(P(c2ccccc2)c2ccccc2)cc1,IR,373.96442,3997.453,2559,4.0,True,True,Diamant-ATR,confirm
57085be7-6ca9-4125-9701-c35cffb42680,616056,74795,WGMOCILRUYTMIW-UHFFFAOYSA-N,CCCCc1cn(-c2nc3ccccc3nc2Nc2ccc(C(C)=O)cc2)nn1,Bruker Alpha ATR,373.96442,3997.453,2559,4.0,False,False,Diamant-ATR,confirm
570e64ec-3060-46d1-ada6-6684b74e59b1,580122,63542,DTQJMAHDNUWGFH-AWEZNQCLSA-N,c1ccc(C2=N[C@H](c3ccccc3)CO2)cc1,Bruker Alpha p,373.96442,3997.453,2559,4.0,False,False,Diamant ATR,dev
570f733d-5252-4add-b189-62b258e6c306,500792,44290,BLDZZLLBERMLIR-UHFFFAOYSA-N,COc1cc(C(=O)c2ccccc2Br)c(OC)c2ccccc12,Bruker ALPHA,373.96442,3997.453,2559,4.0,False,False,Diamant-ATR,confirm
573b153f-71b1-421b-9162-d077f52a2e9a,638060,79270,VFJCNECVCLZJMX-UHFFFAOYSA-N,Cc1ccc(C(C)C)c2cc(Cc3ccc(O)cc3)c(=O)oc12,Bruker Alpha-P ATR,373.96442,3997.453,2559,4.0,False,False,Diamant-ATR,confirm
5740d8eb-923d-44fa-ad06-2a2e260366ff,550437,55261,WPGXNUFGNKCCCZ-LQGLAIQGSA-N,CC1=CC[C@H]2C(=O)c3ccccc3C(=O)[C@@]2(C(=O)c2ccccc2I)[C@H]1O[Si](C)(C)C,Bruker Alpha,373.96442,3997.453,2559,4.0,False,False,Diamant ATR,dev
574ed67f-fbf9-4618-ad6b-9001b5ae48fe,529290,50556,BMIMNRPAEPIYDN-UHFFFAOYSA-N,Cc1nc2ccccc2[nH]c1=O,Bruker Alpha ATR,373.96442,3997.453,2559,4.0,False,False,Diamant-ATR,confirm
575bf2d9-db88-4294-b633-c900addfbdcc,501704,44518,BQLDYARBQZEEIU-UHFFFAOYSA-N,Fc1cc(-c2nc3ccccc3s2)cc(F)c1F,Bruker ALPHA,399.65625,3996.5625,1765,4.0,False,False,Instrument type and / or accessory,confirm
5782e53a-cfe0-4a8a-b1b9-3f8fe761f7d8,601210,71084,DUCUXKNIVNHGGQ-UHFFFAOYSA-N,FC(F)(F)c1ccc2sc(-c3ccc(Br)cc3)nc2c1,Bruker Alpha ATR,373.96442,3997.453,2559,4.0,False,False,Diamant-ATR,confirm
5812f05a-fe0c-4779-92e8-f11b5253dd08,569556,60470,XSVGLMQQYMQCTR-UHFFFAOYSA-N,CC(=O)c1ccc(-c2cc(-c3ccc(C(C)=O)cc3)cc(-c3ccc(C(C)=O)cc3)c2)cc1,Bruker Alpha ATR,373.96442,3997.453,2559,4.0,False,False,Diamant-ATR,confirm
5842ba1c-1154-4f64-a347-5f5dfe72d853,646746,81376,UZOCJOWAWRLPHI-RLHIYFKTSA-N,CC(C)(C)[Si](C)(C)OCCCCCCCCCCCCOc1nc2ccccc2nc1/C=C/c1nc2ccccc2nc1/C=C/c1nc2ccccc2nc1/C=C/c1ccc(/C=C/c2nc3ccccc3nc2/C=C/c2nc3ccccc3nc2/C=C/c2nc3ccccc3nc2OCCCCCCCCCCCCO[Si](C)(C)C(C)(C)C)cc1,Bruker Alpha ATR,373.96442,3997.453,2559,4.0,False,False,Diamant-ATR,confirm
58458735-3e85-4f76-810c-1b6a50f39633,500836,44301,UVDUGHSMDGJSKZ-UHFFFAOYSA-N,CCCCCn1cc(C(C)=O)c2ccccc21,Bruker ALPHA,373.96442,3997.453,2559,4.0,False,False,Diamant-ATR,confirm
58458e71-0982-48d9-b45b-788936f72c45,506933,45851,YKKIPCONLLTXMO-UHFFFAOYSA-N,N=S(=O)(c1ccc([N+](=O)[O-])cc1)C12CC(C1)C2,Bruker Alpha ATR,373.96442,3997.453,2559,4.0,False,False,Diamant-ATR,dev
58bbd993-c37b-4b45-b85c-a4c8e4db3ee0,20053,2540,MSLICLMCQYQNPK-UHFFFAOYSA-N,CC(=O)Nc1ccc(Br)cc1,Bruker IFS 88,373.96442,3997.453,2559,4.0,False,False,Diamant ATR,confirm
58c4ae36-9a8e-40bd-b960-8067e8b9c2e7,628570,77428,DHVXGDPBGBTTOC-UHFFFAOYSA-N,c1ccc(-c2cn(-c3nc4ccccc4n4c(-c5ccccc5)cnc34)nn2)cc1,Bruker Alpha ATR,399.67798,3996.7798,1747,4.0,False,False,LSH-R206_F2-8,confirm
58cf7f69-1212-49f2-8b7f-45bf675c54ab,489695,41743,GURMGCRMABASRX-UHFFFAOYSA-N,CCCCn1nc(NCc2ccccc2)c2cccc(C(F)(F)F)c21,Bruker Alpha,373.96442,3997.453,2559,4.0,False,False,Diamant-ATR,dev
58d7b01e-8a10-4b85-af5d-e127c5dd62be,519477,48665,HOTMMJRJOHGLRS-UHFFFAOYSA-N,O=Cc1c2ccc(c1Br)CCc1ccc(cc1)CC2,Bruker Alpha,373.96442,3997.453,2559,,False,False,,confirm
59346547-663a-4807-bd5a-3894e057fc5f,502544,44728,HBBBQHJXCZEYOV-UHFFFAOYSA-N,C[Si](C)(C)C#Cc1ccc(-c2ccc(C(=O)C(F)(F)F)cc2)cc1,Bruker ALPHA,399.65625,3996.5625,1765,4.0,False,False,Instrument type and / or accessory,confirm
59674ffd-c76a-4750-8c55-f719448ea248,543939,53845,DRBWVNNAFWIKLM-UHFFFAOYSA-M,COC(=O)c1cc(C)c(-n2cc[n+](-c3c(C)cc(C(=O)OC)cc3C)c2)c(C)c1.[Cl-],Bruker Alpha ATR,373.96442,3997.453,2559,4.0,True,False,Diamant-ATR,confirm
59b89a37-49c1-4098-b273-bf39a24b5f10,657049,83798,FLZJZVAEYWUCET-UHFFFAOYSA-N,Clc1cc(-c2ccncc2)cc(Cl)n1,Bruker Alpha ATR,373.96442,3997.453,2559,4.0,False,False,Diamant-ATR,confirm
59d35d8b-c7cf-4c67-b7ca-ce774f0da3dc,501656,44506,BCOIUDGKUYYXRX-UHFFFAOYSA-N,N#Cc1cc2ccc1CCc1ccc(cc1Br)CC2,Bruker ALPHA,373.96442,3997.453,2559,4.0,False,False,ATR platinum Diamond 1 Refl,confirm
5a1642bf-999c-45d3-a4d9-4c38265ee825,500556,44231,RCRVZCIUKQNOIS-UHFFFAOYSA-N,ClCC1(CCl)CC1(Br)Br,Bruker ALPHA,373.96442,3997.453,2559,4.0,False,False,ATR platinum Diamond 1 Refl,confirm
5a21f47c-1c55-4de8-a03a-0c2778de556c,499072,43860,DJINGZQBQMFKGX-UHFFFAOYSA-N,N#Cc1cc2ccc1CCc1ccc(c(Br)c1)CC2,Bruker ALPHA,373.96442,3997.453,2559,4.0,False,False,Diamant-ATR,confirm
5a228e7f-5afb-4327-89ab-142dde1fc5e6,606549,72208,FVXGDJGGNGUZCN-UHFFFAOYSA-N,C1=CCCC=CCC1.[CH3][Pt][C](F)(C(F)(F)F)C(F)(F)F,BRUKER ALPHA,399.67798,3996.7798,1747,4.0,True,True,SG-X4196,confirm
5a551aee-2e7f-4586-a0d9-fd096b79cca6,552247,55581,IMOLFLXWIUQUFC-UHFFFAOYSA-N,Cc1sc(C(=O)O)cc1C1=C(c2cc(C(=O)O)sc2C)C(F)(F)C(F)(F)C1(F)F,Bruker Alpha ATR,373.82813,3997.4121,2560,4.0,False,False,Diamant-ATR,confirm
5a8ef397-dd49-404a-853d-91624ea37ea4,529324,50563,PXDLUYLWPJMGJA-UHFFFAOYSA-N,Cc1nc2ccccc2nc1Cl,Bruker Alpha ATR,373.96442,3997.453,2559,4.0,False,False,Diamant-ATR,confirm
5ab0626a-a0e6-4d3c-93e9-3b6abc26e0d8,528758,50457,XOSYBQIJXZRPNJ-UHFFFAOYSA-N,COC(OC)c1nc2ccccc2nc1N,Bruker Alpha ATR,373.96442,3997.453,2559,4.0,False,False,Diamant-ATR,dev
5abadc1e-f529-4a60-b12b-9b22c6d33eb8,632560,78160,BZDTZZOSIAUOBS-UHFFFAOYSA-N,Nc1ccccc1C#Cc1ccccc1,Bruker Alpha-P ATR,373.96442,3997.453,2559,4.0,False,False,Diamant-ATR,confirm
5af30504-3c16-4878-a054-a1a051a199fe,501468,44459,ZSTIPXPOWKYOBR-UHFFFAOYSA-N,[N-]=[N+]=NCCOCCOCCOCCP(=O)(O)O,Bruker ALPHA,373.96442,3997.453,2559,4.0,False,False,ATR platinum Diamond 1 Refl,dev
5b1f40e5-6490-4787-9b2a-4d3c7c1cfeec,500024,44098,LCZKNUDVFMMPPZ-UHFFFAOYSA-N,CCCCn1cc(C(=O)c2ccc3ccccc3c2)c2ccccc21,Bruker ALPHA,373.96442,3997.453,2559,4.0,False,False,Diamant-ATR,confirm
5b248ede-4377-423f-8825-dd2f823ad749,514309,47561,GMLILFMFNDCNOD-UHFFFAOYSA-N,CNc1ccc(-c2nc3cc(C(F)(F)F)ccc3s2)cc1,BRUKER ALPHA,373.82813,3997.4121,2560,4.0,False,False,ATR platinum Diamond 1 Refl,confirm
5b3ac562-7876-450c-802c-c79626958762,516025,47963,OJTCPNVRJOFUKT-UHFFFAOYSA-N,Ic1ccccc1NCc1ccccc1,Bruker Alpha-P ATR,373.96442,3997.453,2559,4.0,False,False,Diamant-ATR,confirm
5b47557c-ea1f-4a54-806a-b4cf4bc9e751,631946,78031,YJVXDIBSKYAUDH-UHFFFAOYSA-N,COP(=O)(OC)c1ccc(P(=O)(OC)OC)cc1,Bruker Alpha ATR,373.96442,3997.453,2559,4.0,False,False,Diamant-ATR,confirm
5b75a1e8-7e64-4a9f-8be8-8047434e7d5c,602709,71403,MPFTVRYGHBGKIC-OCOZRVBESA-N,CC(C)Cn1ncc(CNC(=O)c2ccccc2)c1/N=N/N(C(C)C)C(C)C,Bruker ALPHA,373.96442,3997.453,2559,4.0,False,False,Diamant-ATR,confirm
5b9abd1d-c1e9-4739-8840-8443cb3cc5c4,678186,88305,CSZZTDUUJOINIP-UHFFFAOYSA-N,O=C(C1CCCCC1)N(Cc1ccccc1)c1ccccc1C#Cc1ccccc1,Bruker Ascend 400 MHz,373.96442,3997.453,2559,4.0,False,False,Diamant-ATR,confirm
5baf1868-c114-483c-8dd2-0f806b8f2a6a,580006,63511,AQOBCZGNYIDKIJ-CEXMQFLDSA-N,CC[C@H](/C=C/[C@@H](C)[C@H]1CC[C@H]2[C@@H]3C[C@@H](OC)[C@]45C[C@H]4CC[C@]5(C)[C@H]3CC[C@]12C)C(C)C,Bruker Alpha p,373.96442,3997.453,2559,4.0,False,False,Diamant-ATR,confirm
5bbd1c98-3552-4aa0-a4fb-b4af8210a31d,500880,44312,BVGVYBCIZHDFTL-UHFFFAOYSA-N,O=C(Nc1nn(Cc2ccc(F)cc2)c2c(C(F)(F)F)cccc12)c1ccccc1,Bruker ALPHA,373.96442,3997.453,2559,4.0,False,False,Diamant-ATR,confirm
5bded41e-e012-498e-b977-fa5095eba16e,513592,47405,QFXROJNBTPMHSS-UHFFFAOYSA-N,CC(=O)c1cc(Br)ccc1Br,"Bruker, model IFS 88",373.96442,3997.453,2559,4.0,False,False,Diamant-ATR,confirm
5c0ca491-3981-475e-8e86-303fcf7fccdd,580207,63559,YKIHZJYAWYPKIK-VVBRJHLJSA-N,CO[C@@H]1C[C@H]2[C@@H]3CC[C@H]([C@H](C)[C@H]4C[C@@H]4C=O)[C@@]3(C)CC[C@@H]2[C@@]2(C)CC[C@@H]3C[C@]312,Bruker Alpha p,373.96442,3997.453,2559,4.0,False,False,Diamant-ATR,confirm
5c2bde98-d2b8-4f2d-9b2a-8976d91717d2,501512,44470,AMHYNJZGKPXOOP-WGRYGTHWSA-N,CO[C@@H]1C[C@H]2[C@@H]3CC[C@H]([C@H](C)C=O)[C@@]3(C)CC[C@@H]2[C@@]2(C)CC[C@@H]3C[C@]312,Bruker ALPHA,373.96442,3997.453,2559,4.0,False,False,ATR platinum Diamond 1 Refl,confirm
5c2ff67d-e286-40de-9ccb-b93f4155c4b7,677093,88060,XPSWWFDIFQNGIQ-UHFFFAOYSA-N,O=C(Nc1ccccc1C#Cc1ccccc1)c1c(Cl)cc(Cl)cc1Cl,Bruker Ascend 400 MHz,373.96442,3997.453,2559,4.0,False,False,ATR Diamant,confirm
5c3bb6c6-223b-4d80-8359-422a56972d38,669920,86532,KZLZBBZTICQZFV-CMPHSYMRSA-N,CC(C)(C)[Si](C)(C)O[C@H]1CC[C@@]2(C)[C@@H](CC[C@H]3C4=CCC(=O)[C@@]4(C)CC[C@@H]32)C1,FT-IR Bruker IFS 88,373.96442,3997.453,2559,4.0,False,False,Diamant-ATR,confirm
5c459c58-4554-4354-9b49-e2e099b93660,499404,43943,HKYZJMCEVGEAAJ-XYOKQWHBSA-N,COC(=O)C(C/C=C/C(=O)OC(C)(C)C)Nc1ccccc1,Bruker ALPHA,373.96442,3997.453,2559,4.0,False,False,Diamant-ATR,dev
5c47bd3e-9fa6-4f05-a662-6f0abb62f9e3,499428,43949,ZWXGLBSAKPYMKR-DXWDKFENSA-N,CCOC(=O)[C@@H]1C[C@@H](c2c[nH]c3ccc(Cl)cc23)C[C@@H](c2c[nH]c3ccc(Cl)cc23)N1c1ccc(F)cc1,Bruker ALPHA,373.96442,3997.453,2559,4.0,False,False,Diamant-ATR,confirm
5c4861a1-2c8b-4de0-96f9-668ba3d9a2ae,531748,51082,VQHSHKAJCSLGOP-UHFFFAOYSA-N,CC1=C(C)CC2(C(=O)c3ccccc3Br)C(=O)c3ccccc3C(=O)C2C1,BRUKER Alpha P,373.96442,3997.453,2559,4.0,False,False,Diamant-ATRl,confirm
5cdafab6-ffd4-4314-98ef-0a31d9bc99a0,500652,44255,CNYUFLBKAKUJAZ-UHFFFAOYSA-N,Cc1cc(C)c(Nc2cc3ccc2CCc2ccc(c(Nc4c(C)cc(C)cc4C)c2)CC3)c(C)c1,Bruker ALPHA,373.96442,3997.453,2559,4.0,False,False,Diamant-ATR,confirm
5d330d63-b947-4dd0-b7b8-732bb7b204ee,500904,44318,BWHFZFGBNFJZAH-UHFFFAOYSA-N,CCCCn1cc(C(=O)C2CCCCC2)c2cc(C#N)ccc21,Bruker ALPHA,373.96442,3997.453,2559,4.0,False,False,Diamant-ATR,confirm
5d5aeb11-1a49-4f46-b386-af99718483bf,553742,55696,UVYBPUVKQLFZAE-ZZXKWVIFSA-N,CN(C)/C=N/C(=O)NC=O,Bruker Alpha ATR,373.96442,3997.453,2559,4.0,False,False,Diamant-ATR,confirm
5d763b81-ec03-48ce-98c5-285393af4739,676354,87883,BPBOJZFNHXUUNG-UHFFFAOYSA-N,Nc1cc2ccc1CCc1ccc(cc1)CC2,FTIR Bruker IFS 88,373.96442,3997.453,2559,4.0,False,False,Diamant-ATR,confirm
5d771f32-2013-4821-8cfc-60c8aa5cb6f1,631731,77995,GKOVDFONJFCCTM-UHFFFAOYSA-N,COP(=O)(OC)c1ccc2c(c1)-c1cc(P(=O)(OC)OC)ccc1-2,Bruker Alpha ATR,373.96442,3997.453,2559,4.0,False,False,Diamant-ATR,confirm
5d9d3042-2a75-4574-b376-41607507f89c,499824,44048,LETCVVHTUNUZFS-UHFFFAOYSA-N,COc1ccccc1Cc1cc2c(C(C)C)ccc(C)c2oc1=O,Bruker ALPHA,373.96442,3997.453,2559,4.0,False,False,Diamant-ATR,confirm
5da42b0d-dad9-4758-a2e1-ecffeba9e024,525347,49888,ZBOYZYYGCXGDAY-UHFFFAOYSA-N,CCCCc1cc2c(C)ccc(C)c2oc1=O,Bruker Alpha ATR,373.82813,3997.4121,2560,4.0,False,False,Diamant-ATR,confirm
5da96ddc-2b93-4a03-ac94-11c66ec6ec3f,551483,55493,DSYQXFRPIDFLBX-UHFFFAOYSA-N,CCCCn1cc(CC(=O)Nc2ccc(C(F)(F)F)cc2)c2ccccc21,BRUKER ALPHA,373.96442,3997.453,2559,4.0,False,False,Diamant-ATR,dev
5dc27689-5b1e-4e92-8042-807317f15483,525287,49876,WQINIDWRLXNROW-UHFFFAOYSA-N,Cc1cc2c(C)ccc(C)c2oc1=O,Bruker Alpha ATR,373.82813,3997.4121,2560,4.0,False,False,Diamant-ATR,confirm
5dd58276-a7c5-4892-8739-58d9119c5087,504296,45188,WNZUZRNOOIJQQW-UHFFFAOYSA-N,c1ccc2c(c1)cc(-c1cc3ccc1CCc1ccc(cc1)CC3)c1ccccc12,Bruker IFS88,373.96442,3997.453,2559,4.0,False,False,Diamant-ATR,confirm
5df8bfc2-9dcc-4d4a-a8d7-06c7ed3f6b19,649020,81927,IECVTZNNDJQHMF-UHFFFAOYSA-N,CC(O)CC(C)C(=C1SCCS1)c1ccccc1,Bruker Alpha,373.96442,3997.453,2559,4.0,False,False,Diamant-ATR,dev
5e0d329f-065c-4b89-90b8-33053b9e303b,500844,44303,KQLRYGBIIPSSLA-KBXCAEBGSA-N,COC(=O)[C@H]1C[C@H](O)CN1C(=O)c1cc(OCc2ccccc2)ccc1[N+](=O)[O-],Bruker ALPHA,373.96442,3997.453,2559,4.0,False,False,Diamant-ATR,confirm
5e37da6a-d096-4e5e-9b55-817ac4e87ceb,499968,44084,AQEJHFIMRXVFAN-UHFFFAOYSA-N,CCCCn1cc(C(=O)Cc2ccccc2)c2ccccc21,Bruker ALPHA,373.96442,3997.453,2559,4.0,False,False,Diamant-ATR,confirm
5eb22abe-27b0-4429-aebe-b11ab4079da9,499944,44078,XQUWLKNKCVUHQZ-CTADLLLLSA-N,COC(=O)[C@H]1C[C@@H](C(=O)N2[C@H](C(=O)OC)C[C@H](C(=O)O[C@@H]3C[C@H](C)CC[C@H]3C(C)C)[C@@H]2c2cccc(F)c2)[C@@H](c2cccc(Cl)c2)N1,Bruker ALPHA,373.96442,3997.453,2559,4.0,False,False,Diamant-ATR,confirm
5ec51dbe-075b-419d-bc2d-c6e156c8538d,500252,44155,CTZVEKYVQDCREH-UHFFFAOYSA-N,Cc1cccc(-c2cn(Cc3ccccc3)nn2)n1,Bruker ALPHA,373.96442,3997.453,2559,4.0,False,False,Diamant-ATR,confirm
5ed9becb-b63c-4a88-8233-24613493e1ab,502072,44610,MNOILHPDHOHILI-UHFFFAOYSA-N,CN(C)C(=S)N(C)C,Bruker ALPHA,373.96442,3997.453,2559,4.0,False,False,ATR platinum Diamond 1 Refl,dev
5eee40f8-8fbc-4ce6-b266-b74e72a1ab26,550252,55226,HTUXSVMUHUMUTO-HTAPYJJXSA-N,CC1=CC[C@]2(C(=O)c3ccccc3I)C(=O)c3ccccc3C(=O)[C@@H]2C1,Bruker Alpha,373.96442,3997.453,2559,4.0,False,False,Diamant- ATR,confirm
5f0a3a6c-ecf1-46fb-9f16-d5eaa40dc7f2,631785,78003,ZEAOUDSHMVQDDV-UHFFFAOYSA-N,COP(=O)(OC)c1ccc(C#N)cc1,Bruker Alpha ATR,373.96442,3997.453,2559,4.0,False,False,Diamant-ATR,confirm
5f240eb8-2877-4424-b5c0-84f452b108e3,501304,44418,BEAJCHFCYQOFGS-UHFFFAOYSA-N,CC1Nc2ccccc2NC1=O,Bruker ALPHA,373.96442,3997.453,2559,4.0,False,False,ATR platinum Diamond 1 Refl,confirm
5f30ba98-9a4f-4e77-b212-fab9392bf08f,525367,49892,UIZKHLJWMZEWHJ-UHFFFAOYSA-N,CCCCCc1cc2c(C)ccc(C)c2oc1=O,Bruker Alpha ATR,373.82813,3997.4121,2560,4.0,False,False,Diamant ATR,confirm
5f539d59-4e13-49c0-9dce-f1e8c491ac4a,500936,44326,UOKJHBLOQCOCRU-UHFFFAOYSA-N,COc1ccc(NC(=O)c2cc3ccc2CCc2ccc(cc2)CC3)cc1,Bruker ALPHA,373.96442,3997.453,2559,4.0,False,False,Diamant-ATR,dev
5f7a015c-1fd4-498b-961f-7da0984bf4e5,522411,49310,ABTZHDQWMUXIFW-UHFFFAOYSA-N,Nc1nc2ccccc2nc1-c1ccccc1,Bruker Alpha ATR,373.96442,3997.453,2559,4.0,False,False,Diamant-ATR,confirm
5f7b98ee-cc60-4c0d-9a8c-a03a75b10d52,630265,77717,JFQQXHCZLVWKOL-UHFFFAOYSA-M,[Br][Re].[C-]#[O+].[C-]#[O+].[C-]#[O+].c1ccc(-c2cn(-c3cnc4ccccc4n3)nn2)cc1,Bruker Alpha ATR,373.96442,3997.453,2559,4.0,True,True,Diamant-ATR,confirm
5f972693-ef74-4e2e-aefc-98d61c037fa2,674088,87321,CFUDBJNBUQJVCC-UHFFFAOYSA-N,COc1cc2cc(C(C)=O)[nH]c2cc1NC=O,Jasco FT/IR-460Plus with ATR Diamond Plate,649.8934,4000.1226,6950,,False,False,,confirm
5f99cfa3-49ac-4061-a1d9-12e91ae97bf2,500984,44338,XQJCEDHXMKSOPY-UHFFFAOYSA-N,c1ccc(N(c2ccccc2)c2ccc(Nc3cc4ccc3CCc3ccc(cc3)CC4)cc2)cc1,Bruker ALPHA,373.96442,3997.453,2559,4.0,False,False,Diamant-ATR,confirm
5fc10ec7-c7ec-4663-bde0-53df27087e3b,499276,43911,NXZQLMOYOVHVAM-VOTSOKGWSA-N,Cc1ccccc1Cc1cc2c(O)cc(/C=C/C(F)(F)C(F)(F)C(F)(F)C(F)(F)F)cc2oc1=O,Bruker ALPHA,373.96442,3997.453,2559,4.0,False,False,Diamant-ATR,confirm
5fc52dee-658d-4293-97e7-3dce1204d1a0,500216,44146,FEOWWOCANLUVIT-KYQPOWKGSA-N,C[C@]12CC=CC[C@@H]1CC[C@@H]1[C@@H]2CC[C@]2(C)[C@@H](O)CC[C@@H]12,Bruker ALPHA,373.96442,3997.453,2559,4.0,False,False,Diamant-ATR,confirm
5fdf3fdf-d125-416d-9df7-c147fba9fb61,500080,44112,WDPQOLUGSKPUBF-JXMROGBWSA-N,COc1ccc(OC/C(C)=C/CO)cc1,Bruker ALPHA,373.96442,3997.453,2559,4.0,False,False,Diamant-ATR,confirm
5ff6a2c5-7438-419c-a976-11267f6756d5,500988,44339,QYRVELWEHDQMAN-UHFFFAOYSA-N,O=C1CC2(CCOCC2)NC2(CCOCC2)C1,Bruker ALPHA,373.96442,3997.453,2559,4.0,False,False,Diamant-ATR,confirm
6004e991-8502-4f25-9556-6cb2368a193d,508884,46315,GIDYPDKEIUAHAE-UHFFFAOYSA-N,CC1(C)c2ccccc2N(c2cc(Cl)cc(Cl)c2)c2ccccc21,Bruker Alpha ATR,373.96442,3997.453,2559,4.0,False,False,ATR platinum Diamond 1 Refl,confirm
60159549-93f3-4297-8932-6a2015a8a85c,494210,42682,JDNWJNJHGZHYNE-UHFFFAOYSA-N,[O-][n+]1ccc(-c2ccncc2)cc1,Bruker Alpha ATR,373.96442,3997.453,2559,4.0,False,False,Diamant-ATR,confirm
604522a5-4477-4fe4-96b4-9dbd4758a013,499436,43951,YCYKSCMNYXMYQE-UHFFFAOYSA-N,CC(C)CC(=O)Nc1n[nH]c2c(C(F)(F)F)cccc12,Bruker ALPHA,373.96442,3997.453,2559,4.0,False,False,Diamant-ATR,confirm
60877bc4-9645-4f97-8d76-78ca4106dbf3,502476,44711,RGDUVTPERAJJOW-JAFDWDHNSA-N,COC(=O)[C@H]1C[C@@H](C(=O)N2[C@H](C(=O)OC)C[C@H](C(=O)O[C@@H]3C[C@H](C)CC[C@H]3C(C)C)[C@@H]2c2ccc(C#C[Si](C)(C)C)cc2)[C@@H](c2ccc(C#C[Si](C)(C)C)cc2)N1,Bruker ALPHA,373.96442,3997.453,2559,4.0,False,False,Diamant-ATR,confirm
60a6ba01-cd1e-40df-a997-6becdc083ec2,512987,47293,YTZBFOBFIWZWGZ-SIBVEZHUSA-N,C[C@@H]([C@H](O)c1ccccc1)N(C)C(=O)Nc1cc2ccc1CCc1ccc(cc1)CC2,Bruker Alpha ATR,373.96442,3997.453,2559,4.0,False,False,Diamant-ATR,dev
60a9cfaf-594e-4916-8bf0-0a01f2c5e87e,491289,42129,GSKISMWCZLPOLM-UHFFFAOYSA-N,COC(=O)c1cc(C#C[Si](C)(C)C)c(C=O)c(C#C[Si](C)(C)C)c1,Bruker Alpha ATR,373.96442,3997.453,2559,4.0,False,False,Diamant-ATR,confirm
6101ec30-4a61-4bfb-bb52-0613274c2ae9,513043,47301,BIXMHPJQMVBHFD-UHFFFAOYSA-N,c1ccc(-c2nnc(-c3c(-n4c5ccccc5c5ccccc54)c(-c4nnc(-c5ccccc5)o4)c(-n4c5ccccc5c5ccccc54)c(-n4c5ccccc5c5ccccc54)c3-n3c4ccccc4c4ccccc43)o2)cc1,"Bruker, IFS 88",373.96442,3997.453,2559,4.0,False,False,Diamant-ATR,confirm
614b6b0c-5308-4153-8c74-b6f84d0f88ad,501400,44442,QDMAXRJHDMKTQH-UHFFFAOYSA-N,Brc1cc2ccc1CCc1ccc(c(Br)c1)CC2,Bruker ALPHA,373.96442,3997.453,2559,4.0,False,False,ATR platinum Diamond 1 Refl,confirm
615a0203-8bad-44a7-b996-47aac6cb0dc0,669764,86494,ZQYIAZUUTSEOHI-SIGVLJBRSA-N,C[C@]12CC[C@H](OCc3ccccc3)C[C@@H]1CC[C@@H]1[C@@H]2CC[C@]2(C)C(I)=CC[C@]12O,FT-IR Bruker IFS 88,373.96442,3997.453,2559,4.0,False,False,Diamant-ATR,confirm
615b68dc-09be-430b-b574-b1678b353f35,527768,50263,FMGUCHPYMWQCJE-UHFFFAOYSA-L,Cc1ccnc(P(c2ccccc2)c2ccccc2)c1.FC(F)(F)c1ccc(P(c2ccc(C(F)(F)F)cc2)c2ccc(C(F)(F)F)cc2)cc1.FC(F)(F)c1ccc(P(c2ccc(C(F)(F)F)cc2)c2ccc(C(F)(F)F)cc2)cc1.[Cu][I].[Cu][I],IR,373.96442,3997.453,2559,4.0,True,True,Diamant-ATR,confirm
61750286-74c5-4f09-991f-ebd5aca3f12e,579218,63312,WBKJCWCZCVCHLH-UHFFFAOYSA-N,O=P(c1ccccc1)(c1ccccc1)c1cc2ccc1CCc1ccc(cc1Br)CC2,"Bruker, model IFS 88",373.96442,3997.453,2559,4.0,False,False,Diamant-ATR,confirm
61835749-089a-4cbc-a0c7-2cd337dff269,500696,44266,DVDYXPCYVIOPDY-UHFFFAOYSA-N,COc1ccc(OC)c(-c2ccc(N(c3ccccc3)c3ccc(-c4cc(OC)ccc4OC)cc3)cc2)c1,Bruker ALPHA,373.96442,3997.453,2559,4.0,False,False,Diamant-ATR,confirm
618ab98b-b47f-4d86-a208-187943e97f1a,504220,45164,LNZKUVPJCKJQBA-UHFFFAOYSA-N,N#Cc1ccc(Cc2cc3ccc2CCc2ccc(cc2)CC3)cc1,Bruker Alpha ATR,373.96442,3997.453,2559,4.0,False,False,Diamant-ATR,confirm
61cf5a20-1056-49d7-b725-99be8bb5e7b3,504016,45099,RVJKVXTWANQDII-UHFFFAOYSA-N,O=C1OC(C(F)(F)F)N=C1Cc1c[nH]c2ccccc12,Bruker Alpha,373.96442,3997.453,2559,4.0,False,False,Diamant-ATR,confirm
622d4c52-9544-47a7-ba23-eb53b570f475,502012,44595,QPWUQJGOQDXGSQ-UHFFFAOYSA-N,CC(=C1SCCS1)C1CCC(=O)C1,Bruker ALPHA,373.96442,3997.453,2559,4.0,False,False,ATR platinum Diamond 1 Refl,confirm
6282284d-1094-4350-a30c-df13119fa507,501120,44372,HROJWOXFEZYMGL-UHFFFAOYSA-N,O=C(O)CCc1nc2ccccc2[nH]c1=O,Bruker ALPHA,373.96442,3997.453,2559,4.0,False,False,Diamant-ATR,confirm
6299e9fb-0bcb-4628-a8e6-a780897b1f93,501740,44527,JWUGGVMKZCVAAE-UHFFFAOYSA-N,c1cc2ccc1CCc1ccc(c(-c3ccc(-c4cc5ccc4CCc4ccc(cc4)CC5)cc3)c1)CC2,Bruker ALPHA,399.65625,3996.5625,1765,4.0,False,False,Instrument type and / or accessory,confirm
62a6f6fa-35ea-405f-9a0f-da46eccd1fe5,631179,77901,WWSDNBBIEALTLI-UHFFFAOYSA-N,Cc1nc2cc(-c3ccc(F)cc3)c(-c3ccc(F)cc3)cc2nc1CBr,Bruker Alpha ATR,373.96442,3997.453,2559,4.0,False,False,Diamant-ATR,confirm
62dc252d-33d2-48c1-b46c-6a7ac729568a,573190,61583,RKHGYDNLXFOQDI-UHFFFAOYSA-N,CC(C)C(Br)c1ccc(-c2ccc(C(Br)C(C)C)cc2)cc1,Bruker Alpha ATR,373.96442,3997.453,2559,4.0,False,False,Diamant-ATR,confirm
62e37e23-1ec1-49e4-9141-fa75295348d7,501040,44352,JLDKPCPJLWYZDO-UHFFFAOYSA-N,CCCCn1cc(CC(=O)NC(CC(C)C)C(=O)OC)c2ccccc21,Bruker ALPHA,373.96442,3997.453,2559,4.0,False,False,Diamant-ATR,confirm
637b2a66-2004-4fdd-b014-00042ff2b613,502060,44607,LTFFYVVCUVYZPE-GOSISDBHSA-N,CN(Cc1ccccc1)C(=O)[C@@H](NC(=S)Nc1cc(C(F)(F)F)cc(C(F)(F)F)c1)C(C)(C)C,Bruker ALPHA,373.96442,3997.453,2559,4.0,False,False,ATR platinum Diamond 1 Refl,dev
63dcbdfa-3908-4c6c-a585-90e9a05aa04a,525469,49912,UBWZLOPDHGEVCS-UHFFFAOYSA-N,CCCc1cc2c(C)c(OC)c(C)c(C)c2oc1=O,Bruker Alpha ATR,373.82813,3997.4121,2560,4.0,False,False,Diamant ATR,confirm
63dd16fe-9ffa-4b80-8fb7-1ce369a7eb56,634025,78452,AFQHYVRVQPQNNN-UHFFFAOYSA-N,CCCCc1cnc2c(C(C)C)nc3ccccc3n12,Bruker Alpha ATR,373.96442,3997.453,2559,4.0,False,False,Diamant-ATR,dev
63ffe06d-c32c-480e-88ba-f6e7dc1da24b,573884,61749,WGLWXSQQPSYNFQ-UHFFFAOYSA-N,CC(C)C(ON1C(C)(C)CCCC1(C)C)c1ccc(C(c2ccc(C(ON3C(C)(C)CCCC3(C)C)C(C)C)cc2)(c2ccc(C(ON3C(C)(C)CCCC3(C)C)C(C)C)cc2)c2ccc(C(ON3C(C)(C)CCCC3(C)C)C(C)C)cc2)cc1,Bruker Alpha ATR,373.96442,3997.453,2559,4.0,False,False,Diamant-ATR,confirm
640685b6-2931-4277-b9bc-36d44596f07a,604694,71778,URBKDTWJYJXMOZ-UHFFFAOYSA-N,Cc1ccc(S(=O)(=O)Nc2ccccc2NS(=O)(=O)c2ccc(C)cc2)cc1,Bruker Alpha ATR,373.96442,3997.453,2559,4.0,False,False,Diamant-ATR,confirm
64222725-73a4-4b77-91b8-724fdc7d81fc,673006,87091,FLXHUVCZUDALTR-UHFFFAOYSA-N,O=C(c1c(-c2ccccc2)n(Cc2ccccc2C(F)(F)F)c2ccccc12)C(F)(F)C(F)(F)C(F)(F)C(F)(F)C(F)(F)C(F)(F)C(F)(F)F,Bruker Alpha-P ATR,373.96442,3997.453,2559,4.0,False,False,Diamant-ATR,confirm
642db38a-eb53-4d7c-9d72-1ef2770503a5,545663,54146,IUMDTROHWHKHGA-UHFFFAOYSA-N,CCCCCCCCn1nc2c(C(F)(F)F)cccc2c1NC(=O)C(C)(C)C,Bruker Alpha,373.82813,3997.4121,2560,4.0,False,False,Diamant-ATR,confirm
6434e385-5acb-4715-b76a-814da7cc2ba6,500752,44280,AZIOJXWIACAJQZ-UHFFFAOYSA-N,Cc1ccc(C)c2oc(=O)c(Cc3ccc(F)cc3)cc12,Bruker ALPHA,373.96442,3997.453,2559,4.0,False,False,Diamant-ATR,confirm
643aa2af-ef3a-41b1-8c8e-cc4742ba68b7,501180,44387,XUZQAPSYNYIKSR-DXTUTJKPSA-N,CC(=O)O[C@@H]1[C@@H](OC(C)=O)[C@@H](OC(C)=O)C(Br)O[C@H]1C,Bruker ALPHA,373.96442,3997.453,2559,4.0,False,False,ATR platinum Diamond 1 Refl,confirm
644373c3-92fc-45ed-a0a7-82b8593cf33c,501996,44591,BSIKECSYUVRXFY-SXCKANFYSA-N,CC[C@@H](C)[C@@H]1NC(=O)[C@H](Cc2ccccc2)NC(=O)[C@H](C)NC(=O)[C@H]2CCCN2C(=O)[C@H]([C@H](C)CC)NC(=O)[C@H](Cc2ccccc2)NC(=O)[C@H](C)NC(=O)[C@H]2CCCN2C1=O,Bruker ALPHA,399.65625,3996.5625,1765,4.0,False,False,Instrument type and / or accessory,dev
644b1892-824f-40b9-bc49-1102f403b0b5,501696,44516,JTLOUXXZZFFBBW-GQCTYLIASA-N,COC(=O)/C=C/c1ccc(OC)c(O)c1,Bruker ALPHA,399.65625,3996.5625,1765,4.0,False,False,Instrument type and / or accessory,confirm
646e8464-9ca0-4d16-a953-bba5b8affb71,676328,87875,CJBZYJXEKPOKTB-UHFFFAOYSA-N,BrCc1ccc(C#Cc2ccc(CBr)cc2)cc1,FTIR Bruker IFS 88,373.96442,3997.453,2559,4.0,False,False,Diamant-ATR,confirm
648cdd00-6617-4c9f-81d7-5b67405e65ac,506019,45607,NFZAQQZYIYOBLC-UHFFFAOYSA-N,Cc1ccccc1N=S(=O)(c1ccccc1)C12CC(C1)C2,Bruker Alpha ATR,373.96442,3997.453,2559,4.0,False,False,Diamant-ATR,dev
649063e8-b516-4ad7-b22b-46a7fbba1160,537113,52317,MCMNQFPXUXKKKX-UHFFFAOYSA-N,CCOC(=O)c1ccc(-c2c3nc(c(-c4cccnc4)c4ccc([nH]4)c(-c4ccc(C(=O)OCC)cc4)c4nc(c(-c5cccnc5)c5ccc2[nH]5)C=C4)C=C3)cc1,Bruker ALPHA-T,373.96442,3997.453,2559,4.0,False,False,Diamant-ATR,dev
64a96ce9-7bcc-4c27-8513-56dd4fc3e60f,502612,44745,UIUPXPAOUNCBNR-UHFFFAOYSA-N,COc1ccc(-n2nncc2-c2cc3ccc2CCc2ccc(cc2)CC3)cc1,Bruker ALPHA,399.65625,3996.5625,1765,4.0,False,False,Instrument type and / or accessory,confirm
64b90cb8-1f13-4511-8dd2-20dd299e8dd3,559336,57271,WJOQJVSLWFMJNK-UHFFFAOYSA-N,O=C(c1ccccc1)N1Cc2cn(Cc3ccccc3)nc2N=N1,Bruker ALPHA,373.96442,3997.453,2559,4.0,False,False,Diamant-ATR,confirm
64c8749e-c8a8-426a-abac-9643f8678dd4,500320,44172,QWLCOOAYMQWDPR-UHFFFAOYSA-N,CCCCCn1ccc2ccccc21,Bruker ALPHA,373.96442,3997.453,2559,4.0,False,False,Diamant-ATR,confirm
65237648-688f-408e-bf9c-09dd7c985db8,619839,75652,STOASOOVVADOKH-UHFFFAOYSA-N,C#CCCOS(=O)(=O)c1ccc(C)cc1,Bruker Alpha ATR,373.96442,3997.453,2559,,False,False,,dev
6556abc8-9c0f-4aa9-aba0-cb50a0ea611d,499340,43927,QSNDYKDRTVTYCF-CBCPZMLFSA-N,CC[C@H](C)C1=N[C@@H]2CCCC[C@H]2NC1=O.CC[C@H](C)C1=N[C@H]2CCCC[C@@H]2NC1=O,Bruker ALPHA,373.96442,3997.453,2559,4.0,True,False,Diamant-ATR,confirm
655cc39f-e3c7-4bae-9fab-fc559a14209f,501964,44583,NOIVNPMXITXRQC-UHFFFAOYSA-N,COc1cc(C(C)(C)C)cc(OC)c1C=O,Bruker ALPHA,399.65625,3996.5625,1765,4.0,False,False,Instrument type and / or accessory,confirm
65619a85-31b6-4738-bd48-fbbbbf86e889,3237,999,COHUYYDVXUPBJP-WUKNDPDISA-N,CCC(/N=N/c1cccc(Cl)c1C)=C1SCCCS1,,373.82813,3997.4121,2560,4.0,False,False,ATR platinum Diamond 1 Refl,confirm
65934142-c46b-4e44-946f-e63304e662e5,500204,44143,PDDBTWXLNJNICS-UHFFFAOYSA-N,O=[N+]([O-])c1cc2cccnc2c2ncccc12,Bruker ALPHA,373.96442,3997.453,2559,4.0,False,False,Diamant-ATR,confirm
65c712b2-6bbf-4c6a-a953-73aa912fcb88,526157,50011,QNBKMQZCZWGCCM-UHFFFAOYSA-N,Cc1cc(C)c(P(c2ccccn2)c2c(C)cc(C)cc2C)c(C)c1,IR,373.96442,3997.453,2559,4.0,False,False,Diamant-ATR,dev
65d16a96-ede3-4939-9935-40f1625c2f46,637332,79138,QDMAXRJHDMKTQH-UHFFFAOYSA-N,Brc1cc2ccc1CCc1ccc(c(Br)c1)CC2,Finnigan MAT 95,373.96442,3997.453,2559,4.0,False,False,Diamant-ATR,confirm
660f7c38-88d2-4603-b2eb-b99dbdd52004,500712,44270,DIDDVSONGINCED-UHFFFAOYSA-N,CCCCCc1cc2c(C)c(OC)c(C)c(C)c2oc1=O,Bruker ALPHA,373.96442,3997.453,2559,4.0,False,False,Diamant-ATR,confirm
661537b3-a541-4c0a-9cab-066f518b7565,526820,50102,NUHZDLKPRGKKSA-UHFFFAOYSA-L,COc1ccc(P(c2ccc(OC)cc2)c2ccc(OC)cc2)cc1.COc1ccc(P(c2ccc(OC)cc2)c2ccc(OC)cc2)cc1.Cc1ccc(P(c2ccc(C)cc2)c2ccccn2)cc1.[Cu][I].[Cu][I],IR,373.96442,3997.453,2559,4.0,True,True,Diamant-ATR,confirm
663185d4-6832-478d-a89a-2069777b22f7,502408,44694,OLNPZWHACNBOEV-UHFFFAOYSA-N,C#CC(O)c1ccc(C23CC4(c5ccc(C(O)C#C)cc5)CC(c5ccc(C(O)C#C)cc5)(C2)CC(c2ccc(C(O)C#C)cc2)(C3)C4)cc1,Bruker ALPHA,373.96442,3997.453,2559,4.0,False,False,ATR platinum Diamond 1 Refl,confirm
664a3fe0-2c99-4bba-a7e6-950f5ba5c380,499892,44065,QPCHCPTWJXRVTG-UHFFFAOYSA-M,CC(C)C([O][Pt][Cl])C1=CCCC=CCC1,Bruker ALPHA,373.96442,3997.453,2559,4.0,False,True,Diamant-ATR,confirm
664c8736-9ea9-4eda-a635-45ae725af1f9,645342,80965,AFWRBIDJGSKXSH-UHFFFAOYSA-N,CN1CCN(C)C1=NCc1cc(N(C)C)ccn1,Perkin Elmer BX FT-IR,400.2361,4000.433,3734,,False,False,,confirm
666d752a-a4cf-492f-85d4-c5c161a30b49,500008,44094,UOMBOZOHHCAYNA-UHFFFAOYSA-N,C#CCOc1ccc2[nH]ccc2c1,Bruker ALPHA,373.96442,3997.453,2559,4.0,False,False,Diamant-ATR,confirm
6686e081-51a5-4e92-8707-2fa32e1f5c71,499836,44051,AMHQYECWFZNVOQ-UHFFFAOYSA-N,Cc1ccc(C(C)C)c2ccc(=O)oc12,Bruker ALPHA,373.96442,3997.453,2559,4.0,False,False,Diamant-ATR,confirm
66a2cacb-2189-403f-8fdd-b2a48ad47d72,515622,47869,ZRKUQAXOMUSPEH-UHFFFAOYSA-N,CNc1ccc(C=O)cc1,BRUKER ALPHA,373.82813,3997.4121,2560,4.0,False,False,ATR platinum Diamond 1 Refl,dev
66dfb953-a8dd-4039-b73d-bd53c13fc563,628036,77333,DLPQSZHKSNBIBG-UHFFFAOYSA-N,CC(C)(C)c1nc2ccccn2c1Nc1cc2ccc1CCc1ccc(cc1)CC2,Bruker Alpha ATR,373.96442,3997.453,2559,4.0,False,False,Diamant-ATR,dev
66f1e13d-ce63-48d3-85c6-18a765b800ef,640256,79757,YSEKNCXYRGKTBJ-UHFFFAOYSA-N,COC(=O)CC(O)C(=O)OC,Bruker Alpha ATR,373.96442,3997.453,2559,4.0,False,False,Diamant-ATR,confirm
6701931c-ee42-4409-8e93-cc1b2713501c,20383,2573,YOVKKEFXBXCYQV-UHFFFAOYSA-N,C=CC(=O)Nc1ccc(I)cc1,Bruker IFS 88,373.96442,3997.453,2559,4.0,False,False,Diamant-ATR,confirm
670ee228-799b-4fdd-b8d2-b9c8e7067412,501464,44458,XOTGTQGTNTVMPG-UHFFFAOYSA-N,C#CC(=O)OCC(COC(=O)C#C)(COC(=O)C#C)COC(=O)C#C,Bruker ALPHA,373.96442,3997.453,2559,4.0,False,False,ATR platinum Diamond 1 Refl,confirm
6737d2fb-9d80-4af9-b3ac-29720c1df9af,501944,44578,NLFUVKNJKYZCCM-SZKNIZGXSA-N,COC(=O)C([NH3+])C/C=C/C(=O)OCc1ccccc1.[Cl-],Bruker ALPHA,399.65625,3996.5625,1765,4.0,True,False,Instrument type and / or accessory,confirm
674a31c7-4fa3-464d-b5a3-2b9f49c58d1a,490136,41857,AMOBBDHYJVQOCY-UHFFFAOYSA-N,COC(=O)C(CSC(C)=O)CSC(C)=O,Bruker Alpha ATR,373.82813,3997.4121,2560,,False,False,,dev
677597db-8d29-40e2-8559-51ccdcbe2c7e,630807,77826,SJCMNWBMJLIBAW-UHFFFAOYSA-N,COP(=O)(OC)c1c(C)cc(C)cc1C,Bruker Alpha ATR,373.96442,3997.453,2559,4.0,False,False,Diamant-ATR,confirm
678fc61c-ac6f-432e-af83-97a153d5adc8,526076,49999,GONVTYJWMLUOPY-UHFFFAOYSA-N,Cc1cc(C)cc(P(c2cc(C)cc(C)c2)c2cc(C)ccn2)c1,IR,373.96442,3997.453,2559,4.0,False,False,Diamant-ATR,confirm
67ccdbc8-e2a4-483d-8e6a-1f85ec1df370,500180,44137,GIVRXFUIQHEBRN-UHFFFAOYSA-N,CCCCN(C(C)=O)S(=O)(=O)c1ccc(C)cc1,Bruker ALPHA,373.96442,3997.453,2559,4.0,False,False,Diamant-ATR,confirm
6823ba18-75b6-486f-bb8b-43940e372546,501244,44403,XFSIPTJOTQRWBH-UHFFFAOYSA-N,CCCCn1nc(NC(=O)C(C)(C)C)c2cc(Br)ccc21,Bruker ALPHA,373.96442,3997.453,2559,4.0,False,False,ATR platinum Diamond 1 Refl,confirm
682eb08b-baf2-468f-9b4d-86a8c8677f8a,513346,47346,VLSVCBRWWHGXCJ-CQSZACIVSA-N,CO[C@H](C)c1cc2ccc1CCc1ccc(cc1)CC2,"Bruker, model IFS 88",373.96442,3997.453,2559,4.0,False,False,Diamant-ATR,dev
682fd6df-c995-4426-b1a9-2dc41b0287f2,501160,44382,FRBUGGTUSNODGZ-UHFFFAOYSA-N,O=[N+]([O-])[O][Pt]1([O][N+](=O)[O-])[NH]CC[NH]1,Bruker ALPHA,373.96442,3997.453,2559,4.0,False,True,Diamant-ATR,confirm
68319a5c-29cc-4d4b-b96f-82c3135b4c69,20518,2584,HDSVPZQNUZOGIK-UHFFFAOYSA-N,O=C(CCCl)Nc1ccc(I)cc1,Bruker IFS 88,373.96442,3997.453,2559,4.0,False,False,Diamant ATR,dev
683d3173-8df2-420f-a286-7c236709a616,501836,44551,WPLYFNSZIVHBEZ-NPBSGPTKSA-N,CCCCCN(CC(=O)NC)C(=O)CNC[C@@]1(C)CCC[C@]2(C)c3cc(C(C)C)ccc3CC[C@@H]12,Bruker ALPHA,373.96442,3997.453,2559,4.0,False,False,ATR platinum Diamond 1 Refl,confirm
6857e99f-5d52-4f23-8550-29efd958ca6e,537337,52373,QFYSFCFTSCMLOG-UHFFFAOYSA-N,CCOC(=O)c1ccc(-c2c3nc(c(C#Cc4ccc(C#N)cc4)c4ccc([nH]4)c(-c4ccc(C(=O)OCC)cc4)c4nc(c(C#Cc5ccc(C#N)cc5)c5ccc2[nH]5)C=C4)C=C3)cc1,Bruker ALPHA-T,373.96442,3997.453,2559,4.0,False,False,Diamant-ATR,confirm
68926ff2-bc90-457f-8351-6a94d5ec4820,614527,74454,DSBXCMSDHQSXAW-UHFFFAOYSA-N,C#Cc1cnc2ccccc2n1,Bruker Alpha ATR,373.96442,3997.453,2559,4.0,False,False,Diamant-ATR,dev
689c813b-015c-436e-ba92-ac346102022a,502088,44614,XULQYZJFCNMXTM-GUDVDZBRSA-N,CCCN(CCC)[C@@H]1CCCC[C@H]1NC(=S)N[C@H](C(=O)NC(C)C)C(C)(C)C,Bruker ALPHA,399.65625,3996.5625,1765,4.0,False,False,Instrument type and / or accessory,dev
68c455d5-5619-4dce-bd67-25f91c61ba33,499324,43923,OCIKJMOYJJXYOY-UHFFFAOYSA-N,COc1ccccc1Cc1cc2c(C)c(OC)c(C)c(C)c2oc1=O,Bruker ALPHA,373.96442,3997.453,2559,4.0,False,False,Diamant-ATR,confirm
68edc84a-0fde-47c1-acd5-1894cdd2dfb0,513416,47362,NPGUVEZHCJTRCC-FQEVSTJZSA-N,CC(C)[C@H](O)c1cc2ccc1CCc1ccc(cc1)CC2,"Bruker, model IFS 88",373.96442,3997.453,2559,4.0,False,False,Diamant-ATR,confirm
6900ae2d-186c-46a8-a803-4e1f19c2ac2e,501560,44482,FOXWYACIBJLKLN-UHFFFAOYSA-N,CCCCn1nc(NC(=O)C(C)(C)C)c2ccccc21,Bruker ALPHA,373.96442,3997.453,2559,4.0,False,False,ATR platinum Diamond 1 Refl,confirm
69107d20-d7a9-40aa-9b83-0fc8d9cd161e,580032,63516,AMHYNJZGKPXOOP-WGRYGTHWSA-N,CO[C@@H]1C[C@H]2[C@@H]3CC[C@H]([C@H](C)C=O)[C@@]3(C)CC[C@@H]2[C@@]2(C)CC[C@@H]3C[C@]312,Bruker Alpha p,373.96442,3997.453,2559,4.0,False,False,Diamant-ATR,confirm
691f9fd1-c270-46f9-a4e6-3e1f5791b66a,511747,47052,YIJXPKHLVVHSSI-JTMXJKBNSA-N,C1=C/C2=C(\c3ccccc3)c3cc(-c4ccccc4/C4=c5\cc/c6[n]5[Pd][n]5c(ccc5/C(c5ccccc5)=C5/C=CC4=N5)/C(c4ccccc4)=C4/C=CC(=N4)\C=6c4ccccc4)c4[n]3[Pd][n]3/c(cc/c3=C(\c3ccccc3)C3=N/C(=C\4c4ccccc4)C=C3)=C(/c3ccccc3)C1=N2,IR,373.96442,3997.453,2559,4.0,False,True,Diamant-ATR,dev
692ed1b4-f345-40b3-bf08-11fab98fc326,579187,63304,VSWKZJYVJRAEPL-UHFFFAOYSA-N,O=P(c1ccccc1)(c1ccccc1)c1cc2ccc1CCc1ccc(cc1-c1ccc(-c3ccccn3)cc1)CC2,"Bruker, model IFS 88",373.96442,3997.453,2559,4.0,False,False,Diamant-ATR,dev
6943acf1-34de-415a-b8a5-c74e6ce87121,511846,45199,TVEJSJXJGYPLIY-UHFFFAOYSA-N,Brc1cc2ccc1CCc1ccc(c(-c3ccc(-c4ccccn4)cc3)c1)CC2,Bruker IFS88,373.96442,3997.453,2559,4.0,False,False,Diamant-ATR,dev
6965b1a7-688d-401b-bfd8-d18be6990010,677068,88055,IFJMOBCQZYCOSI-UHFFFAOYSA-N,O=C(C1CCCCC1)N(C(=O)C1CCCCC1)c1ccccc1C#Cc1ccccc1,Bruker Alpha-P ATR,373.96442,3997.453,2559,4.0,False,False,ATR Diamant,confirm
6972f7f6-f746-4a2c-9472-ebb23bd9cae7,491988,42286,DWANMFCYEOMCOA-UHFFFAOYSA-N,Cc1ccc(SC23CC(Sc4ccccc4)(C2)C3)cc1,Bruker Alpha ATR,373.96442,3997.453,2559,4.0,False,False,Diamant-ATR,confirm
69740f3d-884c-47cd-b99c-4d9a25c01043,641065,79889,OXFZBTGIHMLUTO-UHFFFAOYSA-N,COP(=O)(OC)c1csc2ccccc12,Bruker Alpha ATR,373.96442,3997.453,2559,4.0,False,False,Diamant ATR,confirm
69b7d0a2-00ef-4361-9b93-6264bf4b4135,614108,74348,PKXPSPVTLWBIDU-UHFFFAOYSA-N,C=C(C(=O)O)c1cc2ccc1CCc1ccc(cc1)CC2,"Bruker, model IFS 88",373.96442,3997.453,2559,4.0,False,False,Diamant-ATR,confirm
69d04519-7bab-425a-aae0-f882c8d24c62,530864,50875,XHSHKWPCHYITOP-UHFFFAOYSA-N,CC(=O)NC1(c2ccccc2O)CC1,Bruker Alpha-P ATR,373.96442,3997.453,2559,4.0,False,False,Diamant-ATR,confirm
69ea1d69-b2dd-4848-8b48-120a61368ab3,614096,74344,TYCTXYVLCWMDDR-UHFFFAOYSA-N,CC(C)(C)C(=O)c1cc2ccc1CCc1ccc(cc1)CC2,Bruker Alpha ATR,373.96442,3997.453,2559,4.0,False,False,Diamant-ATR,confirm
6a0d5c7f-e0b4-4ab8-b9f0-186ab4a511f9,679908,88730,RWAJZRJQGGJQFL-VRESFZDRSA-N,C[C@]12CC[C@H](OCc3ccccc3)C[C@@H]1CC[C@@H]1[C@@H]2CC[C@]2(C)C(=O)CC[C@@]12O,FT-IR Bruker IFS 88,373.96442,3997.453,2559,4.0,False,False,Diamant-ATR,confirm
6a54d5d2-b2e7-42b4-b745-a4f45859c5ac,639206,79556,NNDILYOKJAAWKU-UHFFFAOYSA-N,CN(C)C(=Nc1cccc2c(N(C)C)ccnc12)N(C)C,SHIMADZU IRTRACER-100,249.7859,4000.433,3890,,False,False,,dev
6a5e4204-0a9c-4e48-b74d-4db8257dd2c0,20347,2569,NQRLPDFELNCFHW-UHFFFAOYSA-N,CC(=O)Nc1ccc([N+](=O)[O-])cc1,Bruker IFS 88,373.96442,3997.453,2559,4.0,False,False,Diamant-ATR,dev
6a70ae97-b63c-45a5-836b-878725175a0c,594300,68599,WGFBNGVGIIZZAE-XCYRUZEPSA-N,C1=C/C2=C(\c3ccccc3)c3ccc4[n]3[Pd][n]3/c(cc/c3=C(\c3ccccc3)C3=N/C(=C\4c4ccccc4/C4=c5\cc/c6[n]5[Pd][n]5c(ccc5/C(c5ccccc5/C5=c7\cc/c8[n]7[Pd][n]7c(ccc7/C(c7ccccc7)=C7/C=CC5=N7)/C(c5ccccc5)=C5/C=CC(=N5)\C=8c5ccccc5)=C5/C=CC(=N5)\C=6c5ccccc5)/C(c5ccccc5)=C5/C=CC4=N5)C=C3)=C(/c3ccccc3)C1=N2,FT-IR Bruker IFS 88,373.96442,3997.453,2559,4.0,False,True,Diamant-ATR,confirm
6a783025-ec56-4a69-a3b1-f8febd594174,510232,46656,MQTOXMPVDWKAQQ-UHFFFAOYSA-N,Cc1ccc2nc(-c3ccc(-c4ccccc4)cc3)sc2c1,BRUKER ALPHA,373.82813,3997.4121,2560,4.0,False,False,Diamant-ATR,dev
6a924a70-baca-49a4-a558-04624c595efd,522141,49257,FFRYUAVNPBUEIC-UHFFFAOYSA-N,O=c1cnc2ccccc2[nH]1,Bruker Alpha ATR,373.96442,3997.453,2559,4.0,False,False,Diamant-ATR,confirm
6abb4a32-2d0c-47ac-b41e-bbc113dac801,505229,45407,HVCTUQNWHDBBQX-UHFFFAOYSA-N,O=[N+]([O-])c1ccccc1S(=O)(=O)C12CC(C1)C2,IR,373.96442,3997.453,2559,,False,False,,dev
6aee34f9-6681-4d87-b249-6b6a3ff49dc6,499700,44017,HDYVCTYITRSDGK-UHFFFAOYSA-N,CCCCC1(c2cc(OC)c3cc(Br)c(=O)oc3c2)CCCC1,Bruker ALPHA,373.96442,3997.453,2559,4.0,False,False,Diamant-ATR,confirm
6b15811c-c5a4-4120-bbbd-71ecca472733,549789,55106,FELKZUPMPWDZKJ-UHFFFAOYSA-N,O=C(c1ccncc1)c1ccccc1[N+](=O)[O-],Bruker Alpha-P ATR,373.96442,3997.453,2559,4.0,False,False,Diamant-ATR,confirm
6b33a12c-67f9-4870-b97f-fe590db08da1,510566,46750,ODMDLCWSMSFWCW-UHFFFAOYSA-N,Oc1ccc(-c2nc3ccccc3s2)cc1,BRUKER ALPHA,373.96442,3997.453,2559,4.0,False,False,Diamant-ATR,dev
6b3c78d1-d1b8-4628-96b2-5318c0880f16,608930,72676,BMIMNRPAEPIYDN-UHFFFAOYSA-N,Cc1nc2ccccc2[nH]c1=O,Thermo Finnigan Mat 95,373.96442,3997.453,2559,4.0,False,False,Diamant-ATR,confirm
6b405a8e-f124-476a-b0e3-baf7f33a7be7,501804,44543,DFZSZLSORTVCIU-UHFFFAOYSA-N,O=C1CC2CCC1C1(SCCCS1)C2c1ccccc1,Bruker ALPHA,373.96442,3997.453,2559,4.0,False,False,ATR platinum Diamond 1 Refl,confirm
6b937395-f99c-4778-ac6e-9e76941078c1,502056,44606,ZJXHVYSDMUKUCA-UHFFFAOYSA-N,CC(C)(C)OC(=O)CCN,Bruker ALPHA,373.96442,3997.453,2559,4.0,False,False,ATR platinum Diamond 1 Refl,confirm
6bcc38ff-c591-46a7-a4e8-87ba3273584d,499544,43978,QXARZUFSXGUOKM-XUTLUUPISA-N,CCOC(=O)/C(C(=C1SCCS1)c1ccccc1)=C(\c1ccccc1)C1SCCS1,Bruker ALPHA,373.96442,3997.453,2559,4.0,False,False,Diamant-ATR,dev
6bfe1aed-d0c3-4f6f-987d-8fca9d8cb3b9,502588,44739,XUGFXWHZQIUNCQ-UHFFFAOYSA-N,CC(C)c1cc([N+](=O)[O-])cc(C(C)C)[n+]1[O-],Bruker ALPHA,399.65625,3996.5625,1765,4.0,False,False,Instrument type and / or accessory,confirm
6c0577ba-fa16-4035-a8ed-4262a57772b9,659643,84286,NGYWXNYZKOIHBQ-UHFFFAOYSA-N,O=C(Nc1ccccc1C#Cc1ccccc1)C(F)(F)F,Bruker Alpha-P ATR,373.96442,3997.453,2559,4.0,False,False,Diamant-ATR,confirm
6c13ceab-ac1f-4583-83f7-b8ebdd020c99,553447,55673,FYEKGZUXGKAJJQ-UHFFFAOYSA-N,Nc1cc(C(=O)O)ccc1-c1ccc(C(=O)O)cc1,Bruker Alpha ATR,373.96442,3997.453,2559,4.0,False,False,Diamant-ATR,dev
6c1f0c19-86fa-4f04-8f08-89bbf166111a,638882,79474,JHIAOWGCGNMQKA-UHFFFAOYSA-N,Cc1ccc2cccc(N)c2n1,IRTRACER-100,249.7859,4000.433,3890,,False,False,,confirm
6cb9b903-8201-417d-8780-155a47a51d22,500660,44257,WTSCPKRWCDILIV-GOSISDBHSA-N,COC(=O)[C@H]1CC(OS(=O)(=O)C(F)(F)F)=CN1C(=O)c1cc(OCc2ccccc2)ccc1[N+](=O)[O-],Bruker ALPHA,373.96442,3997.453,2559,4.0,False,False,Diamant-ATR,confirm
6ce4c4ae-d78b-40aa-8339-85b3750a7852,20399,2574,UFKRTEWFEYWIHD-UHFFFAOYSA-N,CC(=O)Nc1ccc(C#N)cc1,Bruker IFS 88,373.96442,3997.453,2559,4.0,False,False,Diamant-ATR,confirm
6d4a3977-2d60-4ae9-8386-b437f4954651,604759,71791,JOUIWYGSYUKEJS-UHFFFAOYSA-N,CCCCCCCCOc1nc2ccccc2nc1C,Bruker Alpha ATR,373.96442,3997.453,2559,4.0,False,False,Diamant-ATR,dev
6d70d1a2-5dc4-449b-a7ef-977ff58ae7f5,500428,44199,SXQIJDCGJNZEKG-UHFFFAOYSA-N,C#CCCCn1nc2c(C(F)(F)F)cccc2c1NC(=O)C(C)(C)C,Bruker ALPHA,373.96442,3997.453,2559,4.0,False,False,Diamant-ATR,confirm
6d8cf7bc-9458-4f4f-8ce8-3f8ab7f7020c,605353,71947,UTQXOLZOCMOFPG-UHFFFAOYSA-N,Cc1ccc(S(=O)(=O)OCCc2cn(-c3cnc4ccccc4n3)nn2)cc1,Bruker Alpha ATR II,373.96442,3997.453,2559,4.0,False,False,Diamant-ATR,confirm
6d916995-adbc-466f-ad82-cf4f3f4b8b89,642893,80259,GMDSCBQOTFRVGY-UHFFFAOYSA-N,COP(=O)(OC)c1cc2c(P(=O)(OC)OC)cc1CCc1ccc(cc1)CC2,Bruker Alpha ATR,373.96442,3997.453,2559,4.0,False,False,Diamant-ATR,confirm
6dbdac1d-fb62-44a6-829f-b746a2d16127,677524,88160,GIWLJIZQPMOWNY-UHFFFAOYSA-N,O=C(O)c1ccc(-c2cc3ccc2CCc2ccc(c(-c4ccc(C(=O)O)cc4)c2)CC3)cc1,FTIR Bruker IFS 88,373.96442,3997.453,2559,4.0,False,False,Diamant-ATR,confirm
6df27ce4-1219-40d8-96f3-945c52a48faa,501148,44379,FDSKFKQXRVHPES-UHFFFAOYSA-N,O=C(c1ccc(C(F)(F)F)cc1)c1cn(Cc2ccc(C(F)(F)F)cc2)c2ccccc12,Bruker ALPHA,373.96442,3997.453,2559,4.0,False,False,Diamant-ATR,confirm
6e26b1a2-ab5b-4c13-842f-42593e9f8404,612278,73828,YEBFONFGCJEMAG-UHFFFAOYSA-N,OCc1cn(-c2cnc3ccccc3n2)nn1,Bruker Alpha ATR,373.96442,3997.453,2559,4.0,False,False,Diamant-ATR,confirm
6e40bd03-5fd2-44d5-b3f5-ffa889a280c2,502484,44713,ABZHCBLDGLLLQR-CBQIQWOPSA-N,COC(=O)[C@@H]1C[C@H](C(=O)O[C@@H]2C[C@H](C)CC[C@H]2C(C)C)[C@H](c2ccc([N+](=O)[O-])cc2)N1,Bruker ALPHA,373.96442,3997.453,2559,4.0,False,False,Diamant-ATR,dev
6e854a62-707e-4188-8c54-2ae7bb424984,617721,75251,RPBKGFQGWRGASM-UHFFFAOYSA-N,CCN(CC)c1c(C(=O)OC)c(N(CC)CC)c(C(=O)OC)c(N(CC)CC)c1C(=O)OC,Bruker Alpha ATR,373.96442,3997.453,2559,4.0,False,False,Diamant-ATR,dev
6e8b0c79-86e5-45bb-95f6-b3e9d61b3ddd,501768,44534,OIZOLUUXZQJRJF-UHFFFAOYSA-N,O=c1oc2ccccc2cc1CBr,Bruker ALPHA,373.96442,3997.453,2559,4.0,False,False,ATR platinum Diamond 1 Refl,confirm
6ea6407a-5c58-4037-ac6f-d22fba2a50fa,499776,44036,DBBXIWAKMSMPDQ-SNCSUOKWSA-N,Cc1ccc(CC(/N=C\c2cc3ccc2CCc2ccc(cc2)CC3)c2ccccc2)cc1,Bruker ALPHA,373.96442,3997.453,2559,4.0,False,False,Diamant-ATR,confirm
6efa347d-cc05-4567-ba04-aa4582941f8c,502376,44686,KINXQWUYAKYGKT-UHFFFAOYSA-N,CCCOc1cc(OC)c2cc(Cc3ccc(OC)cc3)c(=O)oc2c1,Bruker ALPHA,373.96442,3997.453,2559,4.0,False,False,ATR platinum Diamond 1 Refl,confirm
6f0c04bd-4817-4522-8659-53a064591dbf,2971,948,JBDIXWOMRIQTAS-CCEZHUSRSA-N,Fc1ccc(/N=N/C(I)=C2SCCCS2)cc1,,373.82813,3997.4121,2560,4.0,False,False,ATR platinum Diamond 1 Refl,confirm
6f0f7688-6bb0-435c-932c-fcf891569f0f,606123,71339,DTVVDHUKUBSTJW-UHFFFAOYSA-M,CN(C)Cc1ccccc1N=C(N(C)C)N(C)C.[Cu][I],Thermo Fisher Avatar 360,549.6402,4001.766,1791,,True,True,,dev
6f388fa6-c559-4d3d-a298-2194d9cf639a,495092,42864,JKQHPBPRTZLGQK-CPNJWEJPSA-N,CO/N=C/c1cc2ccc1CCc1ccc(cc1)CC2,Bruker Alpha,373.96442,3997.453,2559,4.0,False,False,Diamant-ATR,confirm
6f5363cd-e501-4e15-bd13-0c84a2b9a282,500788,44289,RMCLRFFPQNDZDW-UHFFFAOYSA-N,COc1ccc(Cc2cc3c(C)ccc(C)c3oc2=O)cc1,Bruker ALPHA,373.96442,3997.453,2559,4.0,False,False,Diamant-ATR,confirm
6f7797e3-c825-4436-805f-a60d566da8b1,617201,75130,JYBSZBKAERXMLG-UHFFFAOYSA-N,CC(C)(C)OC(=O)c1c(N)c(C(=O)OC(C)(C)C)c(N)c(C(=O)OC(C)(C)C)c1N,Bruker Alpha ATR,373.96442,3997.453,2559,4.0,False,False,Diamant-ATR,confirm
6f9d753e-8a71-49de-bbb3-9521c594bfd7,507053,45881,WXJLWZDBNPUGKF-UHFFFAOYSA-N,COc1ccc(N=S(=O)(c2ccccc2)C23CC(C2)C3)cc1,Bruker Alpha ATR,373.96442,3997.453,2559,4.0,False,False,Diamant-ATR,dev
6fa0e9cd-fc96-4fc7-9104-18ac95f4324d,500408,44194,VYLLCOXNYMTKMD-UHFFFAOYSA-N,COC(=O)c1cc(O)ccc1[N+](=O)[O-],Bruker ALPHA,373.96442,3997.453,2559,4.0,False,False,Diamant-ATR,dev
6fb7da95-a96f-4086-8b94-3e5b06b8c2a3,499160,43882,LBDROKKDHALWFK-UHFFFAOYSA-N,Cc1c(O)c(C)c2cc(Cc3ccc(F)cc3)c(=O)oc2c1C,Bruker ALPHA,373.96442,3997.453,2559,4.0,False,False,Diamant-ATR,dev
6fc9e293-2fe1-41a5-a7f7-6778c955ee15,632875,78227,TUKBDCKEFZMYLE-UHFFFAOYSA-N,Nc1ccccc1C#Cc1ccc(F)cc1,Bruker Alpha-P ATR,373.96442,3997.453,2559,4.0,False,False,Diamant-ATR,confirm
6fd0f64e-0625-4b21-8d8f-eb1de30586e3,500604,44243,TXCSGOFPWYNWNQ-IRXSFQPESA-N,CCS[C@@H]1OC(COCc2ccccc2)[C@@H](OC(C)=O)[C@H](O[C@@H]2OC(CO)[C@@H](OC(=O)CCC(C)=O)[C@H](OC(C)=O)C2OC(C)=O)C1NC(=O)C(Cl)(Cl)Cl,Bruker ALPHA,373.96442,3997.453,2559,4.0,False,False,ATR platinum Diamond 1 Refl,confirm
6ff903b6-c378-4ebd-bdcf-af0c7b9c2139,500684,44263,OTCWHWWKBPCUAS-UHFFFAOYSA-N,COc1c(C)c(C)c2oc(=O)c(Cc3ccc(N(C)C)cc3)cc2c1C,Bruker ALPHA,373.96442,3997.453,2559,4.0,False,False,Diamant-ATR,confirm
700bd575-f3e7-45fd-a1d3-baed71f6344a,507413,45973,XVYUYMKGDFPRBJ-UHFFFAOYSA-N,COC(=O)CCSC12CC(C1)C2,Bruker Alpha ATR,373.96442,3997.453,2559,4.0,False,False,Diamant-ATR,confirm
70464a21-b4d6-4775-abc3-773898a322cd,558922,57156,AHUQBMJJIBAFGD-UHFFFAOYSA-N,CCn1cc2c(n1)N=NN(C(C)=O)C2,Bruker ALPHA,373.96442,3997.453,2559,4.0,False,False,Diamant-ATR,dev
70541190-85b8-40f6-ac75-4bf87b7b1b76,559286,57258,CEFFSZUXPZAWPN-UHFFFAOYSA-N,CC(=O)N1Cc2cn(Cc3cc(F)cc(F)c3)nc2N=N1,Bruker ALPHA,373.96442,3997.453,2559,4.0,False,False,Diamant-ATR,dev
705f052a-ee65-48f7-99af-e9a5fcd9c702,501056,44356,CJWDOONTHISDIS-UHFFFAOYSA-N,N#Cc1cc2ccc1CCc1ccc(cc1-c1ccc(N(c3ccccc3)c3ccccc3)cc1)CC2,Bruker ALPHA,373.96442,3997.453,2559,4.0,False,False,Diamant-ATR,confirm
708435f4-c67a-4ef7-b167-29a93994f8db,626974,77095,DYPLZUUJBAHQNP-UHFFFAOYSA-N,c1ccn2c(NC3CCCCC3)c(-c3cc4ccc3CCc3ccc(cc3)CC4)nc2c1,Bruker Alpha ATR,373.96442,3997.453,2559,4.0,False,False,Diamant-ATR,confirm
70c1a08b-287c-454c-909e-300edae399db,499284,43913,FMWXHBBKSXMUAU-UHFFFAOYSA-N,CCN(CC)c1ccc2c(OCC(C)=O)cc(=S)oc2c1,Bruker ALPHA,373.96442,3997.453,2559,4.0,False,False,Diamant-ATR,dev
70eb43a3-7945-4b5a-9b4a-98376dadaabd,500896,44316,WWHPORVDZNAHJU-UHFFFAOYSA-N,CCCCn1ccc2cc(C#N)ccc21,Bruker ALPHA,373.96442,3997.453,2559,4.0,False,False,Diamant-ATR,confirm
7112cfa4-2949-483f-a798-fbd95ada83cf,617455,75197,LRPLBHMNPSKBIQ-UHFFFAOYSA-M,[Cl][Au].c1ccc(P(c2ccccc2)c2cc3ccc2CCc2ccc(c(-c4ccc(-c5ccccn5)cc4)c2)CC3)cc1,Bruker Alpha ATR,373.96442,3997.453,2559,4.0,True,True,Diamant-ATR,dev
7121acc2-2676-48ce-bbcb-bda7e6f1c65e,499432,43950,IBURWEBQGDMTKZ-UHFFFAOYSA-N,CCCCCn1cc(C(=O)c2ccccc2)c2ccccc21,Bruker ALPHA,373.96442,3997.453,2559,4.0,False,False,Diamant-ATR,dev
71224d1e-fbdc-4c74-8093-8fcf3548e83a,537087,52310,DJCDFXZBRUEGEI-UHFFFAOYSA-N,CCOC(=O)c1ccc(-c2c3nc(c(-c4cncnc4)c4ccc([nH]4)c(-c4ccc(C(=O)OCC)cc4)c4nc(c(-c5cncnc5)c5ccc2[nH]5)C=C4)C=C3)cc1,Bruker ALPHA-T,373.96442,3997.453,2559,4.0,False,False,Diamant-ATR,confirm
7125316e-87e0-40a3-b13d-4cefca5bd826,614286,74245,CJTUFUALQDKYIB-UHFFFAOYSA-N,COC(OC)c1cccc(O)c1,Perkin Elmer FT-IR,400.163452,4000.1875,7468,4.0,False,False,,confirm
7151356a-c047-41d8-88e5-41706224e36d,500868,44309,IURISRNFECQLRH-UHFFFAOYSA-N,O=C1Nc2ccccc2NC1c1ccccc1,Bruker ALPHA,373.96442,3997.453,2559,4.0,False,False,Diamant-ATR,dev
717f7169-185d-478a-bfb9-e093aee5a3a4,499964,44083,HZWPJAZIRZFCGX-UHFFFAOYSA-N,COc1cc(O)cc(OC)c1C=O,Bruker ALPHA,373.96442,3997.453,2559,4.0,False,False,Diamant-ATR,confirm
7193d306-d486-48f1-a177-8feca769c4ac,19985,2534,BPEXTIMJLDWDTL-UHFFFAOYSA-N,CC(=O)Nc1ccccc1C,Bruker IFS 88,373.96442,3997.453,2559,4.0,False,False,Diamant-ATR,confirm
719dc389-8575-4d0f-accb-7d05d51ac43b,512235,47158,UWJJRSBMVIAFBO-VWLOTQADSA-N,Cc1ccc([S@](=O)c2cc3ccc2CCc2ccc(cc2)CC3)cc1,"Bruker, model IFS 88",373.96442,3997.453,2559,4.0,False,False,Diamant-ATR,dev
71b31dfb-cb3d-44d4-bea2-75b789c52e86,501880,44562,WEQOBXHUKDTNQY-UHFFFAOYSA-N,CCOc1cc(O)c(C=O)c(OC)c1,Bruker ALPHA,373.96442,3997.453,2559,4.0,False,False,ATR platinum Diamond 1 Refl,confirm
71fbe940-2714-4227-b4ac-118dcd3fca89,499060,43857,KGPPSSIWSDMFRL-UHFFFAOYSA-N,Cc1ccc2nc(-c3cc(F)c(F)c(F)c3)sc2c1,Bruker ALPHA,373.96442,3997.453,2559,4.0,False,False,ATR platinum Diamond 1 Refl,confirm
72206230-dd54-478b-a1d6-4cd6d9fa0c47,504742,45301,HUXFCVSRCOCRDY-RRCQUFFISA-M,CN1/C(=C/C=C2\CCCC(/C=C/C3=[N+](C)c4ccc(/C=C/C(F)(F)C(F)(F)C(F)(F)C(F)(F)C(F)(F)C(F)(F)C(F)(F)F)cc4C3(C)C)=C2Cl)C(C)(C)c2cc(/C=C/C(F)(F)C(F)(F)C(F)(F)C(F)(F)C(F)(F)C(F)(F)C(F)(F)F)ccc21.[Cl-],FT-IR Bruker IFS 88,373.96442,3997.453,2559,4.0,True,False,Diamant- ATR,dev
724a4d67-607f-41c7-a927-37f6e3089b4a,510032,45140,OTIFGUKLKCKZPR-UHFFFAOYSA-N,Cc1cc(C)c(-c2cc3ccc2CCc2ccc(cc2)CC3)c(C)c1,Bruker IFS88,373.96442,3997.453,2559,4.0,False,False,Diamant-ATR,confirm
72722871-bf0c-4bdd-ae36-4f88a8a69fc0,633550,78344,HGXCOINYNHMKOI-UHFFFAOYSA-N,COc1ccc(C#Cc2ccccc2N(Cc2ccc(F)cc2)C(=O)C(F)(F)C(F)(F)C(F)(F)C(F)(F)C(F)(F)C(F)(F)C(F)(F)F)cc1,Bruker Alpha-P ATR,373.96442,3997.453,2559,4.0,False,False,Diamant-ATR,confirm
729c5560-e72a-4c1c-a0c5-ba3c5c76d1b1,501592,44490,XUGUHTGSMPZQIW-UHFFFAOYSA-N,[N-]=[N+]=Nc1ccc(-c2ccc(N=[N+]=[N-])cc2)cc1,Bruker ALPHA,373.96442,3997.453,2559,4.0,False,False,ATR platinum Diamond 1 Refl,confirm
72abc7dd-824a-492b-af86-17eb31dd1f01,618219,75354,KKKGXLQRKPKJON-UHFFFAOYSA-N,[N-]=[N+]=Nc1cc[nH]n1,Bruker Alpha,373.96442,3997.453,2559,4.0,False,False,Diamant-ATR,confirm
72acdbb1-232c-49c8-9959-b227b22eca45,565784,59248,IVLYXJLLYWMGGI-UHFFFAOYSA-N,CC(C)C(O)c1ccc(-c2ccc(C(Cl)C(C)C)cc2)cc1,Thermo Finnigan Mat 95,373.96442,3997.453,2559,4.0,False,False,Diamant-ATR,confirm
72bf2374-818d-4e8d-8600-2630067d73df,614766,74511,OIHNAVUWMWBKPA-UHFFFAOYSA-N,CC(=O)c1ccc(Nc2nc3ccccc3n3nnnc23)cc1,Bruker Alpha ATR,373.96442,3997.453,2559,4.0,False,False,Diamant-ATR,dev
72cb954b-f2af-47e1-8c05-17e582138dda,527940,50293,ALURCEXFHYPEFU-UHFFFAOYSA-L,CC(C)(C)c1ccnc(P(c2ccccc2)c2ccccc2)c1.Fc1ccc(P(c2ccc(F)cc2)c2ccc(F)cc2)cc1.Fc1ccc(P(c2ccc(F)cc2)c2ccc(F)cc2)cc1.[Cu][I].[Cu][I],IR,373.96442,3997.453,2559,4.0,True,True,Diamant-ATR,confirm
72feaa8f-192c-40bc-af2a-6968302f5445,512533,47193,FRTVLEZTKRSWBW-UHFFFAOYSA-N,COC(=O)CCc1nnc(-c2c(-n3c4ccccc4c4ccccc43)c(C#N)c(-n3c4ccccc4c4ccccc43)c(-n3c4ccccc4c4ccccc43)c2-n2c3ccccc3c3ccccc32)o1,"Bruker, IFS 88",373.96442,3997.453,2559,4.0,False,False,Diamant-ATR,confirm
730c8bf1-77d4-4101-913a-dfc935b45cbb,528942,50493,MUJBJGJPXJYYLG-UHFFFAOYSA-N,O=C(Nc1nc2ccccc2nc1Cl)C(F)(F)C(F)(F)C(F)(F)C(F)(F)C(F)(F)C(F)(F)C(F)(F)F,Bruker Alpha ATR,373.96442,3997.453,2559,4.0,False,False,Diamant-ATR,confirm
73174edf-590a-43b9-a8e9-1b57fcfd9cb1,606586,72220,QPCHCPTWJXRVTG-UHFFFAOYSA-M,CC(C)C([O][Pt][Cl])C1=CCCC=CCC1,Bruker Alpha,399.67798,3996.7798,1747,4.0,False,True,SG-X8068,confirm
73253bc1-7f6c-4859-8bb7-9da53063b741,636481,78945,FEWYSFFFZYLZNC-RLPYSRNMSA-N,CCCCCCCCOc1nc2ccccc2nc1/C=C/c1nc2ccccc2nc1/C=C/c1nc2ccccc2nc1C,Bruker Alpha ATR,373.96442,3997.453,2559,4.0,False,False,Diamant-ATR,confirm
7356507c-7a23-484c-86c4-c035513aa73b,502356,44681,HKOMTRHOCRIMSR-UHFFFAOYSA-N,CCCCCCc1cc2c(OC)cc(OC)cc2oc1=O,Bruker ALPHA,373.96442,3997.453,2559,4.0,False,False,ATR platinum Diamond 1 Refl,confirm
736c3dbe-ed21-4730-9eb0-6b8938c8de1c,526658,50072,WKBJJVSVQXIATD-UHFFFAOYSA-L,Cc1ccc(P(c2ccc(C)cc2)c2ccccn2)cc1.Fc1ccc(P(c2ccc(F)cc2)c2ccc(F)cc2)cc1.Fc1ccc(P(c2ccc(F)cc2)c2ccc(F)cc2)cc1.[Cu][I].[Cu][I],IR,373.96442,3997.453,2559,4.0,True,True,Diamant-ATR,confirm
74515fb0-d289-41bf-9ddc-5b22780decea,500828,44299,XZQXWHSRRPLVJB-UHFFFAOYSA-N,C#CCCCC(C(=O)c1ccccc1)c1nn(CCCC#C)c2c(C(F)(F)F)cccc12,Bruker ALPHA,373.96442,3997.453,2559,4.0,False,False,Diamant-ATR,confirm
74679bdc-78da-448e-8e0f-1bab89b8c732,507125,45905,SHJRUIRDOASXQU-UHFFFAOYSA-N,CC(C)(C)c1ccc(S(=N)(=O)C23CC(C2)C3)cc1,Bruker Alpha ATR,373.96442,3997.453,2559,4.0,False,False,Diamant-ATR,confirm
74949e52-f7b5-4c22-94ae-617437ebcfe7,502252,44655,LFMMVPZBLJZNGE-UHFFFAOYSA-N,CC(C)c1cccc(C(C)C)n1,Bruker ALPHA,399.65625,3996.5625,1765,4.0,False,False,Instrument type and / or accessory,dev
74ae0b4d-567b-4534-9081-3a629cd18fa9,501140,44377,YFKUKSNQVKMCAQ-UHFFFAOYSA-N,O=C(Cc1cn(Cc2ccc(C(F)(F)F)cc2)c2ccccc12)Nc1ccccc1,Bruker ALPHA,373.96442,3997.453,2559,4.0,False,False,Diamant-ATR,confirm
74b595a0-4d07-4dbd-8b10-4aecb0e73793,578739,63186,LINLPRGBVJJUCX-UHFFFAOYSA-N,CCCCOC1CC1(C)C(=O)OCc1ccccc1,Bruker Alpha ATR,373.96442,3997.453,2559,4.0,False,False,Diamant-ATR,confirm
74e42767-68bd-4099-b45b-4f1de8692ef6,525790,49967,HBEYZTCYLNPZPE-UHFFFAOYSA-N,COc1ccc(P(c2ccc(OC)cc2)c2ccccn2)cc1,IR,373.96442,3997.453,2559,4.0,False,False,Diamant-ATR,confirm
751507a6-fc61-48b3-8b38-36eba37decb4,500212,44145,CEXGXXQVXSJAPN-UHFFFAOYSA-N,Nc1ccc(-c2ccc3c(c2)C=C2C(=O)CCCC2O3)cc1,Bruker ALPHA,373.96442,3997.453,2559,4.0,False,False,Diamant-ATR,confirm
7515bbdf-9311-4633-b6c7-ee6c84554989,499132,43875,VTNSBOAHAFEBKI-UHFFFAOYSA-N,COc1ccccc1Cc1cc2c(C)ccc(C)c2oc1=O,Bruker ALPHA,373.96442,3997.453,2559,4.0,False,False,Diamant-ATR,confirm
751c1b63-2d16-4845-a4b5-19a0175c1755,633743,78381,BFJBMPFRZOBDQG-UHFFFAOYSA-N,CC(=O)OCC#Cc1ccccc1N(Cc1ccccc1)C(=O)C(F)(F)C(F)(F)C(F)(F)C(F)(F)C(F)(F)C(F)(F)C(F)(F)F,Bruker Alpha-P ATR,373.96442,3997.453,2559,4.0,False,False,Diamant ATR,confirm
75393ca2-ed6f-4e61-b3f7-c46e2eb6d0a8,512501,47190,DYLFJJYYNYGIDI-UHFFFAOYSA-N,Cc1cc(C)c(-c2nnc(-c3c(-n4c5ccccc5c5ccccc54)c(C#N)c(-n4c5ccccc5c5ccccc54)c(-n4c5ccccc5c5ccccc54)c3-n3c4ccccc4c4ccccc43)o2)c(C)c1,"Bruker, IFS 88",373.96442,3997.453,2559,4.0,False,False,Diamant-ATR,confirm
753c8a72-affb-41b0-894a-4d0694ecc2aa,639770,79675,VBWAUMGURUDGLW-UHFFFAOYSA-N,CCC[CH2][Sn]([CH2]CCC)([CH2]CCC)[c]1cnc2ccccc2n1,Bruker Alpha ATR,373.96442,3997.453,2559,4.0,False,True,Diamant-ATR,dev
756aa893-b9f4-40db-a397-fc5c5893a71c,501496,44466,WAIQWYALYSCYLA-LVVYUBKHSA-N,CC[C@H](/C=C/[C@@H](C)[C@H]1CC[C@H]2[C@@H]3CC=C4C[C@@H](OC)CC[C@]4(C)[C@H]3CC[C@]12C)C(C)C,Bruker ALPHA,373.96442,3997.453,2559,4.0,False,False,ATR platinum Diamond 1 Refl,dev
7576bf73-ebab-4b63-8e75-0298deddb7e7,502204,44643,WSLOJDPASDBXGF-UHFFFAOYSA-N,C=CCOC(=O)Nc1cc(OC)cc(OC)c1,Bruker ALPHA,399.65625,3996.5625,1765,4.0,False,False,Instrument type and / or accessory,confirm
75db04ec-9179-4783-ab57-4cb0a3a5f69e,501808,44544,XOKFBPMVJSDUJQ-NTMALXAHSA-N,COC(=O)/C(=C1\CCCC(=O)C1)C1SCCS1,Bruker ALPHA,373.96442,3997.453,2559,4.0,False,False,ATR platinum Diamond 1 Refl,confirm
75df6665-91dd-4c76-814e-b8cc2dc7d40f,20357,2570,VOBKUOHHOWQHFZ-UHFFFAOYSA-N,CC(=O)Nc1ccccc1Br,Bruker IFS 88,373.96442,3997.453,2559,4.0,False,False,Diamant-ATR,confirm
75e2e16d-16b2-4c9a-89e5-bf64bfe6d2bf,502384,44688,MBTZMVKQSWOARS-UHFFFAOYSA-N,COc1cc(OC)c2cc(Cc3ccc(F)cc3)c(=O)oc2c1,Bruker ALPHA,373.96442,3997.453,2559,4.0,False,False,ATR platinum Diamond 1 Refl,confirm
75eb1217-8c80-4831-b7a3-761a4dc8896a,501716,44521,QSAUZEUIHOMQFH-UHFFFAOYSA-N,CCCCn1nc(NC(=O)c2cccc3ccccc23)c2ccccc21,Bruker ALPHA,399.65625,3996.5625,1765,4.0,False,False,Instrument type and / or accessory,confirm
76101cb7-8916-41bc-b6ca-76016e7dd1f9,502420,44697,IWKNNNHECVVJTH-YUJRMFEMSA-N,CC(=O)OC1OC(COS(=O)(=O)c2ccc(C)cc2)[C@@H](OC(C)=O)[C@H](OC(C)=O)C1OC(C)=O,Bruker ALPHA,373.96442,3997.453,2559,4.0,False,False,ATR platinum Diamond 1 Refl,confirm
7623e5bf-ba00-493d-9d67-79c545d888ad,502296,44666,LCIVJTHFCBZAKR-UHFFFAOYSA-N,CCC[CH2][Sn]([CH2]CCC)([CH2]CCC)[c]1ccc(N=[N+]=[N-])cc1,Bruker ALPHA,399.65625,3996.5625,1765,4.0,False,True,Instrument type and / or accessory,confirm
7635ca39-0476-470d-90f9-f03a661653c4,580778,63707,VBWAUMGURUDGLW-UHFFFAOYSA-N,CCC[CH2][Sn]([CH2]CCC)([CH2]CCC)[c]1cnc2ccccc2n1,Bruker Ascend 400,373.96442,3997.453,2559,,False,True,,dev
7650e53d-4c57-4b37-b5a2-c0f70f4645cc,3303,1011,WWKBLKXNILCANP-FMQUCBEESA-N,CC(/N=N/c1ccc(Oc2ccccc2)cc1)=C1SCCCS1,,373.82813,3997.4121,2560,4.0,False,False,ATR platinum Diamond 1 Refl,confirm
766f94e0-eb0f-4d6d-a49d-175556d1f5e3,557795,56775,VHDGMVPZVVGIBB-HTXNQAPBSA-N,CC(C)N(/N=N/c1nn(C2CCCC2)cc1C#N)C(C)C,Bruker ALPHA,373.96442,3997.453,2559,4.0,False,False,Diamant-ATR,confirm
76896bab-2b94-45ef-8889-a179a4af0ba8,501820,44547,IWKNNNHECVVJTH-JRXKHZKBSA-N,CC(=O)OC1[C@@H](OC(C)=O)OC(COS(=O)(=O)c2ccc(C)cc2)[C@@H](OC(C)=O)[C@@H]1OC(C)=O,Bruker ALPHA,373.96442,3997.453,2559,4.0,False,False,ATR platinum Diamond 1 Refl,confirm
7696a158-ec67-4e21-b871-ed790dc5a593,499828,44049,QEUNWFMXJUPZPX-UHFFFAOYSA-N,CCc1cc2c(C(C)C)ccc(C)c2oc1=O,Bruker ALPHA,373.96442,3997.453,2559,4.0,False,False,Diamant-ATR,confirm
76a8bd41-f77d-4bfe-b208-9cfbb426bd0d,501360,44432,YDTDKKULPWTHRV-UHFFFAOYSA-N,Nc1n[nH]c2ccccc12,Bruker ALPHA,373.96442,3997.453,2559,4.0,False,False,ATR platinum Diamond 1 Refl,confirm
775a2290-b9c1-48f6-a213-d51b24ab78ff,629041,77496,UFXVPOPCEVYKQB-UHFFFAOYSA-N,C#Cc1ccc(-c2cn(-c3cnc4ccccc4n3)nn2)cc1,Bruker Alpha ATR,373.96442,3997.453,2559,4.0,False,False,Diamant-ATR,confirm
77b978ea-73da-44bd-9d6b-00a9502d3bdc,490184,41870,BDDNRZMZXBXFEK-UHFFFAOYSA-N,CCCCCCCCn1cc(C(=O)Cc2ccccc2)c2ccccc21,Bruker Alpha,373.96442,3997.453,2559,4.0,False,False,Diamant-ATR,confirm
77bc3944-4111-4818-bbf5-cac3d3f6dc0b,503682,45039,LHQKMJBXIUSXKU-UHFFFAOYSA-N,CCOC(=O)c1ccc(-c2c3nc(c(C#Cc4ccccc4)c4ccc([nH]4)c(-c4ccc(C(=O)OCC)cc4)c4nc(c(C#Cc5ccccc5)c5ccc2[nH]5)C=C4)C=C3)cc1,Bruker ALPHA-T,373.82813,3997.4121,2560,4.0,False,False,Diamant-ATR,confirm
77fa8e26-e2c5-41ea-9aad-109882341ebf,500472,44210,SFSZMAIUEUQOTA-ADUSHDQVSA-N,CCOC(=O)[C@@H]1C[C@@H](c2c[nH]c3ccccc23)C[C@@H](c2c[nH]c3ccccc23)N1c1ccccc1,Bruker ALPHA,373.96442,3997.453,2559,4.0,False,False,Diamant-ATR,confirm
7801bf55-f09d-443a-a9a1-b4bba3716ebe,500764,44283,QDMAXRJHDMKTQH-UHFFFAOYSA-N,Brc1cc2ccc1CCc1ccc(c(Br)c1)CC2,Bruker ALPHA,373.96442,3997.453,2559,4.0,False,False,Diamant-ATR,confirm
783eeaf7-547a-4c23-8d9f-6dddc065b86b,501728,44524,BZVJUWYDEMOJMH-UHFFFAOYSA-N,CCOC(=O)c1[nH]c2ccccc2c1I,Bruker ALPHA,399.65625,3996.5625,1765,4.0,False,False,Instrument type and / or accessory,confirm
7844ebed-242c-4df5-9682-f0952cf16c0d,505557,45482,VSGFXWVXQMJJKN-UHFFFAOYSA-N,NS(=O)(=O)C12CC(C1)C2,IR,373.96442,3997.453,2559,4.0,False,False,Diamant-ATR,confirm
785a5494-8a2b-4838-b9fe-8e0fe9927f4f,552156,55574,WMZNGTSLFSJHMZ-UHFFFAOYSA-N,COC(=O)c1cccc(C(=O)O)c1,Bruker Alpha ATR,373.96442,3997.453,2559,4.0,False,False,Diamant-ATR,confirm
7860c830-996a-4e65-8781-7f79c7994a43,510026,45132,ROUMDNPPUPSBDL-UHFFFAOYSA-N,c1ccc(N(c2ccccc2)c2ccc(-c3cc4ccc3CCc3ccc(cc3)CC4)cc2)cc1,Bruker IFS88,373.96442,3997.453,2559,4.0,False,False,Diamant-ATR,confirm
7897ebf6-3b48-416c-9ad5-7497a05fc79b,525491,49916,IETKJRBIHIWTDA-UHFFFAOYSA-N,CCCc1cc2c(C)c(O)c(C)c(C)c2oc1=O,Bruker Alpha ATR,373.96442,3997.453,2559,4.0,False,False,Diamant ATR,confirm
78adc9d8-238d-436b-afa3-ebfa5bddcb61,517496,48208,ONZNTVWSXSVUHQ-UHFFFAOYSA-N,C1=Cc2nc1cc1ccc([nH]1)c(-c1ccccc1)c1nc(c(-c3ccccc3)c3ccc([nH]3)c2-c2ccccc2)C=C1,IR,399.03993,3996.5701,1750,4.0,False,False,Instrument type and / or accessory,confirm
78b0a3a1-a325-4d94-bd11-f3a189296cd2,500740,44277,MTWZKVCZBWMWJP-UHFFFAOYSA-N,c1ccc(N(c2ccccc2)c2ccc(-c3cc4c5c(c3)-c3ccccc3OB5Oc3ccccc3-4)cc2)cc1,Bruker ALPHA,373.96442,3997.453,2559,4.0,False,False,Diamant-ATR,dev
78bddea3-23e0-4920-967d-816cb82608fb,649423,82040,OMPMADRXWAHDGV-UHFFFAOYSA-N,O=C(Nc1ccccc1I)C(F)(F)F,Bruker Alpha-P ATR,373.96442,3997.453,2559,4.0,False,False,Diamant-ATR,confirm
78bf2f5f-4d2a-48f8-b6ea-da0ad0a0c78e,489445,41683,KPGPIQKEKAEAHM-UHFFFAOYSA-N,Clc1nc2ccccc2nc1-c1ccccc1,Bruker Alpha,373.96442,3997.453,2559,4.0,False,False,Diamant-ATR,confirm
78c58b20-3c47-4773-b6fb-4901a5f168a6,636747,78998,APTZNSZWRWMVKK-OCEACIFDSA-N,Cc1nc2ccccc2nc1/C=C/c1nc2ccccc2nc1OCCCCCCCCCCCCO[Si](C)(C)C(C)(C)C,Bruker Alpha ATR,373.96442,3997.453,2559,4.0,False,False,Diamant-ATR,confirm
78e154e2-863e-4b81-b379-f2ddc5ccec01,634173,78472,STMGCUUVVSSYBM-UHFFFAOYSA-N,Nc1nc2ccccc2nc1C(F)(F)F,Bruker Alpha ATR,373.96442,3997.453,2559,4.0,False,False,Diamant-ATR,confirm
78f14325-043e-4b9c-bccf-88c5f3864762,551251,55449,XQBNRFKTLBHETJ-FDDCHVKYSA-N,COc1ccc(Br)c(C(=O)[C@]23CC=C(C)C[C@H]2C(=O)c2ccccc2C3=O)c1,Bruker Alpha,373.96442,3997.453,2559,4.0,False,False,Diamant-ATR,confirm
78f176b9-4a18-4ffe-9572-53eca0624156,545680,54149,IUEMPKXSZCGPLL-UHFFFAOYSA-N,CCCCCCCCn1nc(NC(=O)C(C)(C)C)c2cccc(C(F)(F)F)c21,Bruker Alpha,373.82813,3997.4121,2560,4.0,False,False,Diamant-ATR,confirm
790f91eb-f6b9-4282-81ce-2a3c2ed2c66d,514216,47541,PDVSHXSSPVXJNH-UHFFFAOYSA-N,FC(F)(F)c1ccc2sc(-c3ccccc3)nc2c1,BRUKER ALPHA,373.82813,3997.4121,2560,4.0,False,False,Diamant-ATR,confirm
79311fd6-ee56-4e30-80c3-d301cc65a6e2,500220,44147,MXMAXVNQPZJOHU-UHFFFAOYSA-N,F[B-](F)(F)c1cc2ccc1CCc1ccc(c(Br)c1)CC2.[K+],Bruker ALPHA,373.96442,3997.453,2559,4.0,True,True,Diamant-ATR,confirm
79363e4c-6ecc-48f4-991a-9bd59c5d78ef,501948,44579,RKGAMRKZCAJMCI-UHFFFAOYSA-N,CCCCOc1cc(OC)c2cc(Cc3ccc(OC)cc3)c(=O)oc2c1,Bruker ALPHA,399.65625,3996.5625,1765,4.0,False,False,Instrument type and / or accessory,dev
7940f87d-1a27-44c6-b4c2-2b8d5d9a12a8,698282,93092,LQJAQJSXWKWJFU-UHFFFAOYSA-N,O=C(c1ccccc1C(F)(F)F)N(Cc1ccccc1)c1ccccc1C#Cc1ccccc1,Bruker Alpha-P ATR,373.96442,3997.453,2559,4.0,False,False,Diamant-ATR,confirm
795a5f4c-f8ca-46d1-ad56-c0120fcfd059,502568,44734,UVVMCSZEGIRABD-IJTCTNLASA-N,COC(=O)[C@@H]1C[C@H](C(=O)N2[C@@H](C(=O)OC)C[C@@H](C(=O)N3[C@H](C(=O)OC)C[C@H](C(=O)O[C@@H]4C[C@H](C)CC[C@H]4C(C)C)[C@@H]3c3ccc(F)cc3)[C@H]2c2ccc(Cl)cc2)[C@H](c2ccc(Br)cc2)N1,Bruker ALPHA,373.96442,3997.453,2559,4.0,False,False,Diamant-ATR,confirm
798439db-064c-4ddb-90d4-f3ea3e265e18,658502,83867,YZFRGHMJYKGNIB-UHFFFAOYSA-N,CCCCC(C)(C)c1cc(O)c2cc(Cc3ccccc3C)c(=O)oc2c1,Bruker Alpha,373.96442,3997.453,2559,4.0,False,False,Diamant- ATR,confirm
79ab7495-ea36-4707-83dc-8dadc83f7f5f,502596,44741,ARXUTDUPDPTHBH-UHFFFAOYSA-N,COc1ccc(C(=O)OC(c2ccccc2)C2SCCCS2)cc1,Bruker ALPHA,399.65625,3996.5625,1765,4.0,False,False,Instrument type and / or accessory,confirm
79d86d75-2f45-41a3-aaf7-f20e36c73966,505601,45491,IAAVPEBEKXNFBU-UHFFFAOYSA-N,FC(F)(F)c1cc(SC23CC(C2)C3)cc(C(F)(F)F)c1,Bruker Alpha ATR,373.96442,3997.453,2559,4.0,False,False,Diamant-ATR,confirm
7a22cb4c-d7ac-426b-9453-e519900e513a,525549,49928,DIDDVSONGINCED-UHFFFAOYSA-N,CCCCCc1cc2c(C)c(OC)c(C)c(C)c2oc1=O,Bruker Alpha ATR,373.82813,3997.4121,2560,4.0,False,False,Diamant ATR,confirm
7a2c3c83-8c67-49ae-bb8e-e0a39d1c4f4f,501600,44492,KZMQSCMPIIKCOK-UHFFFAOYSA-N,Brc1ccc(-c2c3nc(c(-c4ccccc4)c4ccc([nH]4)c(-c4ccccc4)c4nc(c(-c5ccccc5)c5ccc2[nH]5)C=C4)C=C3)cc1,Bruker ALPHA,373.96442,3997.453,2559,4.0,False,False,ATR platinum Diamond 1 Refl,dev
7a7059d6-53ea-4fce-9e37-7d0bd8f30dbb,502312,44670,KQBMPTUNDIHOQF-UHFFFAOYSA-N,CC(C)c1cc(Br)cc(C(C)C)n1,Bruker ALPHA,399.65625,3996.5625,1765,4.0,False,False,Instrument type and / or accessory,confirm
7ac17e69-abde-4c93-bc63-981016d86a47,499992,44090,ZEGXUGGAKJQHIL-KBPLZSHQSA-N,COC(=O)[C@H]1CCC(=O)C1C(=O)c1cc(Cl)ccc1[N+](=O)[O-],Bruker ALPHA,373.96442,3997.453,2559,4.0,False,False,Diamant-ATR,confirm
7ac98c26-5f13-4672-b530-9ee58516764f,499312,43920,IYQVJJRCWZSDNK-UHFFFAOYSA-N,Cc1c(O)c(C)c2cc(Cc3ccccc3)c(=O)oc2c1C,Bruker ALPHA,373.96442,3997.453,2559,4.0,False,False,Diamant-ATR,confirm
7b25e33c-41df-4249-b82b-2dadc9f9d267,551429,55482,JXKJABRIOCCTBF-KHOMTPLRSA-N,C[Si](C)(C)O[C@H]1C=CC[C@H]2C(=O)c3ccccc3C(=O)[C@@]12C(=O)c1cc(NC(=O)C(F)(F)F)ccc1Br,Bruker Alpha,373.96442,3997.453,2559,,False,False,,confirm
7b4335d4-c38b-4080-aaeb-1b9e1688e0bc,500796,44291,FTJJKQTWRHVXOI-CVTPTMSISA-N,CC1=CC[C@H]2C(=O)c3ccccc3C(=O)[C@@]2(C(=O)c2ccccc2)[C@H]1O[Si](C)(C)C(C)(C)C,Bruker ALPHA,373.96442,3997.453,2559,4.0,False,False,Diamant-ATR,confirm
7b59e969-b509-4043-860a-047551de72e7,637938,79243,KSXCBKGDAXBVCF-UHFFFAOYSA-N,CCCCC#Cc1ccccc1N(Cc1ccccc1)C(=O)C(F)(F)C(F)(F)C(F)(F)C(F)(F)C(F)(F)C(F)(F)C(F)(F)F,Bruker Alpha-P ATR,373.96442,3997.453,2559,4.0,False,False,Diamant-ATR,confirm
7b69575e-0f03-410c-be6f-f321389cdb51,640391,79777,QWSZMKCGMDROKE-UHFFFAOYSA-N,O=P(O)(O)c1ccc(-c2ccc(P(=O)(O)O)cc2)cc1,Bruker Alpha ATR,373.96442,3997.453,2559,4.0,False,False,Diamant-ATR,confirm
7bc4fbeb-386f-43f8-a83d-d290aef4d129,499096,43866,DBBXIWAKMSMPDQ-SNCSUOKWSA-N,Cc1ccc(CC(/N=C\c2cc3ccc2CCc2ccc(cc2)CC3)c2ccccc2)cc1,Bruker ALPHA,373.96442,3997.453,2559,4.0,False,False,Diamant-ATR,confirm
7bc943ac-ab37-4f43-b179-c776a9eee4c8,527190,50165,HOOYPAPLAWUBBK-UHFFFAOYSA-L,Cc1cc(C)cc(P(c2cc(C)cc(C)c2)c2ccccn2)c1.[Cu][I].[Cu][I].c1ccc(P(c2ccccc2)c2ccccc2)cc1.c1ccc(P(c2ccccc2)c2ccccc2)cc1,IR,373.96442,3997.453,2559,4.0,True,True,Diamant-ATR,confirm
7bdfaa14-6ab6-443d-885b-47550b33c134,499268,43909,NSTLICHHUALYJN-UHFFFAOYSA-N,CCCCCc1cc(O)c2cc(Cc3ccc(N(C)C)cc3)c(=O)oc2c1,Bruker ALPHA,373.96442,3997.453,2559,4.0,False,False,Diamant-ATR,dev
7befa3cd-3942-4c0e-b578-7d33e216b6df,499712,44020,FVDOBFPYBSDRKH-UHFFFAOYSA-N,O=C(O)c1ccc2c3ccc(C(=O)O)c4c(C(=O)O)ccc(c5ccc(C(=O)O)c1c25)c43,Bruker ALPHA,373.96442,3997.453,2559,4.0,False,False,Diamant-ATR,confirm
7c19cb0c-8375-40ff-ab8a-227899ab0197,499972,44085,FQRQWPNYJOFDLO-UHFFFAOYSA-N,COc1cc(O)c(C=O)c(OC)c1,Bruker ALPHA,373.96442,3997.453,2559,4.0,False,False,Diamant-ATR,confirm
7c4328d1-0d41-41c4-bc8d-1060e09adb0d,537159,52328,CRHQCXFMPCYLGU-UHFFFAOYSA-N,CCOC(=O)c1ccc(-c2c3nc(c(-c4ccc(OC)cc4)c4ccc([nH]4)c(-c4ccc(C(=O)OCC)cc4)c4nc(c(-c5ccc(OC)cc5)c5ccc2[nH]5)C=C4)C=C3)cc1,Bruker ALPHA-T,373.96442,3997.453,2559,4.0,False,False,Diamant-ATR,dev
7c4d350d-89b2-468b-86eb-28516cce2656,573456,61641,PZTBLQNZTKOFMV-UHFFFAOYSA-N,CC(C)C(Br)c1ccc(C(c2ccc(C(Br)C(C)C)cc2)(c2ccc(C(Br)C(C)C)cc2)c2ccc(C(Br)C(C)C)cc2)cc1,Bruker Alpha ATR,373.96442,3997.453,2559,4.0,False,False,Diamant-ATR,confirm
7c520f20-ed7c-46a9-8d2c-26b6f1692d9b,500760,44282,RJOYWTPJYZNRJD-UHFFFAOYSA-N,Brc1cc2ccc1CCc1ccc(cc1)CC2,Bruker ALPHA,373.96442,3997.453,2559,4.0,False,False,Diamant-ATR,confirm
7cabb3ce-431e-47eb-bd85-8cf2b075ad03,531824,51100,GYGDJDFWRCPCEJ-SETSBSEESA-N,CC(C)[Si](OC1=CC[C@]2(C(=O)c3ccccc3I)C(=O)c3ccccc3C(=O)[C@@H]2C1)(C(C)C)C(C)C,Bruker Alpha,373.96442,3997.453,2559,4.0,False,False,Diamant ATR,confirm
7ce3cd40-0b7f-41cf-ad6e-d2c82c9cf95e,499696,44016,LUJCLVQAVWEEER-FJTVDOQRSA-N,C[C@]12CC[C@H](O)C[C@@H]1CC[C@@H]1[C@@H]2CC[C@]2(C)C(c3cccc4ccccc34)=CC[C@@H]12,Bruker ALPHA,373.96442,3997.453,2559,4.0,False,False,Diamant-ATR,confirm
7d5dc978-cb07-4e59-b624-7cb13f6ed67a,631809,78007,YCYLCVMIVJNHOV-UHFFFAOYSA-N,COP(=O)(OC)c1ccc(O)cc1,Bruker Alpha ATR,373.96442,3997.453,2559,4.0,False,False,Diamant-ATR,dev
7d8c5afc-bb53-4bbd-9697-c3fb61051767,502084,44613,UHJOUKYFWVJRED-NCSOOZNJSA-N,C[C@]12C[C@@H](O)[C@H](O)C[C@@H]1CC[C@@H]1[C@@H]2CC[C@@]2(C)[C@H]1CCC21OCCO1,Bruker ALPHA,373.96442,3997.453,2559,4.0,False,False,ATR platinum Diamond 1 Refl,confirm
7dbb1cef-d2a2-4579-a9c0-011dd512d69a,604939,71828,BEGUWTIVANWACP-UHFFFAOYSA-N,Nc1cc(-c2ccccc2)c(-c2ccccc2)cc1N,Bruker Alpha ATR,373.96442,3997.453,2559,4.0,False,False,Diamant-ATR,confirm
7df90e2b-594a-4c75-babc-127e44fc4039,569627,60489,HCQBAXKYJQSZLH-UHFFFAOYSA-N,CC(C)C(=O)c1ccc(-c2ccc(-c3ccc(C(=O)C(C)C)cc3)cc2)cc1,Bruker Alpha ATR,373.96442,3997.453,2559,4.0,False,False,Diamant-ATR,confirm
7e79c205-d18e-48ef-9ed8-5be00806fddd,513896,47473,RIJPILMKAGSMQK-HSZRJFAPSA-N,CC(C)(C)OC(=O)[C@H]1CCCN1C(=O)Nc1cc2ccc1CCc1ccc(cc1)CC2,"Bruker, model IFS 88",373.96442,3997.453,2559,4.0,False,False,Diamant-ATR,confirm
7ea9723a-6576-4035-a3df-9478d5b47412,593719,68420,FVZMRQOAQDGVPY-UHFFFAOYSA-N,CCC[CH2][Sn]([CH2]CCC)([CH2]CCC)[c]1nc2ccccc2nc1C,Bruker Alpha ATR,373.96442,3997.453,2559,4.0,False,True,Diamant-ATR,confirm
7ec5984d-f387-4a60-b45a-9b7427b74f70,507221,45927,PLJOXMUHAAQZQY-UHFFFAOYSA-N,CC(C)(C)S(=N)(=O)C12CC(C1)C2,Bruker Alpha ATR,373.96442,3997.453,2559,4.0,False,False,Diamant-ATR,confirm
7edcc495-8d5a-41c1-aad3-4d9c7a303318,517702,48250,CXZSDEGQLBZWEC-UHFFFAOYSA-N,c1ccc2c(c1)n1nnnc1c1nnnn21,Bruker IFS 88,373.96442,3997.453,2559,4.0,False,False,Diamant-ATR,dev
7f151f16-0033-4b53-b022-7692317f3860,631874,78019,GDSWYCZRSZXYHX-UHFFFAOYSA-N,COc1cccc(P(=O)(OC)OC)c1,Finnigan MAT 90,373.96442,3997.453,2559,4.0,False,False,Diamant-ATR,confirm
7f393c94-78cb-4180-b3bd-49659b90fb16,507351,45958,YJAAWLIQQMUOLC-UHFFFAOYSA-N,N=S(=O)(c1ccc(Cl)cc1)C12CC(C1)C2,Bruker Alpha ATR,373.96442,3997.453,2559,4.0,False,False,Diamant-ATR,confirm
7f57fba1-7152-4d5d-ad97-dae12cc415fc,503726,45049,NRDQBPJLNQDPCN-UHFFFAOYSA-N,CCOC(=O)c1ccc(-c2c3nc(c(-c4ccccc4)c4[nH]c(c(Br)c4Br)c(-c4ccc(C(=O)OCC)cc4)c4nc(c(-c5ccccc5)c5[nH]c2c(Br)c5Br)C(Br)=C4Br)C(Br)=C3Br)cc1,Bruker ALPHA-T,373.96442,3997.453,2559,4.0,False,False,Diamant-ATR,confirm
7f62f0b7-1865-4137-a359-06220e6af1d0,502392,44690,NHBXZVUESURQSL-ZVCXTHFISA-N,[N-]=[N+]=NCC1O[C@@H](Sc2ccccc2)C(O)[C@@H](O)[C@@H]1O,Bruker ALPHA,373.96442,3997.453,2559,4.0,False,False,ATR platinum Diamond 1 Refl,confirm
7f72ed06-b28a-4c8e-8b89-5f6f6f522f2b,490428,41923,BAIBHOHKSYVVCM-UHFFFAOYSA-N,O=Cc1cc2ccc1CCc1ccc(cc1)CC2,,373.96442,3997.453,2559,,False,False,,confirm
7fafdf75-ac28-4e89-ba8e-a5dc378102f5,559364,57275,ZTYVCHQAFNRURB-FOCLMDBBSA-N,CCn1ncc(C#N)c1/N=N/N(C(C)C)C(C)C,Bruker ALPHA,373.96442,3997.453,2559,4.0,False,False,Diamant-ATR,confirm
7fbc3194-8b0e-4b2a-b96e-d18fed47b52c,629466,77579,JJCQHCJBVSOFTM-UHFFFAOYSA-N,c1ccc2c(c1)NCc1nnnn1-2,Bruker Alpha ATR,373.96442,3997.453,2559,4.0,False,False,Diamant-ATR,confirm
7fd3c7ab-76e9-4149-ab40-9eefe644f30a,537227,52346,PBDZGVKGAXHYRN-UHFFFAOYSA-N,CCOC(=O)c1ccc(-c2c3nc(c(-c4cccc5cccnc45)c4ccc([nH]4)c(-c4ccc(C(=O)OCC)cc4)c4nc(c(-c5cccc6cccnc56)c5ccc2[nH]5)C=C4)C=C3)cc1,Bruker ALPHA-T,373.96442,3997.453,2559,4.0,False,False,Diamant-ATR,confirm
7ff45a10-d903-49ec-b25b-f419319f1bba,549803,55110,JTRLIYPGUAYPND-UHFFFAOYSA-N,c1ccc2c(-c3ccncc3)cc(-c3cc(-c4cc(-c5ccncc5)c5ccccc5n4)cc(-c4cc(-c5ccncc5)c5ccccc5n4)c3)nc2c1,Bruker Alpha FTIR,373.96442,3997.453,2559,4.0,False,False,Diamant-ATR,confirm
80599b5d-83ad-4ae6-9ed5-c72ab07f176e,501212,44395,GIJSVMOPNUOZBC-CCEZHUSRSA-N,Cc1ccc(/N=N/c2ccccc2)cc1,Bruker ALPHA,373.96442,3997.453,2559,4.0,False,False,Diamant-ATR,confirm
8069e9f1-7465-4ecf-8ba3-9a7f0d0b10a8,633604,78354,HTVPIWJJIZTEHZ-UHFFFAOYSA-N,O=C(N(Cc1ccccc1)c1ccccc1C#Cc1ccc(F)cc1)C(F)(F)C(F)(F)C(F)(F)C(F)(F)C(F)(F)C(F)(F)C(F)(F)F,Bruker Alpha-P ATR,373.96442,3997.453,2559,4.0,False,False,Diamant-ATR,confirm
808d7ee2-ebe0-4259-a2f2-70308142db07,500848,44304,KCNZPSQLRZPNOG-UHFFFAOYSA-N,C#CCOC(=O)c1ccc2c(c1)c(C(=O)c1cccc3ccccc13)cn2CCCC,Bruker ALPHA,373.96442,3997.453,2559,4.0,False,False,Diamant-ATR,confirm
80bdd9e5-be11-49ee-b50e-a0f12d5b2d2c,505203,45403,VRUYBCIAEJXORZ-UHFFFAOYSA-N,O=[N+]([O-])c1ccc(S(=O)(=O)C23CC(C2)C3)cc1,IR,373.96442,3997.453,2559,4.0,False,False,Diamant-ATR,confirm
80ddec59-f671-46f2-a5aa-8fafac9ef4af,517405,48190,ZKOJGSACLVCNLK-UHFFFAOYSA-N,CC(C)(C)OC(=O)C1(C)C2CCc3ccccc3C21,"Bruker, model IFS 88",373.96442,3997.453,2559,4.0,False,False,Diamant-ATR,confirm
80e467bc-588d-49f8-a737-4a2cbb280b28,620761,75829,HGMIATOQJCNPOO-UHFFFAOYSA-N,Cc1cc2ncc(Cl)nc2cc1C,Bruker Alpha ATR,373.96442,3997.453,2559,4.0,False,False,Diamant-ATR,confirm
811567d8-7eb7-4e03-a1b9-2f5f742f6656,503702,45043,CQICNQVIXSEEJL-UHFFFAOYSA-N,CCOC(=O)c1ccc(-c2c3nc(c(-c4ccccc4)c4ccc([nH]4)c(-c4ccc(C(=O)OCC)cc4)c4nc(c(-c5ccccc5)c5ccc2[nH]5)C=C4)C=C3)cc1,Bruker ALPHA-T,373.96442,3997.453,2559,4.0,False,False,Diamant-ATR,dev
813564ee-f1bb-4f4e-b58f-cfdfe81f3c8e,499300,43917,NFSRFZGTBBURFC-UHFFFAOYSA-N,CCCCC1(c2cc(O)c3cc(Cc4ccc(N(C)C)cc4)c(=O)oc3c2)CCCCC1,Bruker ALPHA,373.96442,3997.453,2559,4.0,False,False,Diamant-ATR,confirm
814e88fc-d8cd-450f-98b2-bfdb5afcce24,499052,43855,SXXGOOBOAMKLGI-UHFFFAOYSA-N,O=c1c(-c2ccccc2)nc2ccccc2n1CCO,Bruker ALPHA,373.96442,3997.453,2559,4.0,False,False,ATR platinum Diamond 1 Refl,confirm
81892aeb-5b0f-4e36-9ad3-0c3b6bc064a9,499192,43890,GMCHYIIYPFNRQB-ZZJJTSTKSA-N,CC(=O)O[C@@H]1C[C@@H]2CC[C@@H]3[C@H](CC[C@]4(C)[C@@H](OCc5ccccc5)CC[C@@H]34)[C@@]2(C)C[C@@H]1O,Bruker ALPHA,373.96442,3997.453,2559,4.0,False,False,Diamant-ATR,dev
81cc2b95-9fea-40e0-8f6a-dbaf6faf5bf4,511597,47013,OOXACMCOHFJPIU-HSYIEQSWSA-N,C1=C/C2=C(\c3ccccc3)c3ccc4[n]3[Fe]3[O][Fe]5[n]6c7cc(c6/C(c6ccccc6)=C6/C=CC(=N6)/C(c6ccccc6)=c6/cc/c([n]65)=C(\c5ccccc5)C5=N/C(=C\7c6ccccc6)C=C5)-c5ccccc5/C(=c5\cc/c([n]53)=C(\c3ccccc3)C1=N2)C1=N/C(=C\4c2ccccc2)C=C1,IR,373.96442,3997.453,2559,4.0,False,True,Diamant-ATR,confirm
81d9e86b-bf94-472b-b19e-85c796e218e7,628983,77488,LCXUHIRWDWPRKN-UHFFFAOYSA-N,O=CNc1cc2ccc1CCc1ccc(cc1)CC2,Bruker Alpha ATR,373.96442,3997.453,2559,4.0,False,False,Diamant ATR,confirm
81da830c-d3eb-4d81-8165-c2b33d3a05a2,551640,55520,POVDWLXJRBXEJQ-OEQAEZTDSA-N,CC1=CC[C@H]2C(=O)c3ccccc3C(=O)[C@@]2(C(=O)c2ccccc2I)[C@@H]1O[Si](C)(C)C(C)(C)C,Bruker Alpha,373.96442,3997.453,2559,4.0,False,False,Diamant-ATR,confirm
81e9d2a2-ffad-49f5-bb89-9e610d95eb35,502048,44604,ZFECCYLNALETDE-ZETCQYMHSA-N,C[C@H](O)CN(CCO)CCO,Bruker ALPHA,373.96442,3997.453,2559,4.0,False,False,ATR platinum Diamond 1 Refl,confirm
81f70dce-22d4-404a-a39c-23edfada25aa,513177,47314,MSPGILFMXBRFOP-UHFFFAOYSA-N,CC(C)(C)c1nnc(-c2c(-n3c4ccccc4c4ccccc43)c(-c3nnc(C(C)(C)C)o3)c(-n3c4ccccc4c4ccccc43)c(-n3c4ccccc4c4ccccc43)c2-n2c3ccccc3c3ccccc32)o1,"Bruker, IFS 88",399.03993,3996.5701,1750,4.0,False,False,Instrument type and / or accessory,confirm
82029cf3-e199-4696-8da0-1dc93201bd3f,696502,88223,IJFMWHWXEBUOKR-UHFFFAOYSA-N,BrCCOCCOCCOCCBr,FTIR Bruker IFS 88,373.96442,3997.453,2559,4.0,False,False,Diamant-ATR,confirm
822eaf77-f3e8-47a5-b352-5aca4501073a,507247,45932,MRUUCJCNLWIXRL-UHFFFAOYSA-N,c1cc(SC23CC(C2)C3)ccc1SC12CC(C1)C2,Bruker Alpha ATR,373.96442,3997.453,2559,4.0,False,False,Diamant-ATR,confirm
82741cc5-f4a1-4cd0-9f64-8778982a71c8,500704,44268,UBWZLOPDHGEVCS-UHFFFAOYSA-N,CCCc1cc2c(C)c(OC)c(C)c(C)c2oc1=O,Bruker ALPHA,373.96442,3997.453,2559,4.0,False,False,Diamant-ATR,confirm
8292d33b-df99-4c46-88c2-7c37b833bbfc,499208,43894,INVKHBRFFCQICU-VIFPVBQESA-N,CC(C)(C)OC(=O)[C@@H]1CCC(=O)N1C(=O)OC(C)(C)C,Bruker ALPHA,373.96442,3997.453,2559,4.0,False,False,Diamant-ATR,confirm
82a813e1-475e-4b9a-a997-df42c1ff8a1f,499644,44003,OFIDCYOQRMMGDU-LPCLAJPDSA-N,C=CC(=O)N1[C@H](C(=O)OC)C[C@H](C(=O)N2[C@@H](C(=O)OC)C[C@@H](C(=O)N3[C@H](C(=O)OC)C[C@H](C(=O)O[C@@H]4C[C@H](C)CC[C@H]4C(C)C)[C@@H]3c3ccc(F)cc3)[C@H]2c2ccc(Cl)cc2)[C@@H]1c1ccc(Br)cc1,Bruker ALPHA,373.96442,3997.453,2559,4.0,False,False,Diamant-ATR,confirm
82b40129-338c-4d9f-8d82-70e6484be9e8,617035,75095,GCEOBMQOSMEWSN-UHFFFAOYSA-N,COc1ccc(C2SCCS2)cc1OC,Bruker Alpha-P ATR,373.96442,3997.453,2559,4.0,False,False,Diamant-ATR,confirm
82d41a98-d301-4758-9cb7-771d357c48ff,537183,52334,YULOXMPEGRBBMW-UHFFFAOYSA-N,CCOC(=O)c1ccc(-c2c3nc(c(-c4ccc(N(c5ccccc5)c5ccccc5)cc4)c4ccc([nH]4)c(-c4ccc(C(=O)OCC)cc4)c4nc(c(-c5ccc(N(c6ccccc6)c6ccccc6)cc5)c5ccc2[nH]5)C=C4)C=C3)cc1,Bruker ALPHA-T,373.96442,3997.453,2559,4.0,False,False,Diamant-ATR,confirm
82d47105-a760-446d-8690-3978905387a6,514640,47644,JFDRLDCIZJRMON-UHFFFAOYSA-N,Oc1ccc(-c2nc3cc(C(F)(F)F)ccc3s2)cc1,Bruker Alpha ATR,373.96442,3997.453,2559,,False,False,,confirm
82e824ea-7c30-4222-8efe-75d20f0dee73,502268,44659,WISFGQOOKBVKPD-BXPSCVRSSA-N,O=C(OCC1O[C@H](Br)C(OC(=O)c2ccccc2)[C@@H](OC(=O)c2ccccc2)[C@@H]1OC(=O)c1ccccc1)c1ccccc1,Bruker ALPHA,399.65625,3996.5625,1765,4.0,False,False,Instrument type and / or accessory,confirm
82ead760-b4e9-44c6-8871-559109ea3fe5,505251,45411,OBIPJSIYLRCGJR-UHFFFAOYSA-N,O=[N+]([O-])c1ccc(O)cc1S(=O)(=O)C12CC(C1)C2,IR,373.96442,3997.453,2559,4.0,False,False,Diamant-ATR,confirm
82f0b86a-44b4-45e6-8424-4968fd966d50,500360,44182,LRJZQXJFWRQCQH-UHFFFAOYSA-N,CC1C2CCC(C(=O)C2)C12SCCS2,Bruker ALPHA,373.96442,3997.453,2559,4.0,False,False,Diamant-ATR,confirm
83371039-52f7-46c3-ba57-ca7ceedf5a49,499128,43874,LZUGJDPWQMQPIC-UXBLZVDNSA-N,COC(=O)/C=C/CC(Nc1ccccc1)C(=O)OC,Bruker ALPHA,373.96442,3997.453,2559,4.0,False,False,Diamant-ATR,confirm
8372e018-0a4f-4c04-88c7-7255cbd4c143,505055,45370,XVYUYMKGDFPRBJ-UHFFFAOYSA-N,COC(=O)CCSC12CC(C1)C2,IR,373.96442,3997.453,2559,4.0,False,False,Diamant-ATR,confirm
8377281c-74e9-4ec0-897c-a71b30b45058,614200,74370,BMIQCMMQLWBYIU-UHFFFAOYSA-N,CC(=O)c1cc2ccc1CCc1ccc(cc1)CC2,Bruker Alpha ATR,373.96442,3997.453,2559,4.0,False,False,Diamant-ATR,confirm
839b4698-0d8d-4523-a7fb-3d021846b3d1,499484,43963,IPGDLMMCGKQFTB-UHFFFAOYSA-N,C(#Cc1ccccn1)c1cccc(C#Cc2ccccn2)c1,Bruker ALPHA,373.96442,3997.453,2559,4.0,False,False,Diamant-ATR,dev
83be5ca7-6271-4b5b-a956-236e00b2441a,501364,44433,BXDYDVGOFSTUIY-UHFFFAOYSA-N,O=C(Cc1cn(Cc2ccccc2)c2ccccc12)Nc1ccccc1,Bruker ALPHA,373.96442,3997.453,2559,4.0,False,False,ATR platinum Diamond 1 Refl,confirm
840bd385-b53e-483e-b288-2c5b29d49712,511638,47024,AIOYFZDBUIGAAQ-JTMXJKBNSA-N,C1=C/C2=C(\c3ccccc3)c3cc(-c4ccccc4/C4=c5\cc/c6[n]5[Ni][n]5c(ccc5/C(c5ccccc5)=C5/C=CC4=N5)/C(c4ccccc4)=C4/C=CC(=N4)\C=6c4ccccc4)c4[n]3[Ni][n]3/c(cc/c3=C(\c3ccccc3)C3=N/C(=C\4c4ccccc4)C=C3)=C(/c3ccccc3)C1=N2,IR,373.96442,3997.453,2559,4.0,False,True,Diamant-ATR,confirm
843e3f02-ccd8-4e14-b007-8ce8bb8b2b24,502036,44601,SLODIKZFXFILEX-PYNNRZRQSA-N,C[C@]12CCC(=O)C[C@@H]1CC[C@@H]1[C@@H]2CC[C@@]2(C)[C@H]1CCC21OCCO1,Bruker ALPHA,373.96442,3997.453,2559,4.0,False,False,ATR platinum Diamond 1 Refl,confirm
84613911-c83a-41e3-9b8b-6de2f8af66cd,501756,44531,NUYGANKLLGXREF-UHFFFAOYSA-N,COc1ccc(Cc2cc3c(OC)cc(OC)cc3oc2=O)cc1,Bruker ALPHA,373.96442,3997.453,2559,4.0,False,False,ATR platinum Diamond 1 Refl,confirm
84640981-4723-4d17-bfbe-4e9e907cdfd8,20409,2575,HFAYQHIHIBTMBI-UHFFFAOYSA-N,CC(=O)Nc1cc(C)cc(C)c1,Bruker IFS 88,373.96442,3997.453,2559,4.0,False,False,Diamant-ATR,confirm
84819e5a-78ef-4ba3-8d14-d435b542e879,604782,71796,JOUIWYGSYUKEJS-UHFFFAOYSA-N,CCCCCCCCOc1nc2ccccc2nc1C,Bruker Alpha ATR,373.96442,3997.453,2559,4.0,False,False,Diamant-ATR,dev
8497a4ca-f03e-4482-bf1c-925efdc1ecb7,658996,84160,JVYNUFUQTOHCQS-UHFFFAOYSA-N,CC1=C(C#Cc2c(Cl)cc(O)cc2Cl)CCCC1=O,Bruker Alpha,373.96442,3997.453,2559,4.0,False,False,Diamant-ATR,confirm
84d041e2-1e2c-48f7-ad20-4fa029be6362,500316,44171,VCHHHSMPMLNVGS-UHFFFAOYSA-N,CCCCn1cc(C(=O)c2cccc3ccccc23)c2ccccc21,Bruker ALPHA,373.96442,3997.453,2559,4.0,False,False,Diamant-ATR,confirm
84ddaf2d-0710-454a-88db-e643fe221265,499204,43893,DPWJWFIZCPGANH-MSQJTAOTSA-N,CC(C)(C)OC(=O)N1c2ccccc2[C@]2([Se]c3ccccc3)C[C@@H](C(=O)OCc3ccccc3)N(C(=O)OCc3ccccc3)[C@H]12,Bruker ALPHA,373.96442,3997.453,2559,4.0,False,True,Diamant-ATR,confirm
84f74408-f686-4004-b0a2-33e7d5b3a3b7,514400,47581,FYOMFFHHDXMMIU-UHFFFAOYSA-N,CN(C)c1ccc(-c2nc3cc(C(F)(F)F)ccc3s2)cc1,Bruker Alpha,373.82813,3997.4121,2560,4.0,False,False,ATR platinum Diamond 1 Refl,confirm
850104d1-ab70-4b3d-868c-29a95450d48e,525710,49955,DDDGAOSOFSLELM-UHFFFAOYSA-N,Cc1ccc(P(c2ccc(C)cc2)c2cc(C)ccn2)cc1,IR,373.96442,3997.453,2559,4.0,False,False,ATR platinum Diamond 1 Refl,confirm
852afc58-62a3-4717-84e4-a9ed23f1cc5f,502168,44634,ZEPRFTSMCIGBNA-UHFFFAOYSA-N,CCOc1cc(OC)c2cc(CC)c(=O)oc2c1,Bruker ALPHA,399.65625,3996.5625,1765,4.0,False,False,Instrument type and / or accessory,confirm
856917e8-8a5b-4d72-bcfc-da369453696d,537135,52322,KEFPVMXSHBFAEK-UHFFFAOYSA-N,CCOC(=O)c1ccc(-c2c3nc(c(-c4ccncc4)c4ccc([nH]4)c(-c4ccc(C(=O)OCC)cc4)c4nc(c(-c5ccncc5)c5ccc2[nH]5)C=C4)C=C3)cc1,Bruker ALPHA-T,373.96442,3997.453,2559,4.0,False,False,Diamant-ATR,dev
857c6aa9-7e10-422e-be56-6a36f2d41716,569606,60482,CAFYIOYXMUILEU-UHFFFAOYSA-N,CC(=O)c1ccc(C(c2ccc(C(C)=O)cc2)(c2ccc(C(C)=O)cc2)c2ccc(C(C)=O)cc2)cc1,Bruker Alpha ATR,373.96442,3997.453,2559,4.0,False,False,Diamant-ATR,dev
85a72c8b-a560-4918-a43a-0bac7105c66e,557348,56688,YRFAHHUWIPJDBV-UHFFFAOYSA-N,CCCCC#Cc1ccccc1NC,Bruker Alpha-P ATR,373.96442,3997.453,2559,4.0,False,False,Diamant-ATR,dev
85dfc0b2-9668-49bf-9711-a70bb4c53f92,499224,43898,WWTULTKUWBKVGV-UHFFFAOYSA-M,COC(=O)CC(=O)[O][K],Bruker ALPHA,373.96442,3997.453,2559,4.0,False,True,Diamant-ATR,dev
85efc955-9f9f-4214-b858-286859e40f1e,629878,77642,LRPMRIMIWRGLKI-UHFFFAOYSA-N,COCOc1cc(C(C)C)c(Cl)cc1C,Bruker Alpha,373.96442,3997.453,2559,4.0,False,False,Diamant ATR,confirm
861ad8af-66fc-4481-8ba6-d38f21425028,500748,44279,WQINIDWRLXNROW-UHFFFAOYSA-N,Cc1cc2c(C)ccc(C)c2oc1=O,Bruker ALPHA,373.96442,3997.453,2559,4.0,False,False,Diamant-ATR,confirm
862f6c5f-358e-4ca7-8780-6bdb35a77968,557780,56774,OPJIUORDWAXUPI-VHEBQXMUSA-N,CC(C)N(/N=N/c1c(C#N)cnn1C1CCCC1)C(C)C,Bruker ALPHA,373.96442,3997.453,2559,4.0,False,False,Diamant-ATR,confirm
86388366-9b0e-4f16-8861-e215203542a5,499956,44081,CDQFXAYXZSDNAW-UHFFFAOYSA-N,COc1cc(OC)cc(C(=O)N(C)OC)c1,Bruker ALPHA,373.96442,3997.453,2559,4.0,False,False,Diamant-ATR,confirm
864450fd-23e9-4482-8f6b-08077df07873,523149,49510,QWNCDHYYJATYOG-UHFFFAOYSA-N,c1ccc(-c2cnc3ccccc3n2)cc1,Bruker Alpha ATR,373.96442,3997.453,2559,4.0,False,False,Diamant-ATR,confirm
865fc407-abf2-4625-b032-6af462c785da,495172,42883,QTMOJOFFVQKIIZ-UHFFFAOYSA-N,BrC(Br)=Cc1cc2ccc1CCc1ccc(cc1)CC2,Bruker Alpha,373.96442,3997.453,2559,,False,False,,confirm
869384fb-00a2-4eba-9f71-4d7916acef73,627553,77224,MYNWXOBDAHAYHJ-UHFFFAOYSA-N,CC(C)(C)Nc1c(-c2cc3ccc2CCc2ccc(cc2)CC3)nc2ccccn12,Bruker Alpha ATR,373.96442,3997.453,2559,4.0,False,False,Diamant-ATR,confirm
86ae1af3-44be-4a1e-a26e-f681faa788ad,628297,77387,MIIFHRBUBUHJMC-UHFFFAOYSA-N,CCOC(=O)c1nc2ccccc2nc1O,Bruker Alpha ATR,373.96442,3997.453,2559,4.0,False,False,Diamant-ATR,confirm
86c4733b-8126-456c-80fb-f6acadb900fc,645858,81121,ABTZHDQWMUXIFW-UHFFFAOYSA-N,Nc1nc2ccccc2nc1-c1ccccc1,Bruker Alpha ATR,373.96442,3997.453,2559,4.0,False,False,Diamant-ATR,confirm
87087d96-d48d-4502-bc9b-ff40499f3003,500416,44196,YEXSQZVKKLPKME-UHFFFAOYSA-N,OC(C1=CCCC=CCC1)c1ccccc1,Bruker ALPHA,373.96442,3997.453,2559,4.0,False,False,Diamant-ATR,confirm
872ce76d-c855-4597-9aab-94a2143e2290,502016,44596,ZRWWUXPKUJWJNV-UHFFFAOYSA-N,O=c1[nH]c2ccccc2nc1Cn1cc(O)nn1,Bruker ALPHA,373.96442,3997.453,2559,4.0,False,False,ATR platinum Diamond 1 Refl,confirm
8753fd0d-16b7-4857-afb2-34a8b225eaca,656370,83631,SFYOEOMJOCGUAE-UHFFFAOYSA-N,CC(C)(C)Nc1nc2c(nc3ccccn32)c2ccccc12,Bruker Alpha ATR,373.96442,3997.453,2559,4.0,False,False,Diamant-ATR,confirm
87822cbb-ee52-409d-ba7f-d81c1d72051e,525387,49896,NZOBKJXHRITAJF-UHFFFAOYSA-N,CCCCCCc1cc2c(C)ccc(C)c2oc1=O,Bruker Alpha ATR,373.82813,3997.4121,2560,4.0,False,False,Diamant ATR,confirm
879a85f6-d922-4c7b-9c5c-e3733f6f037f,501524,44473,ZTXJEKUSJCAIBH-AJHHPMMLSA-N,CC[C@H](/C=C/[C@@H](C)[C@H]1CC[C@H]2[C@@H]3CC=C4C[C@@H](OS(=O)(=O)c5ccc(C)cc5)CC[C@]4(C)[C@H]3CC[C@]12C)C(C)C,Bruker ALPHA,373.96442,3997.453,2559,4.0,False,False,ATR platinum Diamond 1 Refl,confirm
879b663f-eece-4299-9cce-493e62ca719f,617469,75201,NHKTUSUPCAKVHT-UHFFFAOYSA-L,O.O.[Cl][Ru][Cl].c1ccc(-c2ccccn2)nc1.c1ccc(-c2ccccn2)nc1,Bruker Alpha ATR,373.96442,3997.453,2559,4.0,True,True,Diamant-ATR,confirm
879cde38-0931-435f-823c-5e33a18fe72d,501604,44493,AGYPLZHKXMPAFZ-UHFFFAOYSA-N,N#Cc1c(-n2c3ccccc3c3ccccc32)c(-c2nnc(C(c3ccccc3)c3ccccc3)o2)c(-n2c3ccccc3c3ccccc32)c(-n2c3ccccc3c3ccccc32)c1-n1c2ccccc2c2ccccc21,Bruker ALPHA,373.96442,3997.453,2559,4.0,False,False,ATR platinum Diamond 1 Refl,confirm
87cff37e-0fc4-4bfe-9563-107d79fb7bec,501572,44485,VRXQUHMZEDUONI-UHFFFAOYSA-N,Cc1ccc(Cn2cc(CC(=O)Nc3ccc(C(F)(F)F)cc3)c3ccccc32)cc1,Bruker ALPHA,373.96442,3997.453,2559,4.0,False,False,ATR platinum Diamond 1 Refl,confirm
87d101dd-feb9-4370-a082-089243ae5411,504172,45148,NYCQKGNYRLKILL-UHFFFAOYSA-N,CC(=O)c1ccc(-c2cc3ccc2CCc2ccc(cc2)CC3)cc1,Bruker IFS88,373.96442,3997.453,2559,4.0,False,False,Diamant-ATR,confirm
87de1fd7-6b69-43ba-bff5-bb9c8b421ee9,658773,84104,PUPMHNBPAODUTD-UHFFFAOYSA-L,CN(C)C(=NC1CCCc2cccnc21)N(C)C.[Cl][Zn][Cl],Shimadzu IRTracer 100,249.7859,4000.433,3890,,True,True,,confirm
87f4fb28-b91d-4841-8ebf-2183a2b0da26,574021,61782,YXMVWWBHCIQHMH-UHFFFAOYSA-N,CC(ON1C(C)(C)CCCC1(C)C)c1ccc(-c2ccc(C(C)ON3C(C)(C)CCCC3(C)C)cc2)cc1,Bruker Alpha ATR,373.96442,3997.453,2559,4.0,False,False,Diamant-ATR,confirm
88167ed7-d4fc-4f55-9228-387e921b949b,553948,55725,ZRCLCIFZBTWNCX-FYWRMAATSA-N,CC(C)N(/N=N/c1nn(C)cc1C#N)C(C)C,Bruker ALPHA,373.96442,3997.453,2559,4.0,False,False,Diamant-ATR,confirm
8852596f-5dd0-4f66-837c-3b54be90a743,550448,55262,WPGXNUFGNKCCCZ-OWAUWMPXSA-N,CC1=CC[C@H]2C(=O)c3ccccc3C(=O)[C@@]2(C(=O)c2ccccc2I)[C@@H]1O[Si](C)(C)C,Bruker Alpha,373.96442,3997.453,2559,4.0,False,False,Diamant ATR,confirm
887bc63a-b71b-4df3-830a-ebd0639c54f1,630159,77695,MPLVWOQSFNIWDU-UHFFFAOYSA-N,[N-]=[N+]=Nc1ccn(Cc2ccc(Br)cc2)n1,Bruker Alpha,373.96442,3997.453,2559,4.0,False,False,Diamant-ATR,confirm
887ecfe0-1414-49a5-8c42-9a47ec073e94,3264,1003,OOAHFQSFRFSXOJ-FOCLMDBBSA-N,Cc1c(Cl)cccc1/N=N/C(I)=C1SCCCS1,,373.82813,3997.4121,2560,4.0,False,False,ATR platinum Diamond 1 Refl,dev
892b2f09-5045-41da-bf6d-5be03d560c5d,500152,44130,IHWNLGXQAWTEIK-UHFFFAOYSA-N,CCCCCCc1cc2c(C)c(OC)c(C)c(C)c2oc1=O,Bruker ALPHA,373.96442,3997.453,2559,4.0,False,False,Diamant-ATR,confirm
89381343-5d57-4bd6-93e1-732f7da5e70b,632688,78192,GNQNEWXHZQXHCS-UHFFFAOYSA-N,CC(=O)OCC#Cc1ccccc1N,Bruker Alpha-P ATR,373.96442,3997.453,2559,4.0,False,False,Diamant-ATR,confirm
895e38c5-5579-455e-9fb8-ed2b1b9c4af7,501348,44429,BOBLELJIWOCLNF-UHFFFAOYSA-N,C#CCOc1ccc2c(c1)c(C(C)=O)cn2CCCC,Bruker ALPHA,373.96442,3997.453,2559,4.0,False,False,ATR platinum Diamond 1 Refl,confirm
899d28c2-40f2-401a-a3f8-f2fd958951d7,499668,44009,PPOVERCSHTXLIP-UHFFFAOYSA-N,CCC[CH2][Sn]([CH2]CCC)([CH2]CCC)[c]1ccc2ccncc2c1,Bruker ALPHA,373.96442,3997.453,2559,4.0,False,True,Diamant-ATR,confirm
89b89397-2fa9-4b54-9a1e-6ae94bdd43de,501488,44464,SYKVZYPZQCZDSU-UHFFFAOYSA-N,CCOC(=O)c1ccc(C(c2ccc[nH]2)c2ccc[nH]2)cc1,Bruker ALPHA,373.96442,3997.453,2559,4.0,False,False,ATR platinum Diamond 1 Refl,dev
89d90fe4-dadb-4649-bb49-3fec9c50e57d,565685,59226,VJPZDHHSRNEGKG-UHFFFAOYSA-N,CC(C)C(O)c1ccc(-c2ccccc2)cc1,Bruker Alpha ATR,373.96442,3997.453,2559,4.0,False,False,Diamant-ATR,confirm
89e99d51-79a8-48c7-9883-e23367eaa70a,517567,48220,ABJFBJGGLJVMAQ-UHFFFAOYSA-N,O=c1[nH]c2ccccc2[nH]c1=O,Bruker Alpha ATR,373.96442,3997.453,2559,4.0,False,False,Diamant-ATR,dev
8a69f323-3ed3-44cc-b8e1-1c74c3135120,631751,77998,RMPIGMRSWDIOMP-UHFFFAOYSA-N,COP(=O)(OC)c1ccc(-c2ccc(Br)cc2)cc1,Bruker Alpha ATR,373.96442,3997.453,2559,4.0,False,False,Diamant ATR,confirm
8ae83efc-1bea-4244-a48c-ffa2a6507f72,528195,50335,OHHQMUAHXRNAFQ-UHFFFAOYSA-N,O=Cc1nc2ccccc2nc1-c1ccccc1,Bruker Alpha ATR,373.96442,3997.453,2559,4.0,False,False,Diamant-ATR,confirm
8b0d6ff1-976c-45fb-a5ba-0e2342fab2ad,531136,50942,YREQDOIZJYONFU-UHFFFAOYSA-N,O=C(C1=CC(=O)c2ccccc2C1=O)c1cc(NC(=O)C(F)(F)F)ccc1Br,BRUKER Alpha P,373.96442,3997.453,2559,4.0,False,False,Diamant-ATR,confirm
8b478056-2449-4cec-a069-d2330dc0321d,500192,44140,WZYHOEVLBOZKEH-UHFFFAOYSA-N,[N-]=[N+]=Nc1ccc(-c2c3nc(c(-c4ccc(C(=O)O)cc4)c4ccc([nH]4)c(-c4ccc(N=[N+]=[N-])cc4)c4nc(c(-c5ccc(C(=O)O)cc5)c5ccc2[nH]5)C=C4)C=C3)cc1.[N-]=[NH2+].[N-]=[NH2+],Bruker ALPHA,373.96442,3997.453,2559,4.0,True,False,Diamant-ATR,confirm
8b5cd8f8-0d5c-4258-a231-e074abf641cf,629615,77600,JLPPEHSZLKOOOV-UHFFFAOYSA-N,CCOC(=O)c1sc(-c2cccc(-c3nc(OCC)c(C(=O)OCC)s3)c2)nc1OCC,Jasco FT/IR 6300,649.8934,4000.6047,3476,,False,False,,confirm
8be601c4-1fd4-4294-8b84-7c177cd79306,499036,43851,NMZSXNOCNJMJQT-UHFFFAOYSA-N,CCN(CC)c1ccc2c(CO)cc(=O)oc2c1,Bruker ALPHA,373.96442,3997.453,2559,4.0,False,False,Diamant-ATR,dev
8c0d556b-864b-4d28-9a5f-598d7f037719,579141,63293,VSWKZJYVJRAEPL-UHFFFAOYSA-N,O=P(c1ccccc1)(c1ccccc1)c1cc2ccc1CCc1ccc(cc1-c1ccc(-c3ccccn3)cc1)CC2,"Bruker, model IFS 88",373.96442,3997.453,2559,4.0,False,False,Diamant-ATR,dev
8c13b9c8-cd64-4c8c-b838-0e1b37345cd5,499904,44068,WSVJCWUIVRGDDW-UHFFFAOYSA-N,OC(C1=CCCC=CCC1)c1ccccn1,Bruker ALPHA,373.96442,3997.453,2559,4.0,False,False,Diamant-ATR,confirm
8c4817af-772d-48d9-8cc2-b6bc199439dc,649282,82014,VFAKAUXMZMPQDS-UHFFFAOYSA-M,COC(=O)c1cc(C)c(-n2c[n+](-c3c(C)cc(C(=O)OC)cc3C)c3c4ccccc4c4ccccc4c32)c(C)c1.[Cl-],Bruker Alpha ATR,373.96442,3997.453,2559,4.0,True,False,Diamant-ATR,confirm
8c60cbcc-d34a-4485-ab02-610eb4b2677c,696421,92685,WDWZTSXQVCSPCV-UHFFFAOYSA-N,O=C(c1ccc([N+](=O)[O-])cc1)N(Cc1ccccc1)c1ccccc1C#Cc1ccccc1,Bruker Alpha-P ATR,373.96442,3997.453,2559,4.0,False,False,Diamant-ATR,dev
8c875d17-4604-4b64-a5da-6f2c38441869,555679,56296,WSLMOORTNOTZCO-UHFFFAOYSA-N,CNc1ccccc1I,Bruker Alpha-P ATR,373.96442,3997.453,2559,4.0,False,False,Diamant-ATR,confirm
8ca2307b-32dd-4c6d-8c46-83dcfbfa2512,659707,84303,MIGIZIASSXHPSE-UHFFFAOYSA-N,CCCCC(=O)Nc1ccccc1C#Cc1ccccc1,Bruker Alpha-P ATR,373.96442,3997.453,2559,4.0,False,False,Diamant-ATR,confirm
8cb33161-ba75-49aa-bb03-32f98c8afdce,593453,68366,VXSAZKPHEZACHZ-XTQSDGFTSA-N,CC(=O)NCc1cn(Cc2ccccc2)nc1/N=N/N(C(C)C)C(C)C,Bruker ALPHA,373.96442,3997.453,2559,4.0,False,False,Diamant-ATR,dev
8cdba747-a634-4f94-91bb-fb4a0ddf105e,501236,44401,IECVTZNNDJQHMF-UHFFFAOYSA-N,CC(O)CC(C)C(=C1SCCS1)c1ccccc1,Bruker ALPHA,373.96442,3997.453,2559,4.0,False,False,ATR platinum Diamond 1 Refl,dev
8cfc617e-3e81-4b3c-adf5-8fa9cd23eeeb,615259,74622,FSJHWJVEYJIYBP-UHFFFAOYSA-N,CCOC(=O)c1c[nH]nc1N=[N+]=[N-],Bruker Alpha,373.96442,3997.453,2559,4.0,False,False,Diamant-ATR,dev
8d04484c-d154-4556-951b-925786217a49,529412,50579,ZTNYOEVVFZJZRL-UHFFFAOYSA-N,CCCCCCCCOc1nc2ccccc2nc1N,Bruker Alpha ATR,373.96442,3997.453,2559,4.0,False,False,Diamant-ATR,dev
8d13f0b2-2dbd-40d4-b0af-aa86c4d4587d,502468,44709,AWNKBYRQVUJHIK-SPQHLZQPSA-N,COC(=O)[C@@H]1C[C@H](C(=O)N2[C@@H](C(=O)OC(C)(C)C)C[C@@H](C(=O)N3[C@H](C(=O)OC)C[C@H](C(=O)O[C@@H]4C[C@H](C)CC[C@H]4C(C)C)[C@@H]3c3ccccc3)[C@H]2c2ccccc2)[C@H](c2ccccc2)N1,Bruker ALPHA,373.96442,3997.453,2559,4.0,False,False,Diamant-ATR,confirm
8d23a28b-6640-44ce-a39e-98305ca9c792,505117,45383,RVNSQRXMMHSAAA-UHFFFAOYSA-N,O=S(=O)(c1ccc2ccccc2n1)C12CC(C1)C2,IR,373.96442,3997.453,2559,4.0,False,False,Diamant-ATR,confirm
8d463cba-6bd8-4167-84b9-8ffbc6619d6f,639186,79551,FYZDDQVKLMATTE-UHFFFAOYSA-N,COC(=O)c1ccc2cccc(N=C(N(C)C)N(C)C)c2n1,SHIMADZU IRTRACER-100,249.7859,4000.433,3890,,False,False,,confirm
8d5aa2b0-4c8c-44d8-853f-67e34e1f5f7c,674104,87324,NUEAMEKYUIPKTC-UHFFFAOYSA-N,COC(=O)c1cc2cc(OC)c(N)cc2[nH]1,Jasco FT/IR-460Plus with ATR Diamond Plate,649.8934,4000.1226,6950,,False,False,,confirm
8d70b634-341c-409b-aff8-c8d0d6f056b1,503652,45030,LVGOHACWPDDEKA-UHFFFAOYSA-N,CCOC(=O)c1ccc(-c2c3nc(c(-c4cc(F)c(F)c(F)c4)c4ccc([nH]4)c(-c4ccc(C(=O)OCC)cc4)c4nc(c(-c5cc(F)c(F)c(F)c5)c5ccc2[nH]5)C=C4)C=C3)cc1,Bruker ALPHA-T,373.82813,3997.4121,2560,4.0,False,False,Diamant-ATR,confirm
8dc020ca-893c-4cc9-91da-63d30101e428,501408,44444,PDEKZHFJFSKVGD-UHFFFAOYSA-N,O=Cc1cc2ccc1CCc1ccc(c(Br)c1)CC2,Bruker ALPHA,373.96442,3997.453,2559,4.0,False,False,ATR platinum Diamond 1 Refl,confirm
8dd350aa-30eb-4bb0-b275-ca0b4cbbe62e,536905,52262,PGVKMMQGNCNTHA-ROHNCIHJSA-N,CCOC(=O)c1ccc(-c2c3nc(c(/C=C/c4ccccc4)c4ccc([nH]4)c(-c4ccc(C(=O)OCC)cc4)c4nc(c(/C=C/c5ccccc5)c5ccc2[nH]5)C=C4)C=C3)cc1,Bruker ALPHA-T,373.82813,3997.4121,2560,4.0,False,False,Diamant-ATR,confirm
8de786f9-a998-4513-bffd-4f0be9b177c5,502600,44742,UUTGHMJIZSVFHG-UHFFFAOYSA-N,O=C(c1ccccc1)C1SCCCS1,Bruker ALPHA,399.65625,3996.5625,1765,4.0,False,False,Instrument type and / or accessory,dev
8de7f22c-8007-4421-b402-47f82108bee7,528856,50476,NOFJFBHOKPHILH-UHFFFAOYSA-N,Nc1nc2ccccc2nc1Cl,Bruker Alpha ATR,373.96442,3997.453,2559,4.0,False,False,Diamant-ATR,confirm
8e1f09ac-395e-4348-a835-e4e72da6c1b9,638894,79477,YSUUDYJLPDAESC-UHFFFAOYSA-N,O=[N+]([O-])c1cccc2ccc(C3CCCCC3)nc12,SHIMADZU IRTRACER-100,249.7859,4000.433,3890,,False,False,,confirm
8e56d680-c502-460d-93c5-a15ae0bde64e,500328,44174,JDNLPKCAXICMBW-UHFFFAOYSA-N,CCCCCn1cc(C(=O)c2cccc3ccccc23)c2ccccc21,Bruker ALPHA,373.96442,3997.453,2559,4.0,False,False,Diamant-ATR,confirm
8e68ccf5-a1f9-489e-8c6b-bd977860e18a,500028,44099,JAGRARZQFSNBFR-UHFFFAOYSA-N,CC1(C)OB(c2ccc3c(c2)C=C2C(O)=CCCC2O3)OC1(C)C,Bruker ALPHA,373.96442,3997.453,2559,4.0,False,False,Diamant-ATR,confirm
8e9b3069-ff46-4e9c-957b-bd613030f34f,572642,61463,ZATIMQCHJMIEFF-UHFFFAOYSA-N,CC(O)c1ccc(-c2ccc(-c3ccc(C(C)O)cc3)cc2)cc1,Bruker Alpha ATR,373.96442,3997.453,2559,4.0,False,False,Diamant-ATR,dev
8f23abbe-15a3-4264-8e57-ed33fb553078,501424,44448,OMORBSHREBRXKO-UHFFFAOYSA-N,CCOC(=O)Oc1cccc(C=O)c1,Bruker ALPHA,373.96442,3997.453,2559,4.0,False,False,ATR platinum Diamond 1 Refl,confirm
8f3942ed-b132-4e3b-b1a2-35af29042881,501068,44359,ATGHWZLVTDBQMV-UHFFFAOYSA-N,[N-]=[N+]=Nc1ccc(C(=O)c2cc3ccc2CCc2ccc(c(Br)c2)CC3)cc1,Bruker ALPHA,373.96442,3997.453,2559,4.0,False,False,Diamant-ATR,confirm
8f5911da-0ff2-45e6-9f44-4102140b6848,639280,79577,GCLZBRQZKMRROK-UHFFFAOYSA-N,CN(C)C(=Nc1cccc2ccc(C3CCCCC3)nc12)N(C)C.CN(C)C(=Nc1cccc2ccc(C3CCCCC3)nc12)N(C)C.F[P-](F)(F)(F)(F)F.[Cu+],SHIMADZU IRTRACER-100,249.7859,4000.433,3890,,True,True,,confirm
8f616abc-6656-4092-80ea-41a80b19e4fc,491345,42143,UMLFTCYAQPPZER-UHFFFAOYSA-N,N#Cc1ccc(CBr)cc1,Bruker Alpha ATR,373.82813,3997.4121,2560,4.0,False,False,ATR platinum Diamond 1 Refl,dev
8f6cdc6b-4fde-4126-8ac6-f507d5bf5680,501252,44405,WAQPOQIWCNXVMW-ZYMOGRSISA-N,CC(C)(C)[Si](C)(C)OCC1C[C@@H](O)CN1C(=O)OCc1ccccc1,Bruker ALPHA,373.96442,3997.453,2559,4.0,False,False,ATR platinum Diamond 1 Refl,confirm
8f8f8851-02a6-4ac6-91da-420eb5965bb1,551377,55473,SQYADLIMGXTCAJ-OWHZGTRUSA-N,COc1ccc(Br)c(C(=O)[C@@]23C(=O)c4ccccc4C(=O)[C@@H]2CC=C[C@@H]3O[Si](C)(C)C)c1,Bruker Alpha,373.96442,3997.453,2559,4.0,False,False,Diamant-ATR,confirm
8f995093-774a-4860-85bd-463c229690a3,528462,50396,XSZYBMMYQCYIPC-UHFFFAOYSA-N,Cc1cc(N)c(N)cc1C,Bruker Alpha ATR,373.96442,3997.453,2559,4.0,False,False,Diamant-ATR,confirm
8f9dc73c-ca57-493d-88b1-5aaf06f16042,659759,84313,MHRUBCNKJUDANP-UHFFFAOYSA-N,CCCCC(=O)N(Cc1ccccc1)c1ccccc1C#Cc1ccccc1,Bruker Alpha-P ATR,373.96442,3997.453,2559,4.0,False,False,Diamant-ATR,confirm
8fb355f7-0aae-4e58-a1a9-93d180936b9f,533066,51378,MEBOKUYVJSYXCR-UHFFFAOYSA-N,C#Cc1ccc2c(c1)C(C)(C)N([O])C2(C)C,Bruker Alpha ATR,374.0,3997.453,2559,,False,False,,confirm
8fdf3b02-51af-4f15-9fde-7e07872c2ba3,20554,2588,HOZRMSVNIKYCMB-UHFFFAOYSA-N,COc1ccc(OC)c(NC(C)=O)c1,Bruker IFS 88,373.96442,3997.453,2559,4.0,False,False,Diamant-ATR,confirm
902d2aee-d745-4bdf-b9e3-7d81cd07e004,569687,60502,FZSKUIANBTUIJW-UHFFFAOYSA-N,CC(C)C(=O)c1ccc(-c2ccccc2)cc1,Bruker Alpha ATR,373.96442,3997.453,2559,4.0,False,False,Diamant-ATR,confirm
902ddc61-33e2-4c98-bbd5-1a8735f410c8,632740,78202,JAVCPWWJHCJLJQ-UHFFFAOYSA-N,COc1ccc(C#Cc2ccccc2NC(=O)C(F)(F)C(F)(F)C(F)(F)C(F)(F)C(F)(F)C(F)(F)C(F)(F)F)cc1,Bruker Alpha-P ATR,373.96442,3997.453,2559,4.0,False,False,Diamant-ATR,confirm
9031ddc1-115b-4520-b5c9-42d039aab1b2,525453,49910,CMIRTBGZCFHKOS-UHFFFAOYSA-N,CCc1cc2c(C)c(O)c(C)c(C)c2oc1=O,Bruker Alpha ATR,373.96442,3997.453,2559,4.0,False,False,Diamant ATR,confirm
9051f6af-8d57-4034-87f4-56fac42ae86d,500268,44159,XPXCZGBVVKECTO-UHFFFAOYSA-N,CCCCCn1nc(NC(=O)C23CC4CC(CC(C4)C2)C3)c2cccc(C(F)(F)F)c21,Bruker ALPHA,373.96442,3997.453,2559,4.0,False,False,Diamant-ATR,confirm
9073be85-a777-4052-a307-8e804340e220,511266,46931,XSSRUEVVUKKETO-CYKJDXMYSA-N,C1=C/C2=C(\c3ccccc3)c3ccc4[n]3[Pd][n]3/c(cc/c3=C(\c3ccccc3)C3=N/C(=C\4c4ccccc4/C4=c5\cc/c6[n]5[Pd][n]5c(ccc5/C(c5ccccc5)=C5/C=CC4=N5)/C(c4ccccc4)=C4/C=CC(=N4)\C=6c4ccccc4)C=C3)=C(/c3ccccc3)C1=N2,IR,373.96442,3997.453,2559,4.0,False,True,Diamant-ATR,dev
9081f57d-4d64-4fc6-9619-285a434023c2,632821,78217,DIDKXVVGRDFZNL-UHFFFAOYSA-N,O=C(Nc1ccccc1C#Cc1ccccc1)C(F)(F)C(F)(F)C(F)(F)C(F)(F)C(F)(F)C(F)(F)C(F)(F)F,Bruker Alpha-P ATR,373.96442,3997.453,2559,4.0,False,False,Diamant-ATR,dev
90a20373-c5b3-44dd-8bba-96d876417ed7,492097,42310,GCSMQZIBGLQVLL-UHFFFAOYSA-N,CC1=Nc2ccc(I)cc2C1(C)C,Bruker Alpha ATR,373.96442,3997.453,2559,4.0,False,False,Diamant-ATR,dev
90b39153-7bbe-4689-a78f-d4c0255b0b24,499164,43883,DBTZRQCQDGEBTC-UHFFFAOYSA-N,CC(C)(C)OC(=O)N1CCC(c2nc(CS(=O)(=O)c3nc4ccccc4s3)cs2)CC1,Bruker ALPHA,373.96442,3997.453,2559,4.0,False,False,Diamant-ATR,confirm
90c6c8fe-e5de-4c2c-8ea0-87e853bf3abb,621773,76034,DHWXSONNLZCPDN-UHFFFAOYSA-N,COC(=O)c1c(N=[N+]=[N-])c(C(=O)OC)c(N=[N+]=[N-])c(C(=O)OC)c1N=[N+]=[N-],Bruker Alpha ATR,373.96442,3997.453,2559,4.0,False,False,Diamant-ATR,dev
90e7e38e-26ad-4a12-aa6c-1f4740cd61a2,530409,50780,QHCWJHQEBKERCS-UHFFFAOYSA-N,Cc1nc2ccccc2nc1CBr,Bruker Alpha ATR,373.96442,3997.453,2559,4.0,False,False,Diamant-ATR,confirm
90f95715-28c1-437a-8efa-944053edc13e,499408,43944,XJMYZMQHGWLNBW-UHFFFAOYSA-N,COC(=O)C(CCCC(C)=O)C(C)=O,Bruker ALPHA,373.96442,3997.453,2559,4.0,False,False,Diamant-ATR,dev
90fda510-0c3f-4e22-8dd2-6e273bd5c7b9,508187,46146,OEOPVJYUCSQVMJ-UHFFFAOYSA-N,Cc1ccc2nc(-c3ccc(N(C)C)cc3)sc2c1,BRUKER ALPHA,373.82813,3997.4121,2560,4.0,False,False,ATR platinum Diamond 1 Refl,confirm
9165b24b-267c-4902-a9c9-bd0fc4e24265,500444,44203,AYFGPSXYMIIQDP-UHFFFAOYSA-N,CCCCn1nc2c(C(F)(F)F)cccc2c1NC(=O)C(C)(C)C,Bruker ALPHA,373.96442,3997.453,2559,4.0,False,False,Diamant-ATR,dev
9167c429-255c-4051-80cc-a38867a26e26,495112,42869,QHKTTYODSLFKBO-UHFFFAOYSA-N,Fc1ccc(-n2nncc2-c2cc3ccc2CCc2ccc(cc2)CC3)cc1,Bruker Alpha,373.96442,3997.453,2559,,False,False,,confirm
916e935e-f601-43bd-a3f9-b4a88e313cac,500380,44187,XPVNJWFRESHULB-UHFFFAOYSA-N,CCCCCn1nc(NC(=O)Cc2ccccc2)c2cccc(C(F)(F)F)c21,Bruker ALPHA,373.96442,3997.453,2559,4.0,False,False,Diamant-ATR,confirm
91853caa-5489-4bcf-811d-92a0e9119bb7,491250,42118,PINRSYZIAIUFQE-UHFFFAOYSA-N,c1ccc(-c2ccccc2SC23CC(Sc4ccccc4-c4ccccc4)(C2)C3)cc1,Bruker Alpha ATR,373.96442,3997.453,2559,,False,False,,confirm
91a47b43-bf93-470b-ae20-569faa792e9d,532712,51281,NSHAVBDYSJEAKP-UHFFFAOYSA-J,Cc1cccc(P(c2ccccc2)c2ccccc2)n1.Cc1cccc(P(c2ccccc2)c2ccccc2)n1.[Cl][Cu]1[Cu]([Cl])[Cu]([Cl])[Cu]1[Cl],IR,373.96442,3997.453,2559,4.0,True,True,Diamant-ATR,confirm
91bb2dd4-7fc5-45b6-a664-e951c7f882fd,606432,72177,UFZABDNBGQRIHA-UHFFFAOYSA-M,C1=CCCC=CCC1.[CH3][Pt][Cl],Bruker Alpha,399.67798,3996.7798,1747,4.0,True,True,SG-X4196,confirm
91cd5cf4-e809-440f-83c7-e8477d3da4fe,500032,44100,VAOZKYYIOZFKKZ-UHFFFAOYSA-N,Cc1cc2c(C(C)C)c(O)cc(C)c2oc1=O,Bruker ALPHA,373.96442,3997.453,2559,4.0,False,False,Diamant-ATR,confirm
91d39223-2c2f-44eb-8a15-b30352fec356,638964,79495,MTPUXEIATOHPCE-UHFFFAOYSA-N,CC(C)(C)c1ccc2cccc(N)c2n1,SHIMADZU IRTRACER-100,400.2361,4000.433,3734,,False,False,,confirm
923700b0-9833-435c-8d4e-f9e936705144,512040,47115,XZSXOGUNGDDBDG-YRDQYSPCSA-N,C[C@@H](/N=C/c1cc2ccc1CCc1ccc(cc1)CC2)c1ccccc1,"Bruker, model IFS 88",373.96442,3997.453,2559,,False,False,,confirm
9241b2ff-4c71-4fac-8bb5-044aca935d6f,608864,72665,XVKLMYQMVPHUPN-UHFFFAOYSA-N,Brc1cnc2ccccc2n1,Thermo Finnigan Mat 95,373.96442,3997.453,2559,4.0,False,False,Diamant-ATR,dev
9248fb37-b8c5-4b05-bbab-2aac0eb75c61,500448,44204,VOWUHKQBOIRNJT-UHFFFAOYSA-N,CCCCCCCCn1ccc2ccccc21,Bruker ALPHA,373.96442,3997.453,2559,4.0,False,False,Diamant-ATR,confirm
926e76b6-d7d2-475c-84cc-bc0a3bf2c971,640537,79803,WTHUWXPBPNTSHJ-UHFFFAOYSA-N,Cc1ccc(C)c(C=O)c1O,Bruker Alpha-P ATR,373.96442,3997.453,2559,4.0,False,False,Diamant-ATR,confirm
9277456b-b68a-4a0d-9443-e3909b31bd24,505093,45379,KHFMOUFAUHOHJO-UHFFFAOYSA-M,O=S([O-])C12CC(C1)C2.[Na+],IR,373.96442,3997.453,2559,4.0,True,True,Diamant-ATR,dev
927e8706-c8b8-4bcb-8aeb-ebbc80f993de,629229,77536,LHPVGPJSNAKQBR-UHFFFAOYSA-M,CCN(CC)CCc1cn(-c2cnc3ccccc3n2)nn1.[Br][Re].[C-]#[O+].[C-]#[O+].[C-]#[O+],Bruker Alpha ATR,373.96442,3997.453,2559,4.0,True,True,Diamant-ATR,confirm
9280f30a-5b9d-49e1-af63-2738619dad13,633631,78359,ULGGXTFZRKPERY-UHFFFAOYSA-N,Cc1ccc(CN(C(=O)C(F)(F)C(F)(F)C(F)(F)C(F)(F)C(F)(F)C(F)(F)C(F)(F)F)c2ccccc2C#Cc2ccc(F)cc2)cc1,Bruker Alpha-P ATR,373.96442,3997.453,2559,4.0,False,False,Diamant-ATR,confirm
92bcc833-b3e7-4d68-8598-947a2e4ea57b,614471,74442,DMMIKGLVFJCJDY-UHFFFAOYSA-N,Clc1ccc(C2SCCCS2)cc1,Bruker Alpha-P ATR,373.96442,3997.453,2559,4.0,False,False,Diamant-ATR,confirm
92eee291-fa57-4e66-99ea-78364fcf07da,501968,44584,AWRHIKJVOFAHAE-UHFFFAOYSA-N,C=CCOC(=O)N(C)c1cc(OC)c2cc(Cc3ccccc3OC)c(=O)oc2c1,Bruker ALPHA,399.65625,3996.5625,1765,4.0,False,False,Instrument type and / or accessory,dev
930264f2-f69f-44e2-b197-06b5d92f1b25,618871,75486,OCNLXLJLHXKFPZ-UHFFFAOYSA-N,O=Cc1c(-c2ccc(C(=O)O)cc2)c(C=O)c(-c2ccc(C(=O)O)cc2)c(C=O)c1-c1ccc(C(=O)O)cc1,Bruker Alpha,373.96442,3997.453,2559,4.0,False,False,Diamant-ATR,dev
930ebcc5-fee1-4cb0-9bec-6addbac81322,529175,50537,BRKUHVSVFNEQLA-UHFFFAOYSA-L,Cc1ccnc(P(c2ccco2)c2ccco2)c1.[Cu][I].[Cu][I].c1ccc(P(c2ccccc2)c2ccccc2)cc1.c1ccc(P(c2ccccc2)c2ccccc2)cc1,IR,373.96442,3997.453,2559,4.0,True,True,Diamant-ATR,confirm
93276480-0ae3-4589-a67e-6394a3f393bb,550832,55355,GNLDMLVTJDNLDD-QMHKHESXSA-N,CC1=C(C)C[C@]2(C(=O)c3cc(O)c(O)cc3Br)C(=O)c3ccccc3C(=O)[C@@H]2C1,Bruker Alpha,373.96442,3997.453,2559,4.0,False,False,Diamant-ATR,dev
933fac85-a020-4f63-82b3-8b5052fbd5fd,549658,55075,XTJRNBYCUHZGMU-UHFFFAOYSA-N,COc1ccccc1-c1cc2c(Nc3ccccc3)cc1CCc1ccc(cc1)CC2,Bruker Alpha ATR,373.96442,3997.453,2559,4.0,False,False,Diamant-ATR,confirm
938afa20-f9ed-4860-be41-529e47dc96fc,635120,78674,CZYPXIUACURBEQ-UHFFFAOYSA-N,Cc1cccn2cc(-c3ccccc3)nc12,Bruker Alpha,373.96442,3997.453,2559,4.0,False,False,Diamant-ATR,confirm
93a24f88-a0aa-4c8e-b76c-9d9eda3a5725,502172,44635,ROUMDNPPUPSBDL-UHFFFAOYSA-N,c1ccc(N(c2ccccc2)c2ccc(-c3cc4ccc3CCc3ccc(cc3)CC4)cc2)cc1,Bruker ALPHA,399.65625,3996.5625,1765,4.0,False,False,Instrument type and / or accessory,confirm
93ca3281-082a-445b-9a7b-32e6a6d79c19,502244,44653,HSJCTVWOPXUHNA-UHFFFAOYSA-N,Sc1ccc(-c2cc(-c3ccc(S)cc3)cc(-c3ccc(S)cc3)c2)cc1,Bruker ALPHA,399.65625,3996.5625,1765,4.0,False,False,Instrument type and / or accessory,dev
93d52f0f-bcba-45f6-af8c-943dbb91164c,502156,44631,IARXLBTXILYASE-UHFFFAOYSA-N,O=[N+]([O-])c1ccc2[nH]c3ccc([N+](=O)[O-])cc3c2c1,Bruker ALPHA,399.65625,3996.5625,1765,4.0,False,False,Instrument type and / or accessory,confirm
93e31f3c-632b-49ec-8e8d-6adb76cad246,494264,42691,WFLMEEFLMDVDTP-UHFFFAOYSA-M,COc1ccc2c(C[n+]3ccc(-c4ccncc4)cc3)cc(=O)oc2c1.[Br-],,373.96442,3997.453,2559,,True,False,,confirm
9402d121-1b83-4089-b33b-ef05fc9fa1b5,500420,44197,LYSZUFSFTGORDT-UHFFFAOYSA-N,Cc1ccc(-c2ccc3c(c2)C=C2C(=O)CCCC2O3)cc1,Bruker ALPHA,373.96442,3997.453,2559,4.0,False,False,Diamant-ATR,dev
94098dc6-ebeb-427b-9c03-913c8cf490b0,506909,45844,FNQRKUPPIUXLJL-UHFFFAOYSA-N,O=S(=Nc1ccc2ncccc2c1)(c1ccccc1)C12CC(C1)C2,Bruker Alpha ATR,373.96442,3997.453,2559,4.0,False,False,Diamant-ATR,confirm
941df991-67c3-4c32-a6ff-4d2adab82af6,502316,44671,RGEOFKQEGVQSBX-UHFFFAOYSA-N,CCCCc1cccc(CCCC)n1,Bruker ALPHA,399.65625,3996.5625,1765,4.0,False,False,Instrument type and / or accessory,dev
949341a9-c049-458d-9592-8b04601bda34,501168,44384,DZKGBADNODEWFW-UHFFFAOYSA-N,Fc1cncc(F)c1-c1ccncc1,Bruker ALPHA,373.96442,3997.453,2559,4.0,False,False,ATR platinum Diamond 1 Refl,confirm
94e2441e-8e1c-450e-9607-aa0c6a0ca24f,502592,44740,NGISOMRMYXKGGN-UHFFFAOYSA-N,Cc1cc(Br)cc(C)[n+]1[O-],Bruker ALPHA,399.65625,3996.5625,1765,4.0,False,False,Instrument type and / or accessory,confirm
94f418cd-32f9-4e99-8bbc-7698659a5768,572664,61466,NCRSQIBTTOQYLB-UHFFFAOYSA-N,CC(C)C(O)c1ccc(-c2ccc(-c3ccc(C(O)C(C)C)cc3)cc2)cc1,Bruker Alpha ATR,373.96442,3997.453,2559,4.0,False,False,Diamant-ATR,dev
94fa7847-b6ae-42d7-ab90-d886c0656647,495216,42895,VXUUDTWOUGAROA-UHFFFAOYSA-N,c1ccc(Cn2nncc2-c2cc3ccc2CCc2ccc(cc2)CC3)cc1,BRUKER ALPHA ATR,373.96442,3997.453,2559,,False,False,,confirm
95226c1d-4f53-4bf6-8584-ac429a04aa2a,500888,44314,DTJKHXFFZVBXRW-UHFFFAOYSA-N,CC(C)(C)C(=O)Nc1nn(C(=O)C(C)(C)C)c2ccccc12,Bruker ALPHA,373.96442,3997.453,2559,4.0,False,False,Diamant-ATR,dev
957298f0-74cc-4233-b2ef-0f6bf767e91f,500504,44218,AMYCNUXMXPYLEA-GUYCJALGSA-N,CCOC(=O)[C@@H]1C[C@@H](c2c[nH]c3ccccc23)c2c(ccc3c2OCO3)N1,Bruker ALPHA,373.96442,3997.453,2559,4.0,False,False,Diamant-ATR,dev
95ba3454-23b6-4440-84fc-7fb6eea25d4b,20486,2581,ANGKVUVZQVUVJO-UHFFFAOYSA-N,CC(=O)Nc1ccc(B2OC(C)(C)C(C)(C)O2)cc1,Bruker IFS 88,373.96442,3997.453,2559,4.0,False,False,Diamant-ATR,confirm
95d1c7d4-e738-4f81-9549-66c30653aa8b,500168,44134,ZNGNHXGIDLUNAS-UHFFFAOYSA-N,Cc1nnc(-c2c(-n3c4ccccc4c4ccccc43)c(C#N)c(-n3c4ccccc4c4ccccc43)c(-n3c4ccccc4c4ccccc43)c2-n2c3ccccc3c3ccccc32)o1,Bruker ALPHA,373.96442,3997.453,2559,4.0,False,False,Diamant-ATR,confirm
95d9d67f-db2b-4e49-8622-7d19d00dfb9f,631133,77890,PIGGJTQWHRLBJO-UHFFFAOYSA-N,CCCCCCCCOc1nc2ccccc2nc1C=O,Bruker Alpha ATR,373.96442,3997.453,2559,4.0,False,False,Diamant-ATR,confirm
95e6a13c-023f-4060-9edc-ba462b49d0a3,636725,78994,DQZGBDJEKINDHT-ZDXBJJIESA-N,CCCCCCCCOc1nc2ccccc2nc1/C=C/c1nc2cc(-c3ccccc3)c(-c3ccccc3)cc2nc1/C=C/c1nc2ccccc2nc1C=O,Bruker Alpha ATR,373.96442,3997.453,2559,4.0,False,False,Diamant-ATR,confirm
95f17384-0e15-497e-952d-fca0ff9f7bc7,579982,63508,ZTXJEKUSJCAIBH-AJHHPMMLSA-N,CC[C@H](/C=C/[C@@H](C)[C@H]1CC[C@H]2[C@@H]3CC=C4C[C@@H](OS(=O)(=O)c5ccc(C)cc5)CC[C@]4(C)[C@H]3CC[C@]12C)C(C)C,Bruker Alpha p,373.96442,3997.453,2559,4.0,False,False,Diamant-ATR,confirm
963b46c5-1039-44b7-9009-c445951d60af,522099,49249,ZBBQSGVRBQKLLE-UHFFFAOYSA-N,O=c1[nH]c2ccccc2nc1-c1ccccc1,Bruker Alpha ATR,373.96442,3997.453,2559,4.0,False,False,Diamant-ATR,confirm
9643cf40-2f20-4f5d-a6a5-9dde0094bbe7,632794,78212,SGHSOLFNZSDAHV-UHFFFAOYSA-N,O=C1c2ccccc2C(=O)N1CC#Cc1ccccc1NC(=O)C(F)(F)C(F)(F)C(F)(F)C(F)(F)C(F)(F)C(F)(F)C(F)(F)F,Bruker Alpha-P ATR,373.96442,3997.453,2559,4.0,False,False,Diamant-ATR,dev
9646e698-0e47-4a50-8f81-5ce4a89e6741,508514,46219,FOURLJNIFQPOFD-UHFFFAOYSA-N,N#Cc1ccc(-c2nc3ccccc3s2)cc1,BRUKER ALPHA,373.82813,3997.4121,2560,4.0,False,False,ATR platinum Diamond 1 Refl,confirm
96498861-f333-4e2e-a94b-4d09356b3cfe,614694,74500,MKRBRLWZSNAOKA-UHFFFAOYSA-N,CN(C)c1nc2ccccc2n2nnnc12,Bruker Alpha ATR,373.96442,3997.453,2559,4.0,False,False,Diamant-ATR,confirm
965053ce-b630-4595-81fa-010dd9278029,499288,43914,FICFLYUZQXNMNJ-MMWZJYQFSA-N,CO[C@@H]1O[C@@H](C)/C(=N/O)[C@@]2(C)OC(C)(C)O[C@@H]12,Bruker ALPHA,373.96442,3997.453,2559,4.0,False,False,Diamant-ATR,confirm
9676abd5-e44f-499f-8db5-f1f4bc7226aa,552298,55585,CFLDWDVCLODTOS-UHFFFAOYSA-N,Cc1cc(-c2ccc(C(=O)OC(C)C)cc2)c(C)cc1-c1ccc(C(=O)OC(C)C)cc1,Bruker Alpha ATR,373.82813,3997.4121,2560,4.0,False,False,ATR platinum Diamond 1 Refl,confirm
9681395e-3ec0-4248-8746-19d629785d2b,507709,46047,KEJBDGQLLLLBGE-UHFFFAOYSA-N,O=[N+]([O-])c1ccc(-c2nc3ccccc3s2)cc1,BRUKER ALPHA,373.82813,3997.4121,2560,4.0,False,False,ATR platinum Diamond 1 Refl,confirm
9686b752-10b6-4f35-9203-74c0bdb0f5d7,501208,44394,YBLFMGLCEGWHHM-UHFFFAOYSA-N,CCCOc1cc(OC)c(C=O)c(OC)c1,Bruker ALPHA,373.96442,3997.453,2559,4.0,False,False,ATR platinum Diamond 1 Refl,confirm
96b36bd6-16bd-40cd-88c3-3c59f14b2d00,659898,84339,RPXBXBSPFPVZAQ-UHFFFAOYSA-N,O=C(N(Cc1ccccc1C(F)(F)F)c1ccccc1C#Cc1ccccc1)C(F)(F)C(F)(F)C(F)(F)C(F)(F)C(F)(F)C(F)(F)C(F)(F)F,Bruker Alpha-P ATR,373.96442,3997.453,2559,4.0,False,False,Diamant-ATR,confirm
96c6421d-f9e9-495b-b838-aa7a272a1283,499784,44038,VGLDSUNITVXWKT-UHFFFAOYSA-N,O=C1CCCC2Oc3ccc(-c4cccc5cccnc45)cc3C=C12,Bruker ALPHA,373.96442,3997.453,2559,4.0,False,False,Diamant-ATR,dev
96fc40cf-cf12-4b2b-8270-d96653600a80,640075,79718,KYBSMJXYYGCINL-WCWDXBQESA-N,CCCCCCCCOc1nc2ccccc2nc1/C=C/c1nc2cc(-c3ccccc3)c(-c3ccccc3)cc2nc1C,Bruker Alpha ATR,373.96442,3997.453,2559,4.0,False,False,Diamant-ATR,confirm
971a2f11-db56-46a7-a255-bbeff379402c,647057,81442,VSSFGRBIDNAUHK-UHFFFAOYSA-N,Brc1nc2ccccc2nc1-c1ccccc1,Bruker Alpha ATR,373.96442,3997.453,2559,4.0,False,False,Diamant-ATR,confirm
9735ccc7-498b-4db6-90f9-eb3da4abde24,501960,44582,KDLKNWUPOAEMBF-CWBXHPNXSA-N,O=C(O)CC[C@@H]1NC(=O)[C@H]2CCCN2C(=O)[C@H](Cc2ccccc2)NC(=O)[C@H](Cc2ccccc2)NC1=O,Bruker ALPHA,399.65625,3996.5625,1765,4.0,False,False,Instrument type and / or accessory,confirm
973e1ff7-ad8c-430c-8648-22d114344254,501752,44530,CXILEJFXOWTLBU-UHFFFAOYSA-N,CCCCCCC(C)(O)c1cc(OC)cc(OC)c1,Bruker ALPHA,373.96442,3997.453,2559,4.0,False,False,ATR platinum Diamond 1 Refl,confirm
9742a368-6798-4100-8661-06a9e4b8896d,646036,81191,SYCBJNJMQAGHIB-UHFFFAOYSA-N,CN1CCN(C)C1=Nc1cccc2c(N(C)C)ccnc12,Perkin Elmer BX FT-IR,249.7859,4000.433,3890,,False,False,,confirm
976acdca-433b-450e-87b2-00881e9508d0,501380,44437,UFOHWFDKFHWJDJ-UHFFFAOYSA-N,O=C(C1=CCCC=CCC1)c1ccc2ccccc2c1,Bruker ALPHA,373.96442,3997.453,2559,4.0,False,False,ATR platinum Diamond 1 Refl,dev
977e2140-f2a2-48e7-adc7-58019ffe69dc,500264,44158,WFRWNHBDJUUYCS-UHFFFAOYSA-N,CCCCn1nc(NC(=O)C23CC4CC(CC(C4)C2)C3)c2cccc(C(F)(F)F)c21,Bruker ALPHA,373.96442,3997.453,2559,4.0,False,False,Diamant-ATR,confirm
9780d61d-f47a-43f6-8692-dfeb3a63ff5d,630872,77835,VVNPRYRWMNIXCI-UHFFFAOYSA-N,Nc1nc2ccccc2nc1OCCC(F)(F)C(F)(F)C(F)(F)C(F)(F)C(F)(F)C(F)(F)C(F)(F)C(F)(F)F,Bruker Alpha ATR,373.96442,3997.453,2559,4.0,False,False,Diamant-ATR,confirm
9792c8e9-6c98-412a-8d14-8e8305212b43,499512,43970,NDOSNRLQNYYVKV-UHFFFAOYSA-N,CC(=O)c1ccn(S(=O)(=O)c2ccc(C)cc2)c1,Bruker ALPHA,373.96442,3997.453,2559,4.0,False,False,Diamant-ATR,confirm
97966dfd-d3c8-4318-88d9-8ba9e90f913e,631828,78011,QJGWDEWFFPKFQG-UHFFFAOYSA-N,COC(=O)c1ccc(P(=O)(OC)OC)cc1,Bruker Alpha ATR,373.96442,3997.453,2559,4.0,False,False,Diamant-ATR,confirm
97a362fa-5190-4d7a-bd1b-d22a857ad19e,501176,44386,CMXCPSJVAROIQE-UHFFFAOYSA-N,CCCCCCCOc1cc(O)c(C=O)c(OC)c1,Bruker ALPHA,373.96442,3997.453,2559,4.0,False,False,ATR platinum Diamond 1 Refl,confirm
97a9e641-b780-4bf6-9495-30f9f2f02a2c,594248,68583,MGTQLOOLBARGGW-UHFFFAOYSA-N,C1=Cc2nc1c(-c1ccccc1)c1ccc([nH]1)c(-c1ccccc1)c1nc(c(-c3ccccc3-c3c4nc(c(-c5ccccc5)c5ccc([nH]5)c(-c5ccccc5-c5c6nc(c(-c7ccccc7)c7ccc([nH]7)c(-c7ccccc7)c7nc(c(-c8ccccc8)c8ccc5[nH]8)C=C7)C=C6)c5nc(c(-c6ccccc6)c6ccc3[nH]6)C=C5)C=C4)c3ccc([nH]3)c2-c2ccccc2)C=C1,IR,373.96442,3997.453,2559,4.0,False,False,Diamant-ATR,confirm
97d8611a-d050-4b8f-b1fb-9ab012edc8b2,658741,84096,VHSSPBJSZZJRPU-UHFFFAOYSA-L,CN1CCN(C)C1=NC1CCCc2cccnc21.[Cl][Zn][Cl],Shimadzu IRTracer 100,249.7859,4000.433,3890,,True,True,,confirm
97da2466-1de4-48f4-8055-c033453ea2fa,612403,73853,ZZFUHQXQLNLLCA-UHFFFAOYSA-N,CC(C)(C)OC(=O)NCC(n1cccn1)n1cccn1,Shimadzu IRTracer 100,400.2361,4000.433,3734,,False,False,,confirm
97db55e8-6770-47cc-b8ff-0545011c88d9,495072,42859,VQEGCJLHLBTWRF-UDWIEESQSA-N,CO/N=C/c1c2ccc(c1Br)CCc1ccc(cc1)CC2,Bruker Alpha,373.96442,3997.453,2559,4.0,False,False,Diamant-ATR,confirm
97df56b8-4748-40db-9e2b-f95365d585e6,550967,55384,CYVQCLLXOPONSH-GAJHUEQPSA-N,CC1=CC[C@]2(C(=O)c3cc(NC(=O)C(F)(F)F)ccc3Br)C(=O)c3ccccc3C(=O)[C@@H]2C1,Bruker Alpha,373.96442,3997.453,2559,4.0,False,False,Diamant-ATR,confirm
97e915d7-8ddb-4394-a57a-aece0e74b6cc,502216,44646,DHWWIODBWJXCME-UHFFFAOYSA-N,CCCc1cc2c(OC)cc(OCC)cc2oc1=O,Bruker ALPHA,399.65625,3996.5625,1765,4.0,False,False,Instrument type and / or accessory,confirm
97f1e692-61c6-44d1-a31c-f3c89438834c,500432,44200,DPRULTZUGLDCPZ-UHFFFAOYSA-N,[N-]=[N+]=NCCOCCOCCOCCOCCOCCO,Bruker ALPHA,373.96442,3997.453,2559,4.0,False,False,Diamant-ATR,confirm
982766ec-4afb-4a6f-9a04-cea9789d9c2e,634014,78451,IRSRPTQGLZTLGL-UHFFFAOYSA-N,CC(C)c1nc2ccccc2nc1N,Bruker Alpha ATR,373.96442,3997.453,2559,4.0,False,False,Diamant-ATR,confirm
985145a2-3ff1-46bd-a931-ba811c79d30b,499040,43852,JBHQGJXHBSEKOX-UHFFFAOYSA-N,Cc1ccc(S(=O)(=O)N2CCCCCC2=O)cc1,Bruker ALPHA,373.96442,3997.453,2559,4.0,False,False,Diamant-ATR,confirm
985e9ef2-d250-4d09-8604-eb546441617c,499176,43886,RGEZTMBESFPREL-UHFFFAOYSA-N,CCCCCCCCCCCCCCOC(=O)C(=O)O,Bruker ALPHA,373.96442,3997.453,2559,4.0,False,False,Diamant-ATR,confirm
986d0c28-1fed-40f1-bdda-12c795272917,607351,72408,DSMMAQWRRJQVTQ-UHFFFAOYSA-N,FC(F)(F)c1nc2ccccc2nc1Cl,Bruker IFS 88,373.96442,3997.453,2559,4.0,False,False,Diamant-ATR,confirm
986eb816-3ef8-40a5-8fba-1e2b21d162ac,514351,47569,OILOLZJYRKDNOH-UHFFFAOYSA-N,CCN(CC)c1ccc(-c2nc3cc(C(F)(F)F)ccc3s2)cc1,BRUKER ALPHA,373.82813,3997.4121,2560,4.0,False,False,ATR platinum Diamond 1 Refl,confirm
9888c901-ec5a-4654-97e9-9a6e09cb5c62,501328,44424,OACCLBUDVIDJBI-UHFFFAOYSA-N,O=C(c1cccc2ccccc12)c1cn(Cc2ccc(C(F)(F)F)cc2)c2ccccc12,Bruker ALPHA,373.96442,3997.453,2559,4.0,False,False,ATR platinum Diamond 1 Refl,confirm
989d366f-b0a0-446b-8b74-05bf89c9ca98,500140,44127,VMBNKDPNTRHCJF-UHFFFAOYSA-N,Cc1ccc(-c2nnc(-c3c(-n4c5ccccc5c5ccccc54)c(C#N)c(-n4c5ccccc5c5ccccc54)c(-n4c5ccccc5c5ccccc54)c3-n3c4ccccc4c4ccccc43)o2)cc1,Bruker ALPHA,373.96442,3997.453,2559,4.0,False,False,Diamant-ATR,dev
98abc57b-4fa3-489f-b8f2-4acddd5c5ee3,501268,44409,VYPZGHXEPUXQIY-UHFFFAOYSA-N,[N-]=[N+]=NCc1cc(-c2ccc(C(=O)O)cc2)c(CN=[N+]=[N-])cc1-c1ccc(C(=O)O)cc1,Bruker ALPHA,373.96442,3997.453,2559,4.0,False,False,ATR platinum Diamond 1 Refl,confirm
9930549d-e140-4856-80f5-928953bc16c2,607105,72363,CWFPSKVBKAPBPV-UHFFFAOYSA-N,CC(C)c1nc2ccccc2[nH]c1=O,Bruker Alpha ATR,373.96442,3997.453,2559,4.0,False,False,Diamant-ATR,confirm
99402120-8260-4686-b308-a017138e061b,639688,79657,PXDLUYLWPJMGJA-UHFFFAOYSA-N,Cc1nc2ccccc2nc1Cl,Bruker Alpha ATR,373.96442,3997.453,2559,4.0,False,False,Diamant-ATR,confirm
9942a0dd-ae20-429d-ac08-89f4bbb46dc2,658861,84129,BWTQRWNXOSDUTK-UHFFFAOYSA-N,CN1CCN(C)C1=NC1CCCc2cccnc21,Shimadzu IRTracer 100,249.7859,4000.433,3890,,False,False,,confirm
99929239-2beb-45e6-b9ed-c3512756e7f0,527361,50187,SQVJCQZWFOKFFX-UHFFFAOYSA-N,CC(C)(C)c1ccnc(P(c2ccccc2)c2ccccc2)c1,IR,373.96442,3997.453,2559,4.0,False,False,Diamant-ATR,confirm
99b0cb8f-47f5-4fc5-948c-e1f3f9b07b5d,634101,78463,IYHBIYUJPQGBCO-UHFFFAOYSA-M,CCCCc1cn(-c2nc3ccccc3n3c(CCCC)cnc23)nn1.[Br][Re].[C-]#[O+].[C-]#[O+].[C-]#[O+],Bruker Alpha ATR,373.96442,3997.453,2559,4.0,True,True,Diamant-ATR,confirm
99bdbac5-d949-444a-83de-6e30a34405ca,636703,78990,XRTKWVHIWCEDFW-UHFFFAOYSA-N,Cc1nc2ccccc2nc1OCCCCCCCCCCCCO[Si](C)(C)C(C)(C)C,YES,373.96442,3997.453,2559,4.0,False,False,Diamant-ATR,dev
99c13f6c-d523-4a82-b219-2f90a7a5f179,572693,61471,RANXIKJMWBYSGV-UHFFFAOYSA-N,CC(O)c1ccc(-c2ccc(C(C)O)cc2)cc1,Bruker Alpha ATR,373.96442,3997.453,2559,4.0,False,False,Diamant-ATR,confirm
99df557e-82f4-451b-ab16-f1e21ce68fb2,572411,61408,GATKPNFMGMTACX-UHFFFAOYSA-N,F[P-](F)(F)(F)(F)F.[Ru+][c]1cc(-c2cc3ccc2CCc2ccc(cc2)CC3)ccc1-c1ccccn1.c1ccc(-c2ccccn2)nc1.c1ccc(-c2ccccn2)nc1,"Bruker, model IFS 88",373.96442,3997.453,2559,4.0,True,True,Diamant-ATR,confirm
99df5bd5-f04e-4fc3-a6fe-09335f94d048,612812,73968,QHCWJHQEBKERCS-UHFFFAOYSA-N,Cc1nc2ccccc2nc1CBr,Bruker Alpha ATR,373.96442,3997.453,2559,4.0,False,False,Diamant-ATR,confirm
99f97d32-9c08-49f4-9025-65bc04221d24,677707,88212,AUWOLMBWHPKJSD-BPWZRWDXSA-M,[Br-].[Br-].[NH3+]CC[n+]1ccc(/C=C/c2cc3ccc2CCc2ccc(cc2)CC3)cc1,FTIR Bruker IFS 88,373.96442,3997.453,2559,4.0,True,False,ATR platinum Diamond 1 Refl,confirm
99fe3c74-9df4-4fbd-b521-cc344e7cf696,501928,44574,QTCQYWXQUYHDDT-UHFFFAOYSA-N,CN1c2ccc(C#Cc3ccc(C(F)(F)F)cc3)cc2C(=O)CC1CCC#N,Bruker ALPHA,399.65625,3996.5625,1765,4.0,False,False,Instrument type and / or accessory,confirm
9a1b2836-fd22-4f8e-8e6a-192c3063c717,636439,78938,UJEHWLFUEQHEEZ-UHFFFAOYSA-N,O=Cc1cnc2ccccc2n1,Bruker Alpha ATR,373.96442,3997.453,2559,4.0,False,False,Diamant-ATR,confirm
9a1e5cd1-ae1b-41e8-8c53-263f1384ec69,502552,44730,WLARPCSIGDFHLM-UHFFFAOYSA-N,CCCCC1(c2cc(OC)c3cc(Cc4cccnc4)c(=O)oc3c2)CCCCC1,Bruker ALPHA,373.96442,3997.453,2559,4.0,False,False,Diamant-ATR,confirm
9a3eb191-4390-4f01-8a8f-33168e681ae6,603088,71487,FEZUXVAXRREZEP-UHFFFAOYSA-N,COC(=O)c1ccc(-c2cn(-c3cnc4ccccc4n3)nn2)cc1,Bruker Alpha-P ATR,373.96442,3997.453,2559,4.0,False,False,Diamant-ATR,confirm
9aa54de8-6f01-4027-90c3-4ae1290cb8c6,639086,79526,ZJSFNHZUYTYDFN-UHFFFAOYSA-N,COC(=O)c1ccc2cccc([N+](=O)[O-])c2n1,SHIMADZU IRTRACER-100,249.7859,4000.433,3890,,False,False,,dev
9aad5f38-23f9-47ab-9f27-d076b224be63,501700,44517,BZVJUWYDEMOJMH-UHFFFAOYSA-N,CCOC(=O)c1[nH]c2ccccc2c1I,Bruker ALPHA,399.65625,3996.5625,1765,4.0,False,False,Instrument type and / or accessory,confirm
9b1689ba-aaba-48d4-ac70-a9eb5bb698ab,506999,45867,VPMLDNZGHWGYCY-UHFFFAOYSA-N,CC(=O)c1cccc(N=S(=O)(c2ccccc2)C23CC(C2)C3)c1,Bruker Alpha ATR,373.96442,3997.453,2559,4.0,False,False,Diamant-ATR,confirm
9b990890-e7e8-4bdd-a672-4547d77e8dfa,500064,44108,MDOMTFNYWHWANZ-UHFFFAOYSA-N,[N-]=[N+]=Nc1cc2ccc1CCc1ccc(cc1)CC2.[N-]=[NH2+],Bruker ALPHA,373.96442,3997.453,2559,4.0,True,False,Diamant-ATR,dev
9b9b8380-f437-476b-a53d-b78a6b49b6cb,573393,61628,NGNRXDUETTYMNH-UHFFFAOYSA-N,CC(C)C(Br)c1ccc(-c2ccc(-c3ccc(C(Br)C(C)C)cc3)cc2)cc1,Bruker Alpha ATR,373.96442,3997.453,2559,4.0,False,False,ATR platinum Diamond 1 Refl,confirm
9bda09a5-378e-405e-9e54-23598781da3b,499144,43878,WQTUTNVIOPLRQC-UHFFFAOYSA-N,CCCCCCCCCCCCOC(=O)C(=O)O,Bruker ALPHA,373.96442,3997.453,2559,4.0,False,False,Diamant-ATR,confirm
9beafe5d-50fc-4e85-96b7-a31d725a625c,505899,45572,HZARWVQDVDLWQM-UHFFFAOYSA-N,CCCCS(=O)(=Nc1cccc(C)c1)C12CC(C1)C2,Bruker Alpha ATR,373.96442,3997.453,2559,4.0,False,False,Diamant-ATR,dev
9c0131b9-3928-466f-834d-1025503dcd31,499948,44079,HZAKVJDSBYCYOW-FCXVDCTMSA-N,C=CC(=O)N1[C@H](C(=O)OC)C[C@H](C(=O)O[C@@H]2C[C@H](C)CC[C@H]2C(C)C)[C@@H]1c1ccc(OC)cc1,Bruker ALPHA,373.96442,3997.453,2559,4.0,False,False,Diamant-ATR,dev
9c2d407e-eb4b-466b-bce2-515e6e7f4017,499708,44019,QYESJEQZUOHGIQ-UHFFFAOYSA-N,CCCCC1(c2cc(OC)c3cc(-c4ccc(C(F)(F)F)cc4)c(=O)oc3c2)CCCC1,Bruker ALPHA,373.96442,3997.453,2559,4.0,False,False,Diamant-ATR,dev
9c3129b4-9002-4f1f-9de1-99777a23603a,510746,46793,KGPPSSIWSDMFRL-UHFFFAOYSA-N,Cc1ccc2nc(-c3cc(F)c(F)c(F)c3)sc2c1,BRUKER ALPHA,373.96442,3997.453,2559,4.0,False,False,Diamant-ATR,confirm
9c3da599-2b27-428c-bd73-68912c4bd939,649361,82029,BDZRYAKTXQRGMS-UHFFFAOYSA-N,COC(=O)c1c(Br)c(C(=O)OC)c(Br)c(C(=O)OC)c1Br,Bruker Alpha ATR,373.96442,3997.453,2559,4.0,False,False,Diamant-ATR,confirm
9c439849-96a0-4b6e-85f4-720354bf6bb7,507859,46082,HDEKBUQPCJOEAM-UHFFFAOYSA-N,O=S(=O)(NCc1ccccc1)C12CC(C1)C2,IR,373.96442,3997.453,2559,4.0,False,False,Diamant-ATR,confirm
9c658e42-8389-4031-880d-c4d5d7a34fb4,639226,79561,DMWOEMCLSHNHOH-UHFFFAOYSA-N,Cc1ccc2cccc(N=C(N(C)C)N(C)C)c2n1.Cc1ccc2cccc(N=C(N(C)C)N(C)C)c2n1.F[P-](F)(F)(F)(F)F.[Cu+],SHIMADZU IRTRACER-100,249.7859,4000.433,3890,,True,True,,confirm
9cabea85-c22d-4361-84f5-b51ba9839771,500324,44173,IUMDTROHWHKHGA-UHFFFAOYSA-N,CCCCCCCCn1nc2c(C(F)(F)F)cccc2c1NC(=O)C(C)(C)C,Bruker ALPHA,373.96442,3997.453,2559,4.0,False,False,Diamant-ATR,confirm
9cd96691-d9e9-4a0e-b858-d8a7b0dfc5e2,638988,79502,AOATVJLAFLBGPZ-UHFFFAOYSA-N,O=[N+]([O-])c1cccc2c(Cl)ccnc12,SHIMADZU IRTRACER-100,249.7859,4000.433,3890,,False,False,,dev
9cf19bf4-5a43-4d02-ac3c-076e10470835,607035,72348,UEHBPGWWVJRPTJ-UHFFFAOYSA-N,CC(C)c1nc2ccccc2n2nnnc12,Bruker Alpha ATR,373.96442,3997.453,2559,4.0,False,False,Diamant-ATR,dev
9cf1f78b-703e-428d-bb9c-5ec7565f9041,20538,2586,BCJOKHQYEDXBSF-UHFFFAOYSA-N,CC(=O)Nc1ccccc1I,Bruker IFS 88,390.9628,3997.453,2547,4.0,False,False,Diamant ATR,confirm
9d2001bc-fa14-4bd4-8b87-2f577d3a0171,501764,44533,KZMFQRAJYOTACE-UHFFFAOYSA-N,[N-]=[N+]=Nc1ccc(-c2ccc(Cl)cc2)cc1.[N-]=[NH2+],Bruker ALPHA,399.65625,3996.5625,1765,4.0,True,False,Instrument type and / or accessory,confirm
9d286df7-edcd-4953-9299-24437f1bd61f,608953,72697,MEQYZKGJBBXONM-UHFFFAOYSA-N,C#Cc1nc2ccccc2nc1C,Bruker Alpha ATR,373.96442,3997.453,2559,4.0,False,False,Diamant-ATR,confirm
9d2d303a-0495-44fd-aac2-12ee2470c0f2,646696,81365,RILUGTBEHOYOEG-LIPFPYFHSA-N,CCCCCCCCOc1nc2ccccc2nc1/C=C/c1nc2ccccc2nc1/C=C/c1nc2ccccc2nc1/C=C/c1ccc(/C=C/c2nc3ccccc3nc2/C=C/c2nc3ccccc3nc2/C=C/c2nc3ccccc3nc2OCCCCCCCC)cc1,Bruker Alpha ATR,373.96442,3997.453,2559,4.0,False,False,Diamant-ATR,confirm
9d2e0e08-2260-4a23-b9e4-fa7d1579851a,631353,77927,VGJOAISDEPXNNN-UHFFFAOYSA-N,COP(=O)(OC)c1ccc(F)cc1,Bruker Alpha ATR,373.96442,3997.453,2559,4.0,False,False,Diamant-ATR,confirm
9d44e8ae-d242-4eaf-b012-740bbd4dadf5,659969,84350,YUWYOBXUKKDKQP-UHFFFAOYSA-N,O=C(Nc1ccccc1C#Cc1ccccc1)c1c(F)c(F)c(F)c(F)c1F,Bruker Alpha-P ATR,373.96442,3997.453,2559,4.0,False,False,Diamant-ATR,dev
9d681a9c-e55b-43d0-a3fd-be90602e18fa,500440,44202,XZXIHSRWXABQHE-UHFFFAOYSA-N,CCCCn1nc(NC(=O)C(C)(C)C)c2cccc(C(F)(F)F)c21,Bruker ALPHA,373.96442,3997.453,2559,4.0,False,False,Diamant-ATR,confirm
9da8cf61-721d-42ab-9c7a-407d618f0587,606646,72230,IHSHARCKRGLPFN-UHFFFAOYSA-N,C1=CCCC(c2ccc(-c3ccc(C4=CCCC=CCC4)cc3)cc2)=CCC1.[CH3][Pt][CH3].[CH3][Pt][CH3],Bruker Alpha,373.96442,3997.453,2559,4.0,True,True,Diamant-ATR,confirm
9daf7422-8a67-484e-805d-00dd68fef8e4,676375,87888,FAUBLGSTUQSSTA-UHFFFAOYSA-N,C=Cc1cc[n+](Cc2ccc(C[n+]3ccc(C=C)cc3)cc2)cc1.F[P-](F)(F)(F)(F)F.F[P-](F)(F)(F)(F)F,FTIR Bruker IFS 88,373.96442,3997.453,2559,4.0,True,False,Diamant-ATR,confirm
9db46d63-8872-4d93-9188-65a21b347adc,511286,46936,QXJPAKPAHZFTEB-CYKJDXMYSA-N,C1=C/C2=C(\c3ccccc3)c3ccc4[n]3[Zn][n]3/c(cc/c3=C(\c3ccccc3)C3=N/C(=C\4c4ccccc4/C4=c5\cc/c6[n]5[Zn][n]5c(ccc5/C(c5ccccc5)=C5/C=CC4=N5)/C(c4ccccc4)=C4/C=CC(=N4)\C=6c4ccccc4)C=C3)=C(/c3ccccc3)C1=N2,IR,373.96442,3997.453,2559,4.0,False,True,Diamant-ATR,dev
9dc3ba91-d4a9-4804-8f7e-08940ad64700,499076,43861,PDEKZHFJFSKVGD-UHFFFAOYSA-N,O=Cc1cc2ccc1CCc1ccc(c(Br)c1)CC2,Bruker ALPHA,373.96442,3997.453,2559,4.0,False,False,ATR platinum Diamond 1 Refl,confirm
9dcd15fc-d27e-493e-b7bf-397f927811af,527136,50155,XOOGHTUYTZAYAA-UHFFFAOYSA-L,COc1ccc(P(c2ccc(OC)cc2)c2cc(C)ccn2)cc1.[Cu][I].[Cu][I].c1ccc(P(c2ccccc2)c2ccccc2)cc1.c1ccc(P(c2ccccc2)c2ccccc2)cc1,IR,373.96442,3997.453,2559,4.0,True,True,Diamant-ATR,confirm
9dd20da7-26c9-4c8a-b544-4eb740e89e49,639316,79587,JBXRXORXEOBVKS-UHFFFAOYSA-N,COC(=O)c1ccc2cccc(N=C(N(C)C)N(C)C)c2n1.COC(=O)c1ccc2cccc(N=C(N(C)C)N(C)C)c2n1.F[P-](F)(F)(F)(F)F.[Cu+],SHIMADZU IRTRACER-100,249.7859,4000.433,3890,,True,True,,confirm
9de288f3-aa7f-4a24-a46f-a1b49dcf510c,631335,77926,YJVXDIBSKYAUDH-UHFFFAOYSA-N,COP(=O)(OC)c1ccc(P(=O)(OC)OC)cc1,Bruker Alpha ATR,373.96442,3997.453,2559,4.0,False,False,Diamant-ATR,confirm
9df0e3ed-0f7a-4c05-9509-b96b9003f3d3,505571,45108,MYAIOUZMQHXENR-UHFFFAOYSA-N,COC(=O)c1ccc(-c2cc3ccc2CCc2ccc(cc2)CC3)cc1,Bruker IFS 88,373.96442,3997.453,2559,4.0,False,False,Diamant-ATR,confirm
9e2b352e-52b2-419e-a425-51eef26efb5c,615220,74612,HISYWPICEGTOTQ-UHFFFAOYSA-N,Cc1cc(N=[N+]=[N-])nn1-c1ccc([N+](=O)[O-])cc1,Bruker Alpha,373.96442,3997.453,2559,4.0,False,False,Diamant-ATR,dev
9e441a6a-0d22-4cbe-a8ba-e2c855996a7e,502196,44641,YMNLSOVGPZNUAI-UHFFFAOYSA-N,CC1(C)c2ccccc2N(c2ccc3c(c2)-c2cccc4c2B(Oc2ccccc2-4)O3)c2ccccc21,Bruker ALPHA,399.65625,3996.5625,1765,4.0,False,False,Instrument type and / or accessory,confirm
9e85b529-ad63-4c87-8916-72079f141dd5,501132,44375,TWMFZPLYRDRENG-UHFFFAOYSA-N,COC(=O)C(Cc1ccccc1)NC(=O)Cc1cn(Cc2ccc(C(F)(F)F)cc2)c2ccccc12,Bruker ALPHA,373.96442,3997.453,2559,4.0,False,False,Diamant-ATR,confirm
9e8750f1-d651-4664-a45c-c896acb456b4,504246,45172,PLCVPBSCAVALMZ-UHFFFAOYSA-N,Fc1cc(-c2cc3ccc2CCc2ccc(cc2)CC3)cc(F)c1F,Bruker 500 MHz,373.96442,3997.453,2559,4.0,False,False,Diamant-ATR,dev
9ebc5d28-4cff-40f1-b2be-b5cab254f97f,513167,47313,OMAXCWQOBAUFQV-UHFFFAOYSA-N,N#Cc1c(-n2c3ccccc3c3ccccc32)c(-c2nnn[nH]2)c(-n2c3ccccc3c3ccccc32)c(-n2c3ccccc3c3ccccc32)c1-n1c2ccccc2c2ccccc21,"Bruker, IFS 88",373.96442,3997.453,2559,4.0,False,False,Diamant-ATR,dev
9ec917e8-eebe-4ee7-8f45-a28b85a406cb,499468,43959,ULHIQSSXUYRECA-UHFFFAOYSA-N,C=Cc1n[nH]c2ccccc12,Bruker ALPHA,373.96442,3997.453,2559,4.0,False,False,Diamant-ATR,confirm
9ecdb162-bc57-4436-a51b-9c881de0f06c,499108,43869,NNBVJXWNTKHETP-UHFFFAOYSA-N,Cc1ccc(S(=O)(=O)Nc2ccc(N=[N+]=[N-])cc2)cc1,Bruker ALPHA,373.96442,3997.453,2559,4.0,False,False,Diamant-ATR,dev
9edbac20-118b-42f4-a830-b2904d1f8a1e,500200,44142,RXXVHGQYADKFHE-YXKMOMTMSA-N,Cc1ccc([C@]2(O)CC[C@H]3[C@@H]4CC[C@H]5C[C@@H](O[Si](C)(C)C(C)(C)C)CC[C@]5(C)[C@H]4CC[C@@]32C)cc1,Bruker ALPHA,373.96442,3997.453,2559,4.0,False,False,Diamant-ATR,confirm
9ee86670-6616-4470-bd53-0e400a1f64b8,501088,44364,MXJJMQSKDPNPSX-UHFFFAOYSA-N,C#Cc1ccc(-c2ccc(C#C)cc2)cc1,Bruker ALPHA,373.96442,3997.453,2559,4.0,False,False,Diamant-ATR,dev
9f05c73a-1a18-427c-adc2-269f508e6090,500512,44220,SHWDYCMMUPPWQM-UHFFFAOYSA-N,CCCCCn1cc(C(=O)C23CC4CC(CC(C4)C2)C3)c2ccccc21,Bruker ALPHA,373.96442,3997.453,2559,4.0,False,False,Diamant-ATR,confirm
9f18145a-a13c-4e24-a5c3-5d6b56801647,559380,57276,IOAQHBXBXAUXJG-JQIJEIRASA-N,CCn1cc(C#N)c(/N=N/N(C(C)C)C(C)C)n1,Bruker ALPHA,373.96442,3997.453,2559,4.0,False,False,Diamant-ATR,confirm
9f1fed32-d4a0-4d79-9192-55ebe4ab7c7e,499724,44023,BVPQUFPFMVPKTA-UHFFFAOYSA-N,CC(=O)OCc1c2ccccc2c(COC(C)=O)c2ccccc12,Bruker ALPHA,373.96442,3997.453,2559,4.0,False,False,Diamant-ATR,confirm
9f37b051-b98e-475a-8f1b-84807b141b44,542386,53491,FWQMCAAAAITRGC-ISLYRVAYSA-N,CC(C)N(/N=N/c1c(Br)cc(Br)cc1C#N)C(C)C,Bruker Alpha,373.96442,3997.453,2559,4.0,False,False,Diamant-ATR,dev
9f4c2eaa-a7e1-400f-af9e-d474616165f8,561144,57929,NGQOIMMYLXVEHX-UHFFFAOYSA-N,CC(C)(C)c1ccc(-c2nc(-c3ccc(-n4c5ccccc5c5cc6c(cc54)c4ccccc4n6-c4ccc(-c5nc(-c6ccc(C(C)(C)C)cc6)nc(-c6ccc(C(C)(C)C)cc6)n5)cc4)cc3)nc(-c3ccc(C(C)(C)C)cc3)n2)cc1,Bruker Alpha ATR,373.96442,3997.453,2559,4.0,False,False,ATR platinum Diamond 1 Refl,confirm
9f4d60d9-792c-48e3-b2ed-f1318eb8ece7,501892,44565,PVZCKASEQDSYKO-UHFFFAOYSA-N,CCCCCOc1cc(OC)c(C=O)c(OC)c1,Bruker ALPHA,373.96442,3997.453,2559,4.0,False,False,ATR platinum Diamond 1 Refl,confirm
9f672f46-0a75-464f-86a8-74a710c133d9,698014,93033,VTMRKJSIECOFJL-UHFFFAOYSA-N,O=C(Nc1ccccc1C#Cc1ccccc1)c1ccccc1C(F)(F)F,Bruker Ascend 400 MHz,373.96442,3997.453,2559,4.0,False,False,Diamant-ATR,confirm
9f8c6c5a-75d3-4470-bc7a-9e30e30e623d,500832,44300,VDAPZYQQQGLUDM-UHFFFAOYSA-N,CCCCn1cc(C(C)=O)c2ccccc21,Bruker ALPHA,373.96442,3997.453,2559,4.0,False,False,Diamant-ATR,confirm
a01960a2-a6ef-442c-a526-a17ae6a4ead6,648014,81700,JLKJMBAGVSNLRT-UHFFFAOYSA-N,CC(C)(C)c1nc2ccccc2[nH]c1=O,Finnigan MAT 95,373.96442,3997.453,2559,4.0,False,False,Diamant-ATR,dev
a041c27d-5c24-4e86-b88e-a2a01e04048f,501192,44390,IETRONMSQQLCKI-UHFFFAOYSA-N,CCCOc1cc(O)c(C=O)c(OC)c1,Bruker ALPHA,373.96442,3997.453,2559,4.0,False,False,ATR platinum Diamond 1 Refl,confirm
a080c1b8-b2b5-4954-80f2-a3013c0860b3,636793,79008,GTLCGGWORFMIIL-WXBFSDFVSA-N,CCCCCCCCOc1nc2ccccc2nc1/C=C/c1nc2cc(-c3ccccc3)c(-c3ccccc3)cc2nc1/C=C/c1nc2cc(-c3ccc(C(=O)OC)cc3)c(-c3ccc(C(=O)OC)cc3)cc2nc1C,Bruker Alpha ATR,373.96442,3997.453,2559,4.0,False,False,Diamant-ATR,confirm
a0863df7-fc3b-4dd8-8a41-0f41e42d323e,500884,44313,OSIJLXIXCGMRER-UHFFFAOYSA-N,C=CC(=O)Nc1cccc(I)c1,Bruker ALPHA,373.96442,3997.453,2559,4.0,False,False,Diamant-ATR,confirm
a0e0be3d-5ac1-4b28-a99f-e13c1557ad6b,500664,44258,XUKPCDIFIUREIQ-UHFFFAOYSA-N,Cc1ccc(C)c2oc(=O)ccc12,Bruker ALPHA,373.96442,3997.453,2559,4.0,False,False,Diamant-ATR,confirm
a0f0410e-f274-473b-a552-30d608bd6738,536855,52250,FVGOKCWNDNLDFP-KLEULFFSSA-N,CCOC(=O)c1ccc(-c2c3nc(c(/C=C/c4ccc(-c5ccccc5)cc4)c4ccc([nH]4)c(-c4ccc(C(=O)OCC)cc4)c4nc(c(/C=C/c5ccc(-c6ccccc6)cc5)c5ccc2[nH]5)C=C4)C=C3)cc1,Bruker ALPHA-T,373.82813,3997.4121,2560,4.0,False,False,Diamant-ATR,dev
a0f1a03f-395a-4b4a-8b7f-c38ad6e7f701,528213,50338,NKVQNROMANDENA-UHFFFAOYSA-N,COC(OC)c1nc2ccccc2nc1-c1ccccc1,Bruker Alpha ATR,373.96442,3997.453,2559,,False,False,,confirm
a1370237-5f24-44ad-9fe6-c41dadf9eda1,525327,49884,GMBVEWBVZYIJNE-UHFFFAOYSA-N,CCCc1cc2c(C)ccc(C)c2oc1=O,Bruker Alpha ATR,373.82813,3997.4121,2560,4.0,False,False,Diamant-ATR,confirm
a13c3826-e7fc-4b9c-a152-c24817920259,607243,72383,XJGYBMKEUQIRGA-UHFFFAOYSA-N,CCCCc1cn(-c2nc3ccccc3nc2-c2ccccc2)nn1,Bruker Alpha ATR,373.96442,3997.453,2559,4.0,False,False,Diamant-ATR,confirm
a17f1476-73fb-4f75-bcbe-e6133cf228df,528550,50414,SPSSDDOTEZKOOV-UHFFFAOYSA-N,Clc1nc2ccccc2nc1Cl,Bruker Alpha ATR,373.96442,3997.453,2559,4.0,False,False,Diamant-ATR,confirm
a1936a7d-a9ae-477c-9301-7b3611ccd7c6,633658,78364,XKUDYHRZHNKRFI-UHFFFAOYSA-N,O=C(N(Cc1ccc(F)cc1)c1ccccc1C#Cc1ccc(F)cc1)C(F)(F)C(F)(F)C(F)(F)C(F)(F)C(F)(F)C(F)(F)C(F)(F)F,Bruker Alpha-P ATR,373.96442,3997.453,2559,4.0,False,False,Diamant-ATR,confirm
a20396f9-6ff6-4f4c-af52-fa9cee098e06,501536,44476,CLBNGSZVATZMFK-CUNIJQOMSA-N,CC(=O)O[C@H]1CC[C@@]2(C)[C@@H](CC[C@@H]3[C@@H]2CC[C@]2(C)C(c4ccc(-c5ccccn5)cc4)=CC[C@@H]32)C1,Bruker ALPHA,373.96442,3997.453,2559,4.0,False,False,ATR platinum Diamond 1 Refl,confirm
a2053592-097f-447e-acb3-0294677ac918,500260,44157,VAXFKIWZFYOWDO-UHFFFAOYSA-N,CC1(C)OB(c2cc3ccc2CCc2ccc(c(Br)c2)CC3)OC1(C)C,Bruker ALPHA,373.96442,3997.453,2559,4.0,False,False,Diamant-ATR,confirm
a2089ea9-1360-413e-b334-b541ac073d9c,499308,43919,FURKSGJXIJIEQK-UHFFFAOYSA-N,CCCCC1(c2cc(O)c3cc(Cc4ccc(Cl)cc4)c(=O)oc3c2)CCCCC1,Bruker ALPHA,373.96442,3997.453,2559,4.0,False,False,Diamant-ATR,confirm
a20cff2a-acac-47cb-99b3-578d3348eecd,501780,44537,HAPMDIPOMSAKCB-UHFFFAOYSA-N,CC(=O)CC(SCCCSC(=O)Cc1ccccc1)C(C)C,Bruker ALPHA,373.96442,3997.453,2559,4.0,False,False,ATR platinum Diamond 1 Refl,confirm
a25f1597-0e72-4c68-abea-2049aa17caf1,501136,44376,WUGBREKOSOPIBZ-UHFFFAOYSA-N,CC(C)(C)C(=O)Nc1n[nH]c2ccccc12,Bruker ALPHA,373.96442,3997.453,2559,4.0,False,False,Diamant-ATR,dev
a2755961-dc77-4f72-8ac7-98359c835930,499648,44004,QOKXBBWNBOZZIT-DFWZABSKSA-N,C=CCO[C@@H]1OC(C(=O)NOCc2ccccc2)[C@@H](OC(=O)CCC(C)=O)[C@H](OC(C)=O)C1NC(=O)C(Cl)(Cl)Cl,Bruker ALPHA,373.96442,3997.453,2559,4.0,False,False,Diamant-ATR,dev
a27560d3-8d96-4e51-94f9-e1602f5cb5fe,638938,79487,YLBKXSDEWVMGQE-UHFFFAOYSA-N,CC(C)(C)c1ccc2cccc([N+](=O)[O-])c2n1,SHIMADZU IRTRACER-100,250.7461,4000.364,1945,,False,False,,confirm
a2a9bfac-4b75-41d1-a217-86dcd6598e8b,500020,44097,OHTAZUMSCVDNAC-UHFFFAOYSA-N,C#CCOc1ccc2c(ccn2CCCC)c1,Bruker ALPHA,373.96442,3997.453,2559,4.0,False,False,Diamant-ATR,dev
a2b9aa9e-c167-41de-b381-4f80491b4995,502496,44716,ZWQDXQHXJZYMSN-QFIPXVFZSA-N,CC[Si](CC)(CC)OC(c1cc(C(F)(F)F)cc(C(F)(F)F)c1)(c1cc(C(F)(F)F)cc(C(F)(F)F)c1)[C@@H]1CCCN1,Bruker ALPHA,373.96442,3997.453,2559,4.0,False,False,Diamant-ATR,confirm
a2ca9d6a-f1d4-41ba-a551-7690efe93f3b,501724,44523,JTLOUXXZZFFBBW-GQCTYLIASA-N,COC(=O)/C=C/c1ccc(OC)c(O)c1,Bruker ALPHA,399.65625,3996.5625,1765,4.0,False,False,Instrument type and / or accessory,confirm
a2e1f68f-d474-4db8-9b2c-31a458ac0a8b,502276,44661,JIAJBAZUBPTCAO-UHFFFAOYSA-N,[N-]=[N+]=Nc1cccnc1,Bruker ALPHA,399.65625,3996.5625,1765,4.0,False,False,Instrument type and / or accessory,confirm
a30430d5-280b-408a-8575-59fcc359f8da,579675,63446,FFRYUAVNPBUEIC-UHFFFAOYSA-N,O=c1cnc2ccccc2[nH]1,Bruker Alpha ATR,373.96442,3997.453,2559,4.0,False,False,Diamant-ATR,confirm
a30734e2-8930-4023-9599-4a8f61940a7a,522313,49292,QYFQNSKAHGLVQL-OCYBEZGRSA-N,C1=C/C2=C(\c3ccccc3)c3ccc4[n]3[Ni][n]3/c(cc/c3=C(\c3ccccc3-c3c5nc(c(-c6ccccc6)c6ccc([nH]6)c(-c6ccccc6)c6nc(c(-c7ccccc7)c7ccc3[nH]7)C=C6)C=C5)C3=N/C(=C\4c4ccccc4)C=C3)=C(/c3ccccc3)C1=N2,IR,373.96442,3997.453,2559,,False,True,,dev
a30b3fd4-a622-46ba-aa0c-06f983c8e32d,502336,44676,UDZKYSGSRSGBMG-UHFFFAOYSA-N,CCCCCn1nc(NC(=O)Cc2ccccc2)c2ccccc21,Bruker ALPHA,373.96442,3997.453,2559,4.0,False,False,ATR platinum Diamond 1 Refl,confirm
a3181b68-ee4b-4835-b8d7-9c30c14e3209,501492,44465,GMCHYIIYPFNRQB-ZZJJTSTKSA-N,CC(=O)O[C@@H]1C[C@@H]2CC[C@@H]3[C@H](CC[C@]4(C)[C@@H](OCc5ccccc5)CC[C@@H]34)[C@@]2(C)C[C@@H]1O,Bruker ALPHA,373.96442,3997.453,2559,4.0,False,False,ATR platinum Diamond 1 Refl,dev
a3253d88-406e-4e40-b652-762e370dda8e,662326,84932,FIHILUSWISKVSR-UHFFFAOYSA-N,Brc1ccc2[nH]c3ccc(Br)cc3c2c1,Bruker Alpha ATR,373.96442,3997.453,2559,4.0,False,False,Diamant-ATR,confirm
a3636630-54b4-4e86-97b5-896b2b5a15c9,502504,44718,PRSBPBSODDXAKW-UHFFFAOYSA-N,c1ccc(COc2ccc(C3SCCCS3)cc2)cc1,Bruker ALPHA,373.96442,3997.453,2559,4.0,False,False,Diamant-ATR,confirm
a3d8f117-1458-4e37-b840-5338acbbacae,554045,55741,KOWYBYDSUFDMGG-UHFFFAOYSA-N,Clc1nc2ccccc2n2nnnc12,Bruker ALPHA ATR,373.96442,3997.453,2559,4.0,False,False,Diamant-ATR,confirm
a3e180c8-f274-4064-a5a6-4e71a1e6276d,627904,77304,WTDSYPAFXKUAQT-UHFFFAOYSA-N,CC(C)Nc1c(-c2cc3ccc2CCc2ccc(cc2)CC3)nc2cnccn12,Bruker Alpha ATR,373.96442,3997.453,2559,4.0,False,False,Diamant-ATR,dev
a4148340-4418-4eba-a363-09f416429034,509139,46381,RBYTXYRDKNCONV-UHFFFAOYSA-N,CC1(C)c2ccccc2N(c2ccc3c(c2)-c2cccc4c2B(O3)Oc2ccc(N3c5ccccc5C(C)(C)c5ccccc53)cc2-4)c2ccccc21,Bruker Alpha ATR,373.96442,3997.453,2559,4.0,False,False,Diamant-ATR,confirm
a42a6818-efde-4c88-9dae-af442973e25d,502284,44663,DOXNNXNMKGUDDU-UHFFFAOYSA-N,CCC[CH2][Sn]([CH2]CCC)([CH2]CCC)[c]1ccc(S)cc1,Bruker ALPHA,399.65625,3996.5625,1765,4.0,False,True,Instrument type and / or accessory,confirm
a467b25c-72b8-4b05-9bb1-69f3113eb790,501456,44456,AEPVXWVYURFHLS-UHFFFAOYSA-N,COC(=O)c1ccc(-c2cc(C)c(-c3ccc(C(=O)OC)cc3)cc2C)cc1,Bruker ALPHA,373.96442,3997.453,2559,4.0,False,False,ATR platinum Diamond 1 Refl,confirm
a476f577-024e-43a8-a5f2-f58068417ef2,501760,44532,QRCABVPXXJAMBC-UHFFFAOYSA-N,CCCOc1cc(OC)c2cc(Cc3ccc(N(C)C)cc3)c(=O)oc2c1,Bruker ALPHA,373.96442,3997.453,2559,4.0,False,False,ATR platinum Diamond 1 Refl,dev
a4b65f2c-2368-443c-82d2-95a2168465d3,501224,44398,REUJFESPEVYEAW-UHFFFAOYSA-N,CCCOc1cc(OC)c2ccc(=O)oc2c1,Bruker ALPHA,373.96442,3997.453,2559,4.0,False,False,ATR platinum Diamond 1 Refl,confirm
a4d3c99d-7a7b-4241-94a5-9e47ae000f32,698071,93045,LKLDIHYBMWLVIA-UHFFFAOYSA-N,O=C(Nc1ccccc1C#Cc1ccccc1)c1ccc(F)cc1,Bruker Alpha-P ATR,373.96442,3997.453,2559,4.0,False,False,Diamant-ATR,confirm
a5056509-7d53-4b33-9a74-6c4001ac47f4,502360,44682,MUTUZTFDNMUQCN-VHDMFRCESA-N,CC(=O)OC1C(O)OC(CN=[N+]=[N-])[C@@H](OC(C)=O)[C@@H]1OC(C)=O,Bruker ALPHA,373.96442,3997.453,2559,4.0,False,False,ATR platinum Diamond 1 Refl,confirm
a515290d-fabc-43ec-b9f5-4357a355d74c,499476,43961,MUAMZYSBUQADBN-UHFFFAOYSA-N,c1ccc(-c2nn[nH]c2-c2cccc(-c3nn[nH]c3-c3ccccn3)c2)nc1,Bruker ALPHA,373.96442,3997.453,2559,4.0,False,False,Diamant-ATR,confirm
a54fc5d9-99b3-4971-8898-3520bcfda558,501636,44501,IVKCVZVSJRFIRC-UHFFFAOYSA-N,Ic1ccc(-c2c3nc(c(-c4ccncc4)c4ccc([nH]4)c(-c4ccc(I)cc4)c4nc(c(-c5ccncc5)c5ccc2[nH]5)C=C4)C=C3)cc1,Bruker ALPHA,373.96442,3997.453,2559,4.0,False,False,ATR platinum Diamond 1 Refl,dev
a563e6a6-e606-4766-8b53-45b045770d9e,499416,43946,MIMMUKGDVPAQTM-UHFFFAOYSA-N,CCOC(=O)C1CC(c2c[nH]c3cc(F)ccc23)CC(c2c[nH]c3cc(F)ccc23)N1c1ccccc1,Bruker ALPHA,373.96442,3997.453,2559,4.0,False,False,Diamant-ATR,confirm
a56bedac-acf3-4926-b536-04bd035ffd54,499928,44074,NMJVKMHZZWXXQO-JEEAEGICSA-N,COC(=O)[C@H]1C[C@@H](C(=O)N2[C@H](C(=O)O)C[C@H](C(=O)O[C@@H]3C[C@H](C)CC[C@H]3C(C)C)[C@@H]2c2ccccc2)[C@@H](c2ccccc2)N1,Bruker ALPHA,373.96442,3997.453,2559,4.0,False,False,Diamant-ATR,confirm
a57a6297-ea29-4a0c-bab5-4d68577c1c5a,492051,42299,KPGPIQKEKAEAHM-UHFFFAOYSA-N,Clc1nc2ccccc2nc1-c1ccccc1,,373.96442,3997.453,2559,4.0,False,False,Diamant-ATR,confirm
a58e8816-2025-45f5-99d3-758164054753,500972,44335,CRCSGMOJERYSPA-GULPDURKSA-N,CCOC(=O)[C@@H]1C[C@@H](c2c[nH]c3ccccc23)C[C@@H](c2c[nH]c3ccccc23)N1c1ccc(I)cc1,Bruker ALPHA,373.96442,3997.453,2559,4.0,False,False,Diamant-ATR,confirm
a59353a3-2abc-4f6c-b610-0229fe952368,3309,1012,OAZHVBZWLPRHCF-FOCLMDBBSA-N,CC(/N=N/c1cccc(Cl)c1C)=C1SCCCS1,,373.82813,3997.4121,2560,4.0,False,False,ATR platinum Diamond 1 Refl,confirm
a5a9c1d2-5ced-4945-ba61-8d35af7eaf72,528803,50468,RAIYLFDXXXLNJU-UHFFFAOYSA-N,COC(OC)c1nc2ccccc2nc1NC(=O)C(F)(F)C(F)(F)C(F)(F)C(F)(F)C(F)(F)C(F)(F)C(F)(F)F,Bruker Alpha ATR,373.96442,3997.453,2559,4.0,False,False,Diamant-ATR,confirm
a6078405-f291-44bd-93e1-6cefaf10f2ec,500144,44128,DYLFJJYYNYGIDI-UHFFFAOYSA-N,Cc1cc(C)c(-c2nnc(-c3c(-n4c5ccccc5c5ccccc54)c(C#N)c(-n4c5ccccc5c5ccccc54)c(-n4c5ccccc5c5ccccc54)c3-n3c4ccccc4c4ccccc43)o2)c(C)c1,Bruker ALPHA,373.96442,3997.453,2559,4.0,False,False,Diamant-ATR,confirm
a612b4c9-4115-4343-afc0-2a96d5186c02,669798,86503,RPSOUIUISVVWAN-ZKJSLFQJSA-N,C[C@]12CC[C@H](OCc3ccccc3)C[C@@H]1CC[C@@H]1[C@@H]2CC[C@]2(C)C(C3=CC(=O)OC3)=CC[C@]12O,FT-IR Bruker IFS 88,373.96442,3997.453,2559,4.0,False,False,Diamant-ATR,confirm
a614058c-b7e8-4c7a-ad9a-40a5a29aa11a,647848,81658,UAYOEZBMWJYGBX-UHFFFAOYSA-N,COc1ccc2ccccc2c1-c1c(Oc2c3nc(c(-c4ccc(C(=O)O)cc4)c4ccc([nH]4)c(Oc4ccc5ccccc5c4-c4c(OC)ccc5ccccc45)c4nc(c(-c5ccc(C(=O)O)cc5)c5ccc2[nH]5)C=C4)C=C3)ccc2ccccc12,Bruker ALPHA-T,373.96442,3997.453,2559,4.0,False,False,Diamant-ATR,confirm
a6263e30-818d-4ec4-a561-92d0d981ca45,506111,45632,FOSBJORACSDUNI-UHFFFAOYSA-N,O=S(=Nc1cccc2ccccc12)(c1ccccc1)C12CC(C1)C2,Bruker Alpha ATR,373.96442,3997.453,2559,4.0,False,False,Diamant-ATR,confirm
a62c73a9-8403-4df9-96c0-f033c9884486,551651,55521,POVDWLXJRBXEJQ-PTJQVGQKSA-N,CC1=CC[C@H]2C(=O)c3ccccc3C(=O)[C@@]2(C(=O)c2ccccc2I)[C@H]1O[Si](C)(C)C(C)(C)C,Bruker Alpha,373.96442,3997.453,2559,4.0,False,False,Diamant-ATR,dev
a6611dfd-6d1f-4abe-a374-1713294a0da5,509316,46427,MHUTZKFXGAZXEC-UHFFFAOYSA-N,Cc1ccc2nc(-c3ccc(C#N)cc3)sc2c1,BRUKER ALPHA,373.82813,3997.4121,2560,4.0,False,False,ATR platinum Diamond 1 Refl,confirm
a674b494-0393-4230-a43f-34b27d32a6a4,501436,44451,WDEQGLDWZMIMJM-NEPJUHHUSA-N,O=C(OCc1ccccc1)N1C[C@@H](O)C[C@@H]1CO,Bruker ALPHA,373.96442,3997.453,2559,4.0,False,False,ATR platinum Diamond 1 Refl,confirm
a6838d07-0841-4d23-a40d-3a9bd96e1668,580325,63583,XVKLMYQMVPHUPN-UHFFFAOYSA-N,Brc1cnc2ccccc2n1,Bruker Alpha ATR,373.96442,3997.453,2559,4.0,False,False,Diamant-ATR,dev
a68e2ad1-c705-4b8f-9318-05919bb71d76,494317,42702,HTVXYMSPZMCSRI-UHFFFAOYSA-N,Fc1cc(-c2ccncc2)cc(F)n1,,373.96442,3997.453,2559,,False,False,,confirm
a699abc1-bce7-40a6-9b6a-13b7a720748c,509774,46530,NNXGMQKTMUWZBW-UHFFFAOYSA-N,Cc1ccc2nc(-c3ccccc3)sc2c1,BRUKER ALPHA,373.82813,3997.4121,2560,4.0,False,False,ATR platinum Diamond 1 Refl,confirm
a6f12baa-f22e-4406-94d5-7b1f4a757209,629136,77511,OGPHMCIIGIGFPL-UHFFFAOYSA-N,CCCCc1cn(-c2nc3ccccc3n3c(CCCC)cnc23)nn1,Bruker Alpha ATR,373.96442,3997.453,2559,4.0,False,False,Diamant-ATR,confirm
a70a98b9-fbca-49f1-a068-e760f5e101fb,557689,56759,MWOHIDYQOPZPNH-ISLYRVAYSA-N,CC(C)Cn1ncc(C#N)c1/N=N/N(C(C)C)C(C)C,Bruker ALPHA,373.96442,3997.453,2559,4.0,False,False,Diamant-ATR,confirm
a76c284e-89ba-4b1e-bcef-5272fac61e52,499112,43870,LZXXNPOYQCLXRS-UHFFFAOYSA-N,COC(=O)c1ccc(N)cc1,Bruker ALPHA,373.96442,3997.453,2559,4.0,False,False,Diamant-ATR,confirm
a774c60f-8121-40f4-82e5-7b28171cb38b,511429,46970,OSSDKDCBOYMDHQ-MYHNWECRSA-L,CCOC(=O)c1ccc(/C2=C3\C=CC(=N3)/C(c3ccccc3/C3=C4\C=CC(=N4)/C(c4ccccc4)=c4/cc/c5[n]4[Cu][n]4c(ccc43)/C(c3ccccc3)=C3/C=CC(=N3)\C=5c3ccccc3)=c3/cc/c4[n]3[Cu][n]3c(ccc32)/C=C2/C=CC(=N2)\C=4c2ccc(C(=O)OCC)cc2)cc1,IR,373.96442,3997.453,2559,4.0,False,True,Diamant-ATR,confirm
a777d740-d114-4364-b49a-53daa94a7e5f,529991,50709,WBBVNSKMHXGLGS-UHFFFAOYSA-N,CCCNc1ccccc1C#Cc1ccccc1,Bruker Alpha-P ATR,373.96442,3997.453,2559,4.0,False,False,Diamant-ATR,dev
a787a622-94d0-4608-9bf6-547dd0d22bc3,640775,79840,HQKZRJJQHIMFLC-UHFFFAOYSA-N,CC(C)(C)c1nc2ccccc2nc1Br,Bruker Alpha ATR,373.96442,3997.453,2559,,False,False,,confirm
a7d6f8a4-441b-46d2-b711-10dd6f4ed6b3,499044,43853,UWWUPXQSHNUJKJ-UHFFFAOYSA-N,Cc1ccc(S(=O)(=O)N2CCCCCCC2=O)cc1,Bruker ALPHA,373.96442,3997.453,2559,4.0,False,False,Diamant-ATR,confirm
a7de86e3-bc00-42f3-803d-f13c805df9a1,510878,46821,IAXLQXMTBZSTDT-UHFFFAOYSA-N,CCOC(=O)c1ccc(C(C(=O)c2ccccc2)=C(C)C)cc1,"Bruker, model IFS 88",373.96442,3997.453,2559,4.0,False,False,Diamant-ATR,dev
a7f44248-d6f0-4618-8348-2106c1a0bd2e,513424,47363,NPGUVEZHCJTRCC-HXUWFJFHSA-N,CC(C)[C@@H](O)c1cc2ccc1CCc1ccc(cc1)CC2,"Bruker, model IFS 88",373.96442,3997.453,2559,4.0,False,False,Diamant-ATR,dev
a8111c8e-e47d-4de9-bdf9-8325540c6111,674128,87331,GMQHYVDUNUVNOT-UHFFFAOYSA-N,COc1cc2cc(C(C)=O)[nH]c2cc1N,Jasco FT/IR-460Plus with ATR Diamond Plate,649.8934,4000.1226,6950,,False,False,,confirm
a843fc23-66cb-4686-b205-dee16bda5a54,501260,44407,DRGLMVBUAVEDKH-UHFFFAOYSA-N,C#CC(=O)OCC(C)(COC(=O)C#C)COC(=O)C#C,Bruker ALPHA,373.96442,3997.453,2559,4.0,False,False,ATR platinum Diamond 1 Refl,confirm
a84714a1-9ea0-429b-bc84-7325b3377974,502124,44623,VCFLLXDSOODEGV-UHFFFAOYSA-N,CC(=O)Nc1n[nH]c2ccccc12,Bruker ALPHA,399.65625,3996.5625,1765,4.0,False,False,Instrument type and / or accessory,confirm
a8483796-4d97-4b30-85cc-a1a5a56deecd,573855,61741,OMHGNVWHHANWNN-UHFFFAOYSA-N,CC(ON1C(C)(C)CCCC1(C)C)c1ccc(C(c2ccc(C(C)ON3C(C)(C)CCCC3(C)C)cc2)(c2ccc(C(C)ON3C(C)(C)CCCC3(C)C)cc2)c2ccc(C(C)ON3C(C)(C)CCCC3(C)C)cc2)cc1,Bruker Alpha ATR,373.96442,3997.453,2559,4.0,False,False,Diamant-ATR,confirm
a88586ae-92c6-4c59-942b-257c7577aa7f,501036,44351,TZFWPFBBUPQHOJ-CCEZHUSRSA-N,CC(C)N(/N=N/c1ccc(I)cc1)C(C)C,Bruker ALPHA,373.96442,3997.453,2559,4.0,False,False,Diamant-ATR,confirm
a89b3b01-055e-486f-b278-76f249c15d8f,499200,43892,ISJVDMWNISUFRJ-HKQXQEGQSA-N,C[C@]12CC=CC[C@@H]1CC[C@@H]1[C@@H]2CC[C@]2(C)C(=O)CC[C@@H]12,Bruker ALPHA,373.96442,3997.453,2559,4.0,False,False,Diamant-ATR,dev
a8b99545-a251-4432-add3-46e0c3272bed,535562,51928,BGJIBRAFUHBOIH-HRAATJIYSA-N,O=C1c2ccccc2C(=O)[C@@]2(C(=O)c3ccccc3Br)CC=CC[C@@H]12,Bruker Alpha,373.96442,3997.453,2559,4.0,False,False,Diamant ATR,confirm
a911280b-c45b-4b09-9ef3-b9fc7cec940c,500528,44224,RAXSDUZUOXMFFE-UHFFFAOYSA-N,CCCCCn1nc(NC(=O)c2cccc3ccccc23)c2ccccc21,Bruker ALPHA,399.65625,3996.5625,1765,4.0,False,False,Instrument type and / or accessory,confirm
a9236804-97dd-4a5f-a7e6-c62ee96684f8,672885,87075,PRGDKTPNTOHGMR-UHFFFAOYSA-N,O=C(c1c(-c2ccc(F)cc2)n(Cc2ccccc2)c2ccccc12)C(F)(F)C(F)(F)C(F)(F)C(F)(F)C(F)(F)C(F)(F)C(F)(F)F,Bruker Alpha-P ATR,373.96442,3997.453,2559,4.0,False,False,Diamant-ATR,confirm
a958694b-9aab-4b17-a68a-663709f87479,640351,79772,QLZHNIAADXEJJP-UHFFFAOYSA-N,O=P(O)(O)c1ccccc1,Bruker Alpha ATR,373.96442,3997.453,2559,4.0,False,False,Diamant-ATR,confirm
a964ba29-e67e-4efa-bdf6-dc388a4e88d5,502236,44651,LXHPKNMJRJBWRP-UHFFFAOYSA-N,Nc1ccc(I)nc1Cl,Bruker ALPHA,399.65625,3996.5625,1765,4.0,False,False,Instrument type and / or accessory,confirm
a9797da6-cc4d-48e6-9362-fea26fcf07e2,504572,45259,ZUUYGWSDFRSKRQ-VOTSOKGWSA-N,CC1=Nc2ccc(/C=C/C(F)(F)C(F)(F)C(F)(F)C(F)(F)C(F)(F)C(F)(F)C(F)(F)F)cc2C1(C)C,Bruker IFS 88,373.96442,3997.453,2559,4.0,False,False,Diamant-ATR,confirm
a9a7c506-20d9-4d3c-9635-27d702cd2b48,660408,84051,FMENTXWLFCBOIS-UDWIEESQSA-N,CCOc1nc(-c2ccccn2)sc1/C=N/NS(=O)(=O)c1ccc(C)cc1,Jasco FT/IR- 6300,649.8934,4000.6047,3476,,False,False,,confirm
a9b8206e-87cf-4502-b06f-aa8c23f36042,499232,43900,WLVJROFMCNWTBX-UHFFFAOYSA-N,CC(NC(=O)C(F)(F)F)C(=O)O,Bruker ALPHA,373.96442,3997.453,2559,4.0,False,False,Diamant-ATR,confirm
a9bed909-5a95-4121-95f3-fb3d61600481,505923,45579,VPKNGPRXVATLJS-UHFFFAOYSA-N,Cc1cccc(N=S(=O)(Cc2ccccc2)C23CC(C2)C3)c1,Bruker Alpha ATR,373.96442,3997.453,2559,4.0,False,False,Diamant-ATR,confirm
a9c2299d-1d40-475e-b23d-1fe3634fdb9a,500400,44192,JKYSIHLEXBXWGS-UHFFFAOYSA-N,C#CCCCn1nc(NC(=O)c2ccccc2)c2cccc(C(F)(F)F)c21,Bruker ALPHA,373.96442,3997.453,2559,4.0,False,False,Diamant-ATR,confirm
a9db6869-1751-4b73-ac25-0e78527c41e7,500484,44213,,C[C@]12CC[C@H](O)C[C@@H]1CC[C@@H]1[C@@H]2CC[C@]2(C)C(c3ccc4-c5cccc[n]5->[Ru]([Cl])[c]4c3)=CC[C@@H]12.Cc1ccc(C(C)C)cc1,Bruker ALPHA,373.96442,3997.453,2559,4.0,True,True,Diamant-ATR,dev
a9f439cf-aae6-40f8-93b7-2c4a9570c1f8,549570,55051,RMZJTTMHTWOBRS-UHFFFAOYSA-N,c1ccc(Nc2cc3c(-c4ccc(N(c5ccccc5)c5ccccc5)cc4)cc2CCc2ccc(cc2)CC3)cc1,"Bruker, Alpha ATR",373.96442,3997.453,2559,4.0,False,False,Diamant-ATR,confirm
aa3864ab-5792-40cb-ad41-72405a70479a,499804,44043,QJULOOLNZYTWQK-UHFFFAOYSA-N,COc1cc(C)c2oc(=O)ccc2c1C(C)C,Bruker ALPHA,373.96442,3997.453,2559,4.0,False,False,Diamant-ATR,confirm
aa3d8c69-1262-4ab8-ad7f-e4de662d9dcb,604671,71773,BVIOUVOOSLTMGZ-ZBMVRHCNSA-N,O=Cc1nc2ccccc2nc1/C=C/c1nc2ccccc2nc1/C=C/c1nc2ccccc2nc1OCCC(F)(F)C(F)(F)C(F)(F)C(F)(F)C(F)(F)C(F)(F)C(F)(F)C(F)(F)F,Bruker Alpha ATR,373.96442,3997.453,2559,4.0,False,False,Diamant-ATR,confirm
aaa703f4-e9e3-4941-b96b-52c0a045d024,508249,46159,ZYCYJFGYAPFPFF-UHFFFAOYSA-N,CCN(CC)c1ccc(-c2nc3ccccc3s2)c(O)c1,BRUKER ALPHA,373.82813,3997.4121,2560,4.0,False,False,ATR platinum Diamond 1 Refl,confirm
ab365f6a-df3f-4b1e-b11c-8fce46b5e7fd,500372,44185,KMKCBOQRRWZRII-UHFFFAOYSA-N,CCOC(=O)c1cc(N)c(C(=O)OCC)cc1N,Bruker ALPHA,373.96442,3997.453,2559,4.0,False,False,Diamant-ATR,confirm
ab3befcf-99e6-4872-8254-0a180f4d8436,555764,56313,CMRJBHJXHQCUCH-UHFFFAOYSA-N,Cc1ccc(CNc2ccccc2C#Cc2ccccc2)cc1,Bruker Alpha-P ATR,373.96442,3997.453,2559,4.0,False,False,Diamant-ATR,confirm
ab47c8ca-edf4-4771-a267-5b31441dc142,523063,47159,UWJJRSBMVIAFBO-VWLOTQADSA-N,Cc1ccc([S@](=O)c2cc3ccc2CCc2ccc(cc2)CC3)cc1,"Bruker, model IFS 88",373.96442,3997.453,2559,4.0,False,False,Diamant-ATR,dev
ab4edcab-9b17-4752-bf7f-6e322a97dd83,614604,74473,LDJGUGHGVWKPPC-UHFFFAOYSA-N,CCCCc1cn(-c2nc3ccccc3nc2OC)nn1,Bruker Alpha ATR,373.96442,3997.453,2559,4.0,False,False,Diamant-ATR,confirm
ab69ae79-f74b-49c0-b219-205633045ae5,500820,44297,UXJQJHOQLUCGHC-UHFFFAOYSA-N,C#CCOc1ccc2c(c1)c(C(=O)c1cccc3ccccc13)cn2CCCC,Bruker ALPHA,373.96442,3997.453,2559,4.0,False,False,Diamant-ATR,confirm
ab803f60-0d70-44f0-9535-8560bd202da8,502340,44677,XPHQTWDCWQZAOZ-UHFFFAOYSA-N,CCCCCN(C(=O)Cc1ccccc1)c1nn(CCCCC)c2ccccc12,Bruker ALPHA,373.96442,3997.453,2559,4.0,False,False,ATR platinum Diamond 1 Refl,dev
abc61b58-9c2c-4928-a83c-c2686ef61680,527025,50135,PJVZGHKLTJIFPF-UHFFFAOYSA-L,COc1ccc(P(c2ccc(OC)cc2)c2ccc(OC)cc2)cc1.COc1ccc(P(c2ccc(OC)cc2)c2ccc(OC)cc2)cc1.Cc1ccc(P(c2ccc(C)cc2)c2cc(C)ccn2)cc1.[Cu][I].[Cu][I],400 MHz,373.96442,3997.453,2559,4.0,True,True,Diamant-ATR,confirm
abf96fa1-f74a-469a-861b-5f9f48a233f4,499148,43879,OMJGMZAOUDJZRQ-UHFFFAOYSA-N,CCCCCCCCCCCCCCCOC(=O)C(=O)O,Bruker ALPHA,373.96442,3997.453,2559,4.0,False,False,Diamant-ATR,confirm
ac621292-30fe-4625-b236-5e28120c723d,512491,47189,PHLLCTCFMJCYOP-UHFFFAOYSA-N,COc1cccc(OC)c1-c1nnc(-c2c(-n3c4ccccc4c4ccccc43)c(C#N)c(-n3c4ccccc4c4ccccc43)c(-n3c4ccccc4c4ccccc43)c2-n2c3ccccc3c3ccccc32)o1,"Bruker, IFS 88",373.96442,3997.453,2559,4.0,False,False,Diamant-ATR,confirm
ac789a0e-60a1-43fd-844a-a4f50828859f,519086,46983,WVKIULBYJFBQGD-MYHNWECRSA-L,CCOC(=O)c1ccc(/C2=C3\C=CC(=N3)/C(c3ccccc3/C3=C4\C=CC(=N4)/C(c4ccccc4)=c4/cc/c5[n]4[Zn][n]4c(ccc43)/C(c3ccccc3)=C3/C=CC(=N3)\C=5c3ccccc3)=c3/cc/c4[n]3[Zn][n]3c(ccc32)/C=C2/C=CC(=N2)\C=4c2ccc(C(=O)OCC)cc2)cc1,IR,373.96442,3997.453,2559,4.0,False,True,Diamant-ATR,dev
ac79f4bf-1016-4a48-8eaa-60eb3d2a5aa0,606487,72191,UMUREYUUCIUYJA-UHFFFAOYSA-M,CCC1=CCCC=CCC1.[CH3][Pt][Cl],Bruker Alpha,399.67798,3996.7798,1747,4.0,True,True,SG-X4202,dev
ac9647e9-8ef7-4ae7-9dcc-c129f00daf37,537495,52416,QXDJODOFZBVGJC-UHFFFAOYSA-N,CCOC(=O)c1ccc(-c2c3nc(c(-c4cccc(OC)c4)c4ccc([nH]4)c(-c4ccc(C(=O)OCC)cc4)c4nc(c(-c5cccc(OC)c5)c5ccc2[nH]5)C=C4)C=C3)cc1,Bruker ALPHA-T,373.96442,3997.453,2559,4.0,False,False,Diamant-ATR,dev
ac9b1adb-ea5c-4cc0-a469-db2365dc79a2,502624,44748,VBNPDZXLFVDVSZ-UHFFFAOYSA-N,CCC(C)c1cc(CO)cc(C(C)CC)n1,Bruker ALPHA,399.65625,3996.5625,1765,4.0,False,False,Instrument type and / or accessory,confirm
acbb4b38-5bc4-4ded-ba7b-0d182e4d402c,560982,57889,YCPBCVTUBBBNJJ-UHFFFAOYSA-N,c1ccc2c(c1)[nH]c1cc3c(cc12)[nH]c1ccccc13,Bruker Alpha ATR,373.96442,3997.453,2559,4.0,False,False,ATR platinum Diamond 1 Refl,confirm
acc7e54a-e597-467e-8318-a8603cc50662,528651,50434,VSSFGRBIDNAUHK-UHFFFAOYSA-N,Brc1nc2ccccc2nc1-c1ccccc1,Bruker Alpha ATR,373.96442,3997.453,2559,4.0,False,False,Diamant-ATR,confirm
acc9d744-7cd6-415d-b7f8-8cd81f4e1a02,501428,44449,XDSNNVUKVKTMCB-UHFFFAOYSA-N,CCOC(=O)Oc1ccc([N+](=O)[O-])c(C=O)c1,Bruker ALPHA,373.96442,3997.453,2559,4.0,False,False,ATR platinum Diamond 1 Refl,confirm
accdf689-6846-46ed-bb8e-3190c2efd53f,526549,50052,HNUXXJZIFVPFBP-UHFFFAOYSA-N,Cc1ccnc(P(c2ccco2)c2ccco2)c1,IR,373.96442,3997.453,2559,4.0,False,False,Diamant-ATR,dev
acefc205-4e65-4115-923a-2edf32551c94,500732,44275,CQJDGQODCKARGV-UHFFFAOYSA-N,COC(=O)c1ccc(-c2ccc(C(=O)OC)cc2N)c(N)c1,Bruker ALPHA,373.96442,3997.453,2559,4.0,False,False,Diamant-ATR,confirm
ad77800c-65c2-4079-8933-764a488fcbbd,502100,44617,FVNCCYVOXYDKDC-UHFFFAOYSA-N,CC(C)C1C2CCC(C(=O)C2)C12SCCS2,Bruker ALPHA,399.65625,3996.5625,1765,4.0,False,False,Instrument type and / or accessory,dev
ad8d0779-493e-4487-afdf-02e72870d763,500488,44214,ADIBMQIIWOCEKF-GULPDURKSA-N,CCOC(=O)[C@@H]1C[C@@H](c2c[nH]c3ccccc23)C[C@@H](c2c[nH]c3ccccc23)N1c1ccc(Cl)cc1,Bruker ALPHA,373.96442,3997.453,2559,4.0,False,False,Diamant-ATR,confirm
ada54987-991f-470b-bf08-cccd7946f6cc,500516,44221,MWQIVJVKRDORCL-UHFFFAOYSA-N,Nc1ccc(C(c2ccc(Br)cc2)(c2ccc(Br)cc2)c2ccc(Br)cc2)cc1,Bruker ALPHA,373.96442,3997.453,2559,4.0,False,False,Diamant-ATR,confirm
add076a6-e558-49db-a3a3-f4ccb4fb4509,510634,46765,KSCHWMPABPZXSS-UHFFFAOYSA-N,CCOC(=O)c1ccc(-c2c3nc(c(-c4ccccc4-c4c5nc(c(-c6ccccc6)c6ccc([nH]6)c(-c6ccccc6)c6nc(c(-c7ccccc7)c7ccc4[nH]7)C=C6)C=C5)c4ccc([nH]4)c(-c4ccc(C(=O)OCC)cc4)c4nc(cc5ccc2[nH]5)C=C4)C=C3)cc1,IR,373.96442,3997.453,2559,4.0,False,False,Diamant-ATR,confirm
aded2ac0-79d9-409a-ae7c-d88e103c09e4,557264,56662,AQYSAXXLCHFEGV-QZQOTICOSA-N,CC(C)N(/N=N/c1c(C#N)cnn1Cc1ccccc1)C(C)C,BRUKER ALPHA,373.96442,3997.453,2559,4.0,False,False,Diamant-ATR,confirm
ae076d7a-0d53-462d-a07a-805914c6b810,500072,44110,OKRBGPAUBMWMCI-UHFFFAOYSA-N,CCOC(=O)c1cc2ccc1CCc1ccc(cc1Br)CC2,Bruker ALPHA,373.96442,3997.453,2559,4.0,False,False,Diamant-ATR,confirm
ae19f118-0742-4c35-8e3b-87139be769f1,527627,50236,ALWWYBOVTKJSMV-UHFFFAOYSA-N,CCc1nc2ccccc2nc1-c1ccccc1,Bruker Alpha ATR,373.96442,3997.453,2559,4.0,False,False,Diamant-ATR,confirm
ae212196-00a6-4655-bc60-f052796cf736,674170,87342,GJNRAOKPAMBFHT-UHFFFAOYSA-N,COC(=O)c1cc(C)c2c(n1)c(OC)cc1cc(C(C)=O)[nH]c12,Jasco FT/IR-460Plus with ATR Diamond Plate,649.8934,4000.1226,6950,,False,False,,confirm
ae373989-5987-4e9a-91ca-0fd6f17ac7e0,636902,79031,BEFTXRINHQTSSE-UHFFFAOYSA-N,Cc1nc2ccccc2nc1OCOCc1ccccc1,Bruker Alpha ATR,373.96442,3997.453,2559,4.0,False,False,Diamant-ATR,confirm
ae7edbcd-0c9e-4bda-8cfa-70649146c5bd,531766,51086,BBXGNCLCSRWQFG-UHFFFAOYSA-N,CC(=O)Nc1ccc(Br)c(C(=O)C23CC(C)=C(C)CC2C(=O)c2ccccc2C3=O)c1,Bruker Alpha,373.96442,3997.453,2559,4.0,False,False,Diamant-ATR,confirm
aeb2fce1-5d25-4640-88cf-4234a989aa60,499248,43904,QXLOVPXUZAOKBL-AWEZNQCLSA-N,COC(=O)[C@H](Cc1c[nH]c2ccccc12)NC(=O)OC(C)(C)C,Bruker ALPHA,373.96442,3997.453,2559,4.0,False,False,Diamant-ATR,confirm
aebe5cad-4d91-4967-bedc-16180bd0bd91,610336,73165,QTIQVBQUEFIRBE-UHFFFAOYSA-N,CC(C)(C)c1ccn(C(c2cccs2)n2ccc(C(C)(C)C)n2)n1,Shimadzu IRTracer 100,450.3862,4000.433,3682,,False,False,,confirm
aecf3b6a-1642-44f2-af43-b04bcf8ca8d1,531784,51090,LWPRQCGBQORNHS-UHFFFAOYSA-N,CC1=C(C)CC2(C(=O)c3cc(NC(=O)C(F)(F)F)ccc3Br)C(=O)c3ccccc3C(=O)C2C1,Bruker Alpha,373.96442,3997.453,2559,4.0,False,False,Diamant-ATR,confirm
aedc32fe-6063-4bbe-86de-ea1c063bb1f8,501508,44469,ISXHTHJVVKMDBL-UHFFFAOYSA-N,CCCCCCOc1cc(O)c(C=O)c(OC)c1,Bruker ALPHA,373.96442,3997.453,2559,4.0,False,False,ATR platinum Diamond 1 Refl,confirm
aef9320e-2d70-474d-9fad-44395398ba4f,501872,44560,MLIODKRPYFHVOK-GHVNZWNMSA-N,CCS[C@@H]1OC(CN=[N+]=[N-])[C@@H](OC(C)=O)[C@H](OC(C)=O)C1OC(C)=O.[N-]=[NH2+],Bruker ALPHA,373.96442,3997.453,2559,4.0,True,False,ATR platinum Diamond 1 Refl,confirm
af04db08-3d41-4f86-85f4-57ceca50ae7e,661839,84691,LGSDFUJUBGCHIW-UHFFFAOYSA-L,CN(C)C(=NC1CCCc2cccnc21)N(C)C.CN(C)C(=NC1CCCc2cccnc21)N(C)C.O=S(=O)([O-])C(F)(F)F.O=S(=O)([O-])C(F)(F)F.[Zn+2],Shimadzu IRTracer 100,249.7859,4000.433,3890,,True,True,,confirm
af1c0cac-6aba-4b37-bf53-b883d0cc9d08,490311,41901,VOWUHKQBOIRNJT-UHFFFAOYSA-N,CCCCCCCCn1ccc2ccccc21,Bruker Alpha,373.82813,3997.4121,2560,4.0,False,False,Diamant-ATR,confirm
af1fcf94-53d3-47d2-baef-c6346effbdb5,502192,44640,STQMDRQJSNKUAW-UHFFFAOYSA-N,O=C(O)CCCNC(=O)OCc1ccccc1,Bruker ALPHA,399.65625,3996.5625,1765,4.0,False,False,Instrument type and / or accessory,confirm
af663698-6ec9-4994-8508-ef2141232026,528701,50445,ORXUYYBDRVICKY-UHFFFAOYSA-N,c1ccc(-c2nc3ccccc3nc2-c2cnc3ccccc3n2)cc1,Bruker Alpha ATR,373.96442,3997.453,2559,4.0,False,False,Diamant-ATR,confirm
afb30957-9048-4981-ab65-2cdff7f7ba6d,677743,88221,RCZUOZBAQDBPCG-VAWYXSNFSA-N,O=C(O)/C=C/c1cc2ccc1CCc1ccc(cc1)CC2,FTIR Bruker IFS 88,373.96442,3997.453,2559,4.0,False,False,Diamant-ATR,confirm
afd269c9-2947-4577-8e60-7e02ed7ea2a9,500256,44156,TZFJADFQEBASQU-UHFFFAOYSA-N,Nc1cc(C(=O)O)ccc1Br,Bruker ALPHA,373.96442,3997.453,2559,4.0,False,False,Diamant-ATR,confirm
afdf85f2-b9f4-4047-b51a-07139fdf2b03,506959,45858,NWTHAPVAOQANKX-UHFFFAOYSA-N,CCOC(=O)N=S(=O)(c1ccccc1)C12CC(C1)C2,Bruker Alpha ATR,373.96442,3997.453,2559,4.0,False,False,Diamant-ATR,confirm
aff5d62b-a29c-486c-8695-4cfde88b8b62,499888,44064,QVZNKTRSMJDUSI-UHFFFAOYSA-N,COC(=O)C1(C2CCC(=O)O2)CC(=O)c2c(OC)cc(C)c(-c3ccc(C)cc3)c2O1,Bruker ALPHA,373.96442,3997.453,2559,4.0,False,False,Diamant-ATR,confirm
affb5ab1-cc53-4637-8eba-f9fc872af2bb,499356,43931,XLLIUDMGQNPRJS-KAVGSWPWSA-N,C(=N\N=C\c1ccncc1)/c1ccncc1,Bruker ALPHA,373.96442,3997.453,2559,4.0,False,False,Diamant-ATR,confirm
b003e244-ff5f-4534-ad16-36d47f0b85a7,565819,59254,GOISDOCZKZYADO-UHFFFAOYSA-N,CC(O)c1ccc(-c2ccccc2)cc1,Bruker Alpha ATR,373.96442,3997.453,2559,4.0,False,False,Diamant-ATR,confirm
b01615f1-e377-437e-8215-bf314ebd5f52,501080,44362,RMZJTTMHTWOBRS-UHFFFAOYSA-N,c1ccc(Nc2cc3c(-c4ccc(N(c5ccccc5)c5ccccc5)cc4)cc2CCc2ccc(cc2)CC3)cc1,Bruker ALPHA,373.96442,3997.453,2559,4.0,False,False,Diamant-ATR,confirm
b0188ead-5566-470c-b64a-ee36986e3b9a,580229,63566,OCLGZDCBOFTXRM-PIACRFSQSA-N,CO[C@@H]1C[C@H]2[C@@H]3CC[C@H]([C@H](C)[C@H]4C[C@@H]4C(O)C(C)C)[C@@]3(C)CC[C@@H]2[C@@]2(C)CC[C@@H]3C[C@]312,Bruker Alpha p,373.96442,3997.453,2559,4.0,False,False,Diamant-ATR,dev
b0293d84-d7aa-4233-a394-050faac7e912,505077,45375,XBSQKZAIFINLLA-UHFFFAOYSA-N,COC(=O)CCS(=O)(=O)C12CC(C1)C2,IR,373.96442,3997.453,2559,4.0,False,False,Diamant-ATR,dev
b06d8f4d-7662-4b47-82c2-1c70b7a7c9de,502140,44627,JQLKATZZFYOJFA-ZDGJYNKJSA-N,O/N=C/c1c(Cl)c(/C=N/O)c(Cl)c(/C=N/O)c1Cl,Bruker ALPHA,399.65625,3996.5625,1765,4.0,False,False,Instrument type and / or accessory,confirm
b090a2e2-8d1b-4b94-a1e2-22adc5fd52be,495014,42845,HOTMMJRJOHGLRS-UHFFFAOYSA-N,O=Cc1c2ccc(c1Br)CCc1ccc(cc1)CC2,Bruker Alpha,373.96442,3997.453,2559,4.0,False,False,Diamant-ATR,confirm
b0ed1271-a7b4-4d2b-9ca3-159ad31661e3,553585,55684,WKYWOPSOJFXJNJ-UHFFFAOYSA-N,[N-]=[N+]=NCc1cc(C(=O)O)ccc1-c1ccc(C(=O)O)cc1CN=[N+]=[N-],Bruker Alpha ATR,373.96442,3997.453,2559,4.0,False,False,Diamant-ATR,confirm
b100f43d-3f95-46dc-abe4-395412f49fad,500912,44320,ZCSYABZYYYQJDH-UHFFFAOYSA-N,CC(=C1SCCS1)C1CCCC(=O)C1,Bruker ALPHA,373.96442,3997.453,2559,4.0,False,False,Diamant-ATR,confirm
b1128bf4-3bf1-4150-856b-b2b51d9750d2,502280,44662,KHMJZQFKDOBODS-UHFFFAOYSA-N,Brc1ccccc1-c1nnnn1C(c1ccccc1)(c1ccccc1)c1ccccc1,Bruker ALPHA,399.65625,3996.5625,1765,4.0,False,False,Instrument type and / or accessory,confirm
b12265c7-8354-4e48-9441-d2fba2b99da5,501312,44420,SBSHDGZXHMFZMV-UHFFFAOYSA-N,COC(=O)C(CC(C)C)NC(=O)Cc1cn(Cc2ccc(C(F)(F)F)cc2)c2ccccc12,Bruker ALPHA,373.96442,3997.453,2559,4.0,False,False,ATR platinum Diamond 1 Refl,confirm
b1c83dc9-48a8-4085-bb89-4fba55aafdf0,515313,47793,PNJCQSRZVFLATK-ISIQWTGCSA-M,O=Cc1ccccc1/C1=C2\C=CC(=N2)/C(c2ccccc2)=c2/cc/c3[n]2[Ni][n]2c(ccc21)/C(c1ccccc1)=C1/C=CC(=N1)\C=3c1ccccc1,IR,373.96442,3997.453,2559,4.0,False,True,Diamant-ATR,confirm
b1fa77ec-8f2f-4d72-8553-4739d178289b,607198,72376,RODNZCIFRICALV-UHFFFAOYSA-N,NNc1nc2ccccc2nc1Cl,Bruker Alpha ATR,373.96442,3997.453,2559,4.0,False,False,Diamant-ATR,confirm
b1fc9405-b3a8-4788-af90-4c49bcae58c8,573963,61769,KWOSIOZQENZDDO-UHFFFAOYSA-N,CC(C)C(ON1C(C)(C)CCCC1(C)C)c1ccc(-c2ccc(-c3ccc(C(ON4C(C)(C)CCCC4(C)C)C(C)C)cc3)cc2)cc1,Bruker Alpha ATR,373.96442,3997.453,2559,4.0,False,False,Diamant-ATR,dev
b205d8b4-3066-4f48-957c-1f748dcacf7a,604807,71801,GAIYTCZAQRWQIX-UHFFFAOYSA-N,FC(F)(F)C(F)(F)C(F)(F)C(F)(F)C(F)(F)C(F)(F)C(F)(F)C(F)(F)CCOc1nc2ccccc2n2nnnc12,Bruker Alpha ATR,373.96442,3997.453,2559,4.0,False,False,Diamant-ATR,confirm
b2288f58-6380-40a2-bb42-4c181c403ace,550377,55251,YAOPDSFQAAPOEP-WXVUKLJWSA-N,C[Si](C)(C)O[C@H]1C=CC[C@H]2C(=O)c3ccccc3C(=O)[C@@]12C(=O)c1ccccc1Br,Bruker Alpha,373.96442,3997.453,2559,4.0,False,False,Diamant ATR,confirm
b22b530d-4404-42ca-9ccc-2ea77ebc6377,552167,55575,ONIHPYYWNBVMID-UHFFFAOYSA-N,CCOC(=O)c1ccc(C(=O)OCC)cc1,Bruker Alpha ATR,373.96442,3997.453,2559,4.0,False,False,Diamant-ATR,confirm
b22beea7-53d6-4698-9179-9efe2db2f17b,508337,46179,HYKGLCSXVAAXNC-UHFFFAOYSA-N,CN(C)c1ccc(-c2nc3ccccc3s2)cc1,BRUKER ALPHA,373.82813,3997.4121,2560,4.0,False,False,ATR platinum Diamond 1 Refl,confirm
b25edaa3-1b54-43b7-bb1a-06b750b09035,501664,44508,KRXUBZPHAPGHPE-YDFGWWAZSA-N,O=C(O)/C=C/c1cccc(/C=C/C(=O)O)c1,Bruker ALPHA,373.96442,3997.453,2559,4.0,False,False,ATR platinum Diamond 1 Refl,confirm
b26b48a2-704d-42ac-8464-bf9663186946,627741,77267,ZLJOSDAHLIZTQZ-UHFFFAOYSA-N,c1ccc(CNc2c(-c3cc4ccc3CCc3ccc(cc3)CC4)nc3ccccn23)cc1,Bruker Alpha ATR,373.96442,3997.453,2559,4.0,False,False,Diamant-ATR,dev
b270763e-f3b6-4e29-8eb9-c7196478c9e2,631291,77918,ZOZAJBLUHHYJBL-UHFFFAOYSA-N,COP(=O)(OC)c1ccccc1F,Bruker Alpha ATR,373.96442,3997.453,2559,4.0,False,False,Diamant-ATR,confirm
b2a55075-adaf-4dd7-b35e-ceb02eacc426,631484,77952,CLFMKCAPEFHTLN-UHFFFAOYSA-N,Cc1nc2cc(-c3ccc(F)cc3)c(-c3ccc(F)cc3)cc2nc1C,Bruker Alpha ATR,373.96442,3997.453,2559,4.0,False,False,Diamant-ATR,confirm
b2b81a36-d3b8-4c89-ad35-c7777294555c,499952,44080,BSICPVUKEZXNLC-UHFFFAOYSA-N,COC(=O)c1cc(=O)c2c(OC(C)=O)cc(C)cc2o1,Bruker ALPHA,373.96442,3997.453,2559,4.0,False,False,Diamant-ATR,confirm
b2ec9951-f4d3-4845-ae27-32c1539492c2,550388,55252,YAOPDSFQAAPOEP-NRYAXDJKSA-N,C[Si](C)(C)O[C@@H]1C=CC[C@H]2C(=O)c3ccccc3C(=O)[C@@]12C(=O)c1ccccc1Br,Bruker Alpha,373.96442,3997.453,2559,4.0,False,False,Diamant ATR,confirm
b2ef3167-d0ee-428e-acf8-b9ad1d598b21,628957,77479,ZZNOUKNDCQUCGA-UHFFFAOYSA-N,c1ccn2c(NC34CC5CC(CC(C5)C3)C4)c(-c3cc4ccc3CCc3ccc(cc3)CC4)nc2c1,Bruker Alpha ATR,373.96442,3997.453,2559,4.0,False,False,Diamant ATR,confirm
b30543f4-b8f4-4e9d-82d7-61050f0525be,501952,44580,MYAIOUZMQHXENR-UHFFFAOYSA-N,COC(=O)c1ccc(-c2cc3ccc2CCc2ccc(cc2)CC3)cc1,Bruker ALPHA,399.65625,3996.5625,1765,4.0,False,False,Instrument type and / or accessory,confirm
b32a1519-dcdd-4204-9e3c-e7ceea4d3261,620688,75815,YXHOLYSXLHTIOT-UHFFFAOYSA-N,Cc1cc2ncc(=O)[nH]c2cc1C,Bruker Alpha ATR,373.96442,3997.453,2559,4.0,False,False,Diamant-ATR,confirm
b32c66d0-8418-475c-b7c6-c4e42cc01063,508426,46199,YEMJQXMSJPHNFJ-UHFFFAOYSA-N,CCN(CC)c1ccc(-c2nc3ccc(C)cc3s2)cc1,BRUKER ALPHA,373.82813,3997.4121,2560,4.0,False,False,ATR platinum Diamond 1 Refl,confirm
b3445fcf-5506-4ad1-87fb-2f8e70cd9d85,676481,87918,AQTVUYPMQTWGJZ-UHFFFAOYSA-N,O=[N+]([O-])c1cc2ccc1CCc1ccc(cc1)CC2,FTIR Bruker IFS 88,373.96442,3997.453,2559,4.0,False,False,Diamant-ATR,confirm
b4521b28-5c3f-42c1-b228-448acafcd36c,517600,48226,PXDLUYLWPJMGJA-UHFFFAOYSA-N,Cc1nc2ccccc2nc1Cl,Bruker Alpha ATR,373.96442,3997.453,2559,4.0,False,False,Diamant-ATR,confirm
b4a2aa75-d4a7-440d-a5c9-f6be8ee99fb3,507103,45896,VPQUNUIUKCOYDW-UHFFFAOYSA-N,CC(=O)c1ccc(N=S(=O)(c2ccccc2)C23CC(C2)C3)cc1,Bruker Alpha ATR,373.96442,3997.453,2559,4.0,False,False,Diamant-ATR,dev
b4a9c0b0-f782-4b4b-9328-5618953b7e7c,499816,44046,IOOIGEUVTBOKRL-CYBMUJFWSA-N,C[C@@H](O)c1cc2ccc1CCc1ccc(cc1)CC2,Bruker ALPHA,373.96442,3997.453,2559,4.0,False,False,Diamant-ATR,confirm
b4cc0b72-e032-47ad-a50d-80c6c9bda556,499504,43968,YIAQRNNJNMLGTP-UHFFFAOYSA-N,COCOc1ccc2ccccc2c1-c1c(OCOC)ccc2ccccc12,Bruker ALPHA,373.96442,3997.453,2559,4.0,False,False,Diamant-ATR,confirm
b4e2022a-8404-403e-9973-adcb2daa988d,501640,44502,JUYJSFSZARWDPQ-UHFFFAOYSA-N,N#Cc1ccc(-c2nnc(-c3c(-n4c5ccccc5c5ccccc54)c(C#N)c(-n4c5ccccc5c5ccccc54)c(-n4c5ccccc5c5ccccc54)c3-n3c4ccccc4c4ccccc43)o2)cc1,Bruker ALPHA,373.96442,3997.453,2559,4.0,False,False,ATR platinum Diamond 1 Refl,confirm
b50189f1-e1fd-4bb5-848e-5d60f2590266,698037,93037,CBBSOUUOUKKSRR-UHFFFAOYSA-N,N#Cc1ccc(C(=O)Nc2ccccc2C#Cc2ccccc2)cc1,Bruker Alpha-P ATR,373.96442,3997.453,2559,4.0,False,False,Diamant-ATR,confirm
b54c27ed-20e7-4c55-9d03-091506bc2d78,519166,48589,UIUPXPAOUNCBNR-UHFFFAOYSA-N,COc1ccc(-n2nncc2-c2cc3ccc2CCc2ccc(cc2)CC3)cc1,Bruker Alpha,373.96442,3997.453,2559,4.0,False,False,Diamant-ATR,confirm
b54d32e0-41fb-4491-9df9-1a389d284809,530457,50790,DBMJWYDGWNZVSX-UHFFFAOYSA-N,Cc1nc2ccccc2nc1OCC(F)(F)C(F)(F)C(F)(F)C(F)(F)C(F)(F)C(F)(F)C(F)(F)C(F)(F)C(F)(F)F,Bruker Alpha ATR,373.96442,3997.453,2559,4.0,False,False,Diamant-ATR,confirm
b54f2eae-6dd1-4eef-90db-774805d5d492,500000,44092,KDRGHQUXYJMOLQ-UHFFFAOYSA-N,O=C(Cc1ccccc1)Nc1n[nH]c2c(C(F)(F)F)cccc12,Bruker ALPHA,373.96442,3997.453,2559,4.0,False,False,Diamant-ATR,confirm
b59451e3-2c0e-4fec-a6fd-6676ba9151f3,513328,47342,IOOIGEUVTBOKRL-CYBMUJFWSA-N,C[C@@H](O)c1cc2ccc1CCc1ccc(cc1)CC2,"Bruker, model IFS 88",373.96442,3997.453,2559,4.0,False,False,Diamant-ATR,confirm
b5af1c95-1f68-43a4-b07a-2427ce49c312,499488,43964,PKTISIUFPDNMFW-UHFFFAOYSA-N,Brc1ccc(-n2cc(-c3cccc4nsnc34)nn2)cc1,Bruker ALPHA,373.96442,3997.453,2559,4.0,False,False,Diamant-ATR,confirm
b5af988a-20f1-4a27-a357-05aadc1607e9,501904,44568,IEWSEYVPUMNJLT-UHFFFAOYSA-N,CCCCOc1cc(OC)c2cc(Cc3ccc(N(C)C)cc3)c(=O)oc2c1,Bruker ALPHA,373.96442,3997.453,2559,4.0,False,False,ATR platinum Diamond 1 Refl,confirm
b5c46614-a0b7-4875-a6ac-6333c73d44df,501324,44423,CYACUEHLRCMSPF-UHFFFAOYSA-N,O=C(c1cccs1)c1cn(Cc2ccc(C(F)(F)F)cc2)c2ccccc12,Bruker ALPHA,373.96442,3997.453,2559,4.0,False,False,ATR platinum Diamond 1 Refl,confirm
b5e9aab1-3cef-41ab-be20-aae66b4529a7,502076,44611,ZBEKOEYCWKIMGU-UHFFFAOYSA-N,CCN1CCNC(=O)C1=O,Bruker ALPHA,373.96442,3997.453,2559,4.0,False,False,ATR platinum Diamond 1 Refl,confirm
b6408b78-6c0c-4d2c-86a4-168d9d957bcb,640154,79734,QAAPSTFXUNTXIB-UHFFFAOYSA-N,CC(C)(C)[Si](C)(C)OCCCCCCCCCCCCOc1nc2ccccc2nc1C=O,Bruker Alpha ATR,373.96442,3997.453,2559,4.0,False,False,Diamant-ATR,dev
b6826587-4478-45c5-9d0b-a91c2229f95f,674072,87318,DCYWQPPHKRQQGQ-UHFFFAOYSA-N,COC(=O)c1cc2cc(OC)c(NC=O)cc2[nH]1,Jasco FT/IR-460Plus with ATR Diamond Plate,649.8934,4000.1226,6950,,False,False,,confirm
b68bc496-b970-4b82-9e4d-301c26f36306,639122,79534,DYIBODSCVMVCNX-UHFFFAOYSA-N,CN(C)C(=Nc1cccc2ccc(C(C)(C)C)nc12)N(C)C,SHIMADZU IRTRACER-100,249.7859,4000.433,3890,,False,False,,confirm
b694ca23-6686-4489-8882-bcde71fc1d52,526712,50082,ZCXKBHARXHSKAG-UHFFFAOYSA-L,Cc1ccc(P(c2ccc(C)cc2)c2ccccn2)cc1.[Cu][I].[Cu][I].c1coc(P(c2ccco2)c2ccco2)c1.c1coc(P(c2ccco2)c2ccco2)c1,IR,373.96442,3997.453,2559,4.0,True,True,Diamant-ATR,confirm
b6b91bc3-4a64-41bf-8278-389b11809e51,640585,79812,HKSXVOUAEWPBKY-UHFFFAOYSA-N,Cc1cc(Br)c(C(C)C)c(C=O)c1O,Bruker Alpha-P ATR,373.96442,3997.453,2559,4.0,False,False,Diamant-ATR,confirm
b6ca7515-5dcc-4b6e-ad50-6f68e7bb9307,605037,71851,WJXNOSPHYGSISP-UHFFFAOYSA-N,Cc1nc2cc(-c3ccccc3)c(-c3ccccc3)cc2nc1CBr,Bruker Alpha ATR,373.96442,3997.453,2559,4.0,False,False,Diamant-ATR,confirm
b6d1554e-9edc-4b1e-a14a-b227c779d0cb,519248,48607,YNTDRBUGPFYKLY-UHFFFAOYSA-N,c1ccc(-n2nncc2-c2cc3ccc2CCc2ccc(cc2)CC3)cc1,Bruker Alpha FTIR,373.96442,3997.453,2559,4.0,False,False,Diamant-ATR,confirm
b717b719-7aa1-4025-ad05-038f2b599f2f,615312,74632,CGUDGUUWCJKDIE-UHFFFAOYSA-N,CCN(CC)CCc1cn(-c2cnc3ccccc3n2)nn1,Bruker Alpha ATR,373.96442,3997.453,2559,4.0,False,False,Diamant-ATR,confirm
b729f6ab-babe-483b-b6fc-57ddca8e0734,510814,46806,QDMAXRJHDMKTQH-UHFFFAOYSA-N,Brc1cc2ccc1CCc1ccc(c(Br)c1)CC2,"Bruker, model IFS 88",373.96442,3997.453,2559,4.0,False,False,Diamant-ATR,confirm
b7bd29c6-2bb7-48bf-99dc-761e4e375ac3,499536,43976,CSMKROZAGQDXRJ-PDKVRDFNSA-N,CC(=O)OC[C@]12C[C@@H](OC(C)=O)[C@H](OC(C)=O)C[C@@H]1CC[C@H]1[C@@H]3CC[C@H](OC(C)=O)[C@@]3(C)CC[C@@H]12,Bruker ALPHA,373.96442,3997.453,2559,4.0,False,False,Diamant-ATR,confirm
b7c5b6af-f3f0-4cc2-9a48-c63df7b2a912,499988,44089,HYKAEHNQLIFFFX-UHFFFAOYSA-N,CCCCn1cc(C(=O)C(C)(C)C)c2ccccc21,Bruker ALPHA,373.96442,3997.453,2559,4.0,False,False,Diamant-ATR,confirm
b800f26c-4f7f-4242-9c2c-81060f9c049a,500112,44120,NGXBIAATVXJJQB-UUWRZZSWSA-N,CCOC(=O)CCC[C@]1(C)CC(=O)c2c(OC)cc(CO[Si](c3ccccc3)(c3ccccc3)C(C)(C)C)cc2O1,Bruker ALPHA,373.96442,3997.453,2559,4.0,False,False,Diamant-ATR,confirm
b81139d5-15dc-4167-a328-7c932ddfa909,20460,2580,JEXRILTUQBARTM-UHFFFAOYSA-N,CC(=O)Nc1cccc(-n2nc(C)cc2C)c1,Bruker IFS 88,373.96442,3997.453,2559,4.0,False,False,Diamant-ATR,confirm
b815f94a-b514-4a0f-8fa9-46f1d4c8b44a,511034,46871,WGEQYAUFPWFRFW-QKKBOEDPSA-L,[Cl][Mn]1[n]2c3ccc2/C(c2ccccc2/C2=c4\cc/c5[n]4[Mn]([Cl])[n]4c(ccc4/C(c4ccccc4)=C4/C=CC2=N4)/C(c2ccccc2)=C2/C=CC(=N2)\C=5c2ccccc2)=C2/C=CC(=N2)/C(c2ccccc2)=c2/cc/c([n]21)=C(\c1ccccc1)C1=N/C(=C\3c2ccccc2)C=C1,IR,373.96442,3997.453,2559,4.0,False,True,Diamant-ATR,confirm
b8182102-f92c-4350-9b56-9258e6e39eaa,672704,87055,NMKXBAXLUIDBSU-UHFFFAOYSA-N,Cc1ccc(Cn2c(-c3ccccc3)c(C(=O)C(F)(F)C(F)(F)C(F)(F)C(F)(F)C(F)(F)C(F)(F)C(F)(F)F)c3ccccc32)cc1,Bruker Alpha-P ATR,373.96442,3997.453,2559,4.0,False,False,Diamant-ATR,confirm
b85bbdb5-f4f4-49f9-85b6-f9128801d509,640370,79774,JHDJUJAFXNIIIW-UHFFFAOYSA-N,O=P(O)(O)c1ccc(P(=O)(O)O)cc1,Bruker Alpha ATR,373.96442,3997.453,2559,4.0,False,False,Diamant-ATR,confirm
b876cfc1-c2ea-4004-b287-36c1d7ca19ff,499140,43877,JSGQQGNVTXXNQN-UHFFFAOYSA-N,CCCCCCCCCCCCCCCCOC(=O)C(=O)O,Bruker ALPHA,373.96442,3997.453,2559,4.0,False,False,Diamant-ATR,confirm
b8a4c058-4938-4b4b-a66f-7d20c925ad2a,500640,44252,DKPSSMOJHLISJI-UHFFFAOYSA-N,Nc1cc2cccnc2c2ncccc12,Bruker ALPHA,373.96442,3997.453,2559,4.0,False,False,ATR platinum Diamond 1 Refl,dev
b8cd2d6f-8473-4dde-8b77-0d198c9773c6,674002,87298,GAPCMYIHVRFISC-UHFFFAOYSA-N,COc1ccc(N)cc1NC=O,Jasco FT/IR-460Plus with ATR Diamond Plate,649.8934,4000.1226,6950,,False,False,,confirm
b8ed1fdc-d21e-46e3-a529-b17151417cf6,499244,43903,IWQYTEBCKPBBGO-RZMWZJFBSA-N,O=C(OCc1ccccc1)[C@@H]1CC2c3ccccc3NC2N1C(=O)OCc1ccccc1,Bruker ALPHA,373.96442,3997.453,2559,4.0,False,False,Diamant-ATR,confirm
b94f276d-3dcc-45f9-aa3d-0f1eba87a17e,516417,48052,LETIJSOCWBFPLK-UHFFFAOYSA-N,FC(F)(F)c1ccc(CNc2ccccc2I)cc1,Bruker Alpha-P ATR,373.96442,3997.453,2559,4.0,False,False,Diamant-ATR,dev
b9723847-38c0-4f93-9145-4f4afe10638a,513157,47312,BPVDQFVACPJFLX-UHFFFAOYSA-N,c1ccc2c(c1)c1ccccc1n2-c1c(-c2nnn[nH]2)c(-n2c3ccccc3c3ccccc32)c(-n2c3ccccc3c3ccccc32)c(-n2c3ccccc3c3ccccc32)c1-c1nnn[nH]1,"Bruker, IFS 88",373.96442,3997.453,2559,4.0,False,False,Diamant-ATR,confirm
b9885f31-fece-47b1-ab49-f557f57cdc5e,511369,46956,DYSYYPJZFGJYMY-WMRPGWSDSA-J,CCOC(=O)c1ccc(/C2=C3\C=CC(=N3)/C(c3ccccc3/C3=C4\C=CC(=N4)/C(c4ccccc4)=c4/cc/c5[n]4[Mn]([Cl])[n]4c(ccc43)/C(c3ccccc3)=C3/C=CC(=N3)\C=5c3ccccc3)=c3/cc/c4[n]3[Mn]([Cl])[n]3c(ccc32)/C=C2/C=CC(=N2)\C=4c2ccc(C(=O)OCC)cc2)cc1,IR,373.96442,3997.453,2559,4.0,False,True,Diamant-ATR,confirm
ba07eedb-4bb5-4ac7-ba96-0baf0d3c162f,501256,44406,FGDJUEZBMFELRW-UHFFFAOYSA-N,Cc1ccc(S(=O)(=O)OCCOCCOCCOCCO)cc1,Bruker ALPHA,373.96442,3997.453,2559,4.0,False,False,ATR platinum Diamond 1 Refl,confirm
ba11a7e8-8d9d-49e1-9f97-2df27c089857,658871,84130,QXXJFVVUCPGGCL-UHFFFAOYSA-N,CN(C)C(=NC1CCCc2cccnc21)N(C)C,Shimadzu IRTracer 100,249.7859,4000.433,3890,,False,False,,confirm
ba1f3f8e-3952-4dfa-b38e-4b6b7f4a9703,499576,43986,CVUJPKNBJUVYFK-UHFFFAOYSA-N,CC(c1cc2ccc1CCc1ccc(cc1)CC2)N(C)C,Bruker ALPHA,373.96442,3997.453,2559,4.0,False,False,Diamant-ATR,confirm
ba2d58b5-d8c9-43f5-bacd-c761fdbd21b0,511234,46921,HGYDNOGDZHKGHX-CYKJDXMYSA-N,C1=C/C2=C(\c3ccccc3)c3ccc4[n]3[Cu][n]3/c(cc/c3=C(\c3ccccc3)C3=N/C(=C\4c4ccccc4/C4=c5\cc/c6[n]5[Cu][n]5c(ccc5/C(c5ccccc5)=C5/C=CC4=N5)/C(c4ccccc4)=C4/C=CC(=N4)\C=6c4ccccc4)C=C3)=C(/c3ccccc3)C1=N2,IR,373.96442,3997.453,2559,4.0,False,True,Diamant-ATR,dev
ba2dbbf9-acd4-411e-bf68-9ae6d4b7c4b7,659083,84185,QZYBMJJXWBYXHS-UHFFFAOYSA-L,CN1CCN(C)C1=NC1CCCc2cccnc21.CN1CCN(C)C1=NC1CCCc2cccnc21.O=S(=O)([O-])C(F)(F)F.O=S(=O)([O-])C(F)(F)F.[Zn+2],Shimadzu IRTracer 100,249.7859,4000.433,3890,,True,True,,dev
ba4f35c6-d69d-4846-b561-e6d475f06cfa,512063,47119,SWTPMSKJIWTBTQ-UHFFFAOYSA-N,O=C(O)c1cc2ccc1CCc1ccc(cc1)CC2,"Bruker, model IFS 88",373.96442,3997.453,2559,4.0,False,False,Diamant-ATR,confirm
ba618ac8-5f09-4e4a-865c-a92309c4ae4c,631713,77992,SZWWJNWOTTYFSA-UHFFFAOYSA-N,COP(=O)(OC)c1cc(P(=O)(OC)OC)cc(P(=O)(OC)OC)c1,Bruker Alpha ATR,373.96442,3997.453,2559,4.0,False,False,Diamant-ATR,confirm
ba64dbad-3bb5-45f4-95a3-de8ca5f5081b,20542,2587,DQUHDYQTJQWOLQ-UHFFFAOYSA-N,CC(=O)Nc1ccc(-c2cc3ccc2CCc2ccc(cc2)CC3)cc1,Bruker IFS 88,373.96442,3997.453,2559,4.0,False,False,Diamant-ATR,dev
ba69a5ec-9357-4537-aa30-0c6869fd3d1d,501516,44471,OKQDAHHBTSZMHD-XJYZWLLDSA-N,CCOC(=O)[C@@H]1C[C@@H](c2c[nH]c3cc(F)ccc23)C[C@@H](c2c[nH]c3cc(F)ccc23)N1c1ccc(OC)cc1,Bruker ALPHA,373.96442,3997.453,2559,4.0,False,False,ATR platinum Diamond 1 Refl,confirm
ba6f5537-212e-4e8a-91b4-75310b3fa7fd,507377,45966,AICNJBZHCMEDFX-UHFFFAOYSA-N,N=S(=O)(Cc1ccccc1)C12CC(C1)C2,Bruker Alpha ATR,373.96442,3997.453,2559,4.0,False,False,Diamant-ATR,confirm
ba87f6db-b48e-410f-8bd9-0c9a633b260d,500980,44337,BLIQDKQGZDUBOT-BSNBDQLPSA-N,CC12CC[C@H](O)CC1CCC1[C@@H]2CC[C@]2(C)C(I)=CC[C@@H]12,Bruker ALPHA,373.96442,3997.453,2559,4.0,False,False,Diamant-ATR,confirm
ba94bc32-1b0a-4155-97b9-f09c8def753a,577109,62669,JUJUWEBLNYJZJO-UHFFFAOYSA-N,O=C(c1ccccc1)N1Cc2cn(C3CCCC3)nc2N=N1,Bruker ALPHA,373.96442,3997.453,2559,4.0,False,False,Diamant-ATR,confirm
bac99d8f-4b8e-4f7c-af1c-082845f86279,637709,79207,PJSXBWDVIGHOEZ-JLXBFWJWSA-N,Cc1nc2ccccc2nc1/C=C/c1nc2ccccc2nc1/C=C/c1nc2ccccc2nc1C1OCC(CC(F)(F)C(F)(F)C(F)(F)C(F)(F)C(F)(F)C(F)(F)C(F)(F)C(F)(F)F)O1,Bruker Alpha ATR,373.96442,3997.453,2559,4.0,False,False,Diamant-ATR,confirm
bacc527b-b126-471a-a491-96f65bfa62bc,677001,88044,MROLNKQGHLLVEZ-UHFFFAOYSA-N,O=C(c1ccc(C(F)(F)F)cc1)N(Cc1ccccc1)c1ccccc1C#Cc1ccccc1,Bruker Alpha-P ATR,373.96442,3997.453,2559,4.0,False,False,Diamant-ATR,dev
baf09b26-6d92-4d90-b1f2-e648e7c7c195,3223,997,ZJKJZBYZQGISDQ-VHEBQXMUSA-N,C(/N=N/c1ccc(Oc2ccccc2)cc1)=C1SCCCS1,,373.82813,3997.4121,2560,4.0,False,False,ATR platinum Diamond 1 Refl,confirm
bb0ff47a-3693-4374-984a-30b6e56aef6d,549724,55090,SZPZAHVJIQVVHN-UHFFFAOYSA-N,O=[N+]([O-])c1ccccc1C(O)c1ccncc1,Bruker Ascend 400 MHz,373.96442,3997.453,2559,4.0,False,False,Diamant-ATR,confirm
bb12e476-cc9c-4a89-b9db-716b99d2ebf6,637818,79225,PFSLDHWSUPFZPK-UHFFFAOYSA-N,Cc1ccc(C(C)C)c2cc(Cc3ccccc3)c(=O)oc12,Bruker Alpha-P ATR,373.96442,3997.453,2559,4.0,False,False,Diamant-ATR,confirm
bbadf8bc-6cf4-4a9e-b997-bbe19c52a383,500876,44311,BAJBHTBLUNRXDY-UKTHLTGXSA-N,CCCCCn1cc(C(=O)/C=C/CC(C)C)c2ccccc21,Bruker ALPHA,373.96442,3997.453,2559,4.0,False,False,Diamant-ATR,confirm
bbca8c4d-3bfa-49bd-ba58-78bec8ad360a,500464,44208,UNCZOGOEDVQSFL-UHFFFAOYSA-N,C#CCCCn1cc(C(=O)c2cccc3ccccc23)c2ccccc21,Bruker ALPHA,373.96442,3997.453,2559,4.0,False,False,Diamant-ATR,dev
bbe91633-3207-432c-9bb7-51b8490a8b5e,499572,43985,CISCVXHQTKKFNJ-UHFFFAOYSA-N,CC(C)c1ccc(NC(=S)Nc2ccc(C(C)C)cc2)cc1,Bruker ALPHA,373.96442,3997.453,2559,4.0,False,False,Diamant-ATR,dev
bc0159c4-cd67-4e4c-9d79-9a0a8155ee20,500540,44227,VYPZGHXEPUXQIY-UHFFFAOYSA-N,[N-]=[N+]=NCc1cc(-c2ccc(C(=O)O)cc2)c(CN=[N+]=[N-])cc1-c1ccc(C(=O)O)cc1,Bruker ALPHA,373.96442,3997.453,2559,4.0,False,False,ATR platinum Diamond 1 Refl,confirm
bc204808-a18d-4c26-91ea-52ea2e4ab667,499556,43981,UHYDDOIFNOMWMG-UHFFFAOYSA-M,CCOC(=O)CN(CCCC[P+](c1ccccc1)(c1ccccc1)c1ccccc1)C(=O)OCC1c2ccccc2-c2ccccc21.[Br-],Bruker ALPHA,373.96442,3997.453,2559,4.0,True,False,Diamant-ATR,confirm
bc267544-d0c8-4c5c-8f8a-2b372306bd9a,676385,87889,FXLWEFFTBPOLEW-UHFFFAOYSA-M,CN(C)c1cc2c(/C=C/c3cc[n+](C)cc3)cc1CCc1ccc(cc1)CC2.[I-],FTIR Bruker IFS 88,373.96442,3997.453,2559,4.0,True,False,Diamant-ATR,dev
bc4af457-3234-4b11-a6fe-84d73581e883,499136,43876,MNZSUGIBHJBDRX-UHFFFAOYSA-N,O=C(O)C(CO)NC(=O)C(F)(F)F,Bruker ALPHA,373.96442,3997.453,2559,4.0,False,False,Diamant-ATR,confirm
bc6ed617-5381-4c87-8807-998c0212b69d,531078,50928,OPAWPZCMGGZOAK-UHFFFAOYSA-N,COc1cc(C(=O)c2cc(NC(C)=O)ccc2Br)c(OC)c2ccccc12,BRUKER Alpha P,373.96442,3997.453,2559,4.0,False,False,Diamant-ATR,confirm
bc8dff65-304c-46fe-a3d7-7c8b25be11be,499664,44008,YEPRELRXXSNKGS-UHFFFAOYSA-N,CC(C)c1ccc(CC(C)C(C#Cc2ccccc2)N(Cc2ccccc2)Cc2ccccc2)cc1,Bruker ALPHA,373.96442,3997.453,2559,4.0,False,False,Diamant-ATR,confirm
bcac8811-22c0-40b6-b1b9-6770a081f6e8,495359,42928,VTOQYSGXCLAIIC-ZBBVTPHISA-N,C1=C/C2=C(\c3ccccc3)c3ccc4[n]3[Zn][n]3/c(cc/c3=C(\c3ccccc3)C3=N/C(=C\4c4ccc(-c5cc6ccc5CCc5ccc(cc5)CC6)cc4)C=C3)=C(/c3ccccc3)C1=N2,Bruker ALPHA-T,373.96442,3997.453,2559,4.0,False,True,Diamant-ATR,dev
bcaf03f8-eeaa-4e8a-8567-b6b10b2643f7,504030,45100,ARANCIPPBYNJPL-UHFFFAOYSA-N,Nc1ccc(-c2cc3ccc2CCc2ccc(cc2)CC3)cc1,Bruker IFS88,373.96442,3997.453,2559,4.0,False,False,Diamant-ATR,dev
bcb10d00-1e7b-49b5-aa92-13b7ac179f0d,502116,44621,UCTLSBFUHGKNPL-UHFFFAOYSA-N,CC(=O)C1SCCCS1,Bruker ALPHA,399.65625,3996.5625,1765,4.0,False,False,Instrument type and / or accessory,dev
bcb1ffd7-ab74-4352-b9a0-3c8b5756adc0,593324,68338,KPRSIIAWIWZXCG-UHFFFAOYSA-N,CC(=O)OCCn1cc2c(n1)N=NN(C(C)=O)C2,Bruker ALPHA,373.96442,3997.453,2559,4.0,False,False,Diamant-ATR,confirm
bcbde1c4-6a68-4fed-8042-06fac8a6da2c,558135,56894,CYCAXLGFKDSWNS-BYCLXTJYSA-N,CC(C)N(/N=N/c1nn(Cc2ccccc2)cc1CNC(=O)c1ccccc1)C(C)C,Bruker ALPHA,373.96442,3997.453,2559,4.0,False,False,Diamant-ATR,confirm
bd3b0e77-7246-493b-8d46-a4d7f1852abc,502620,44747,YPKVBMWYNZEMPS-UHFFFAOYSA-N,CC(O)C1SCCCS1,Bruker ALPHA,399.65625,3996.5625,1765,4.0,False,False,Instrument type and / or accessory,confirm
bd5f05dc-d490-4ff1-8dfc-f0a2015e8b37,634732,78607,TTXGKCVKGXHPRI-UHFFFAOYSA-N,Nc1cc(Br)c(Br)cc1N,Bruker Ascend 400 MHz,373.96442,3997.453,2559,4.0,False,False,Diamant-ATR,confirm
bd5f4be0-15ce-4fc0-a008-ea2e4eefbcbb,633712,78374,OMFHQPMDZXRDRM-UHFFFAOYSA-N,Cc1ccccc1CN(C(=O)C(F)(F)C(F)(F)C(F)(F)C(F)(F)C(F)(F)C(F)(F)C(F)(F)F)c1ccccc1C#Cc1ccccc1,Bruker Alpha-P ATR,373.96442,3997.453,2559,4.0,False,False,Diamant ATR,confirm
bd631480-a081-43ff-aed5-e54fabe87586,660371,84424,YAGXJTGFNACZEO-UHFFFAOYSA-N,Cc1ccc(C(C)(C)C)c(O)c1C=O,Bruker Alpha-P ATR,373.96442,3997.453,2559,4.0,False,False,Diamant-ATR,confirm
bd97b59d-538d-479e-b6ad-a335def9d4f8,501196,44391,LWYYQYHFBVLACQ-UHFFFAOYSA-N,CCc1cc2c(OC)cc(OC)cc2oc1=O,Bruker ALPHA,373.96442,3997.453,2559,4.0,False,False,ATR platinum Diamond 1 Refl,dev
bda4487c-9602-4a4f-ad13-89d285340a23,499508,43969,OKCSJQDCWACJSG-UHFFFAOYSA-N,Cc1cc(O)c2c(c1)OC1(C)C(=C(O)CCC1O)C2=O.O=C=O,Bruker ALPHA,373.96442,3997.453,2559,4.0,True,False,Diamant-ATR,confirm
bdb868f4-e3fe-4559-a0f7-09d8c107e4f4,499152,43880,KFZLLKPLGAGZIK-UHFFFAOYSA-N,CC1CC=C(O[Si](C(C)C)(C(C)C)C(C)C)CC1,Bruker ALPHA,373.96442,3997.453,2559,4.0,False,False,Diamant-ATR,confirm
bdd8878c-9e47-4d8b-abc6-e29551ea1a59,501672,44510,WEAUXDVXOZKGSX-UHFFFAOYSA-N,COc1ccc(SC23CC(C2)C3)cc1,Bruker ALPHA,373.96442,3997.453,2559,4.0,False,False,ATR platinum Diamond 1 Refl,confirm
bdf3a197-8ef7-4640-a6d7-3794fa467104,489632,41731,GOUDGRBOWFMVRW-UHFFFAOYSA-N,O=C1OC(C(F)(F)F)N=C1c1ccccc1,Bruker Alpha,373.96442,3997.453,2559,4.0,False,False,Diamant-ATR,confirm
bdf690d2-04d2-4eb2-9a00-9c6e27253ffd,565731,59236,IMWDMLSOKBIFMM-UHFFFAOYSA-N,CC(C)(Cl)Cc1ccc(-c2ccccc2)cc1,Bruker Alpha ATR,373.96442,3997.453,2559,4.0,False,False,ATR platinum Diamond 1 Refl,confirm
bdfd81d3-897a-45a1-8365-f858315ee932,519034,48555,FNNOEKVUXXVPAI-UHFFFAOYSA-N,C1=Cc2nc1cc1ccc([nH]1)c(-c1ccccc1)c1nc(cc3ccc([nH]3)c2-c2ccccc2)C=C1,IR,373.96442,3997.453,2559,4.0,False,False,Diamant-ATR,confirm
be150fd5-06c8-4132-a72f-685007be3b43,641109,79897,YCMNRDITMRMPHO-UHFFFAOYSA-N,COP(=O)(OC)c1coc2ccccc12,Bruker Alpha ATR,373.96442,3997.453,2559,4.0,False,False,Diamant ATR,confirm
be1527fa-af04-4466-934b-8888c40a1cac,629087,77506,HPWSELBHSNTVDQ-UHFFFAOYSA-N,CCCCc1cn(-c2nc3ccccc3nc2N)nn1,Bruker Alpha ATR,373.96442,3997.453,2559,4.0,False,False,Diamant-ATR,confirm
be2fbe1c-a1a9-4720-8330-9f035b8c8a83,512161,47142,KANGAXORBOIEAH-UHFFFAOYSA-N,CC(C)N(C(=O)Nc1cc2ccc1CCc1ccc(cc1)CC2)C(C)C,"Bruker, model IFS 88",373.96442,3997.453,2559,4.0,False,False,Diamant- ATR,confirm
be3408d1-4954-4b61-86b7-cfbe6f4eacd1,639006,79506,XTTRESRELVZMEH-UHFFFAOYSA-N,CN(C)c1ccnc2c([N+](=O)[O-])cccc12,SHIMADZU IRTRACER-100,249.7859,4000.433,3890,,False,False,,confirm
be355332-7b88-4540-abdd-befae78d44ef,529237,50547,XJPGGGQOGSIZDY-UHFFFAOYSA-L,Fc1ccc(P(c2ccc(F)cc2)c2ccccn2)cc1.[Cu][I].[Cu][I].c1ccc(P(c2ccccc2)c2ccccc2)cc1.c1ccc(P(c2ccccc2)c2ccccc2)cc1,IR,373.96442,3997.453,2559,4.0,True,True,Diamant-ATR,confirm
be3e44ca-e0b1-478c-ad8c-793e46db441f,512423,47188,VMBNKDPNTRHCJF-UHFFFAOYSA-N,Cc1ccc(-c2nnc(-c3c(-n4c5ccccc5c5ccccc54)c(C#N)c(-n4c5ccccc5c5ccccc54)c(-n4c5ccccc5c5ccccc54)c3-n3c4ccccc4c4ccccc43)o2)cc1,"Bruker, IFS 88",373.96442,3997.453,2559,4.0,False,False,ATR platinum Diamond 1 Refl,dev
be5fddc5-97ac-4ad1-9400-c629f2db6b61,526878,50112,JHIPIVSVOWBYSS-UHFFFAOYSA-L,Cc1ccc(P(c2ccc(C)cc2)c2cc(C)ccn2)cc1.Fc1ccc(P(c2ccc(F)cc2)c2ccc(F)cc2)cc1.Fc1ccc(P(c2ccc(F)cc2)c2ccc(F)cc2)cc1.[Cu][I].[Cu][I],IR,373.96442,3997.453,2559,4.0,True,True,Diamant-ATR,confirm
be8d389f-15cc-40d6-a611-e3043a1b5c25,514417,47586,NOWQHDRUEYRYJH-UHFFFAOYSA-N,O=[N+]([O-])c1ccc(-c2nc3cc(C(F)(F)F)ccc3s2)cc1,Bruker Alpha ATR,373.96442,3997.453,2559,4.0,False,False,Diamant-ATR,dev
bea6197c-97c4-4174-9200-f17305a947d5,500860,44307,BMIMNRPAEPIYDN-UHFFFAOYSA-N,Cc1nc2ccccc2[nH]c1=O,Bruker ALPHA,373.96442,3997.453,2559,4.0,False,False,Diamant-ATR,confirm
beb9ec3a-11da-421d-b40b-17f3f8d8e3e9,537443,52402,WQBRWQVOHSENAT-UHFFFAOYSA-N,CCOC(=O)c1ccc(-c2c3nc(c(-c4ccc(OC)cc4OC)c4ccc([nH]4)c(-c4ccc(C(=O)OCC)cc4)c4nc(c(-c5ccc(OC)cc5OC)c5ccc2[nH]5)C=C4)C=C3)cc1,Bruker ALPHA-T,373.96442,3997.453,2559,4.0,False,False,Diamant-ATR,confirm
bed3576a-0c03-4abe-8ef1-7d2e5778f5e2,500108,44119,PRWATGACIORDEL-UHFFFAOYSA-N,N#Cc1c(-n2c3ccccc3c3ccccc32)c(C#N)c(-n2c3ccccc3c3ccccc32)c(-n2c3ccccc3c3ccccc32)c1-n1c2ccccc2c2ccccc21,Bruker ALPHA,373.96442,3997.453,2559,4.0,False,False,Diamant-ATR,confirm
bedf3271-46c4-4a1e-a334-a7f370e7e304,633687,78370,ZEGYPDBKNKWETI-UHFFFAOYSA-N,O=C1c2ccccc2C(=O)N1CC#Cc1ccccc1N(Cc1ccccc1)C(=O)C(F)(F)C(F)(F)C(F)(F)C(F)(F)C(F)(F)C(F)(F)C(F)(F)F,Bruker Alpha-P ATR,373.96442,3997.453,2559,4.0,False,False,Diamant-ATR,confirm
bee12dc1-eea4-4a42-a134-effeeea01576,508293,46169,JTJKNVJLPWBSFH-UHFFFAOYSA-N,CN(C)c1ccc(-c2nc3cc(Cl)ccc3s2)cc1,BRUKER ALPHA,373.82813,3997.4121,2560,4.0,False,False,ATR platinum Diamond 1 Refl,confirm
bef2b3ae-e3af-43c8-82a1-10310e1a42ed,514286,47556,VKEFWPZGDKNHPJ-UHFFFAOYSA-N,CCNc1ccc(-c2nc3cc(C(F)(F)F)ccc3s2)cc1,BRUKER ALPHA,373.96442,3997.453,2559,4.0,False,False,Diamant-ATR,dev
bf3725f8-9c4b-4231-a006-04ec688b35b5,499732,44025,FVHZCBQLLFLQAG-UHFFFAOYSA-N,O=[N+]([O-])c1ccc(-c2c3nc(c(-c4ccc([N+](=O)[O-])cc4)c4ccc([nH]4)c(-c4ccc([N+](=O)[O-])cc4)c4nc(c(-c5ccc([N+](=O)[O-])cc5)c5ccc2[nH]5)C=C4)C=C3)cc1,Bruker ALPHA,373.96442,3997.453,2559,4.0,False,False,Diamant-ATR,confirm
bf6020ad-dd6e-4041-b0f1-88595755f8b2,510186,46645,BHYVHYPBRYOMGC-UHFFFAOYSA-N,CCOC(=O)c1ccc(C=O)cc1,IR,373.96442,3997.453,2559,4.0,False,False,Diamant-ATR,dev
bf9c967c-81b0-4ca2-a920-ad6c12bd7386,513073,47304,JUYJSFSZARWDPQ-UHFFFAOYSA-N,N#Cc1ccc(-c2nnc(-c3c(-n4c5ccccc5c5ccccc54)c(C#N)c(-n4c5ccccc5c5ccccc54)c(-n4c5ccccc5c5ccccc54)c3-n3c4ccccc4c4ccccc43)o2)cc1,"Bruker, IFS 88",373.96442,3997.453,2559,4.0,False,False,Diamant-ATR,confirm
bfa050b1-60bc-4f95-b700-311a2a4bd57f,633471,78329,LNOKIIDFJHLSLH-UHFFFAOYSA-N,CCCN(C(=O)C(F)(F)C(F)(F)C(F)(F)C(F)(F)C(F)(F)C(F)(F)C(F)(F)F)c1ccccc1C#Cc1ccc(OC)cc1,Bruker Alpha-P ATR,373.96442,3997.453,2559,4.0,False,False,Diamant-ATR,confirm
bfd34f3c-f50b-41ad-81e2-9aade606e696,501792,44540,AEGXSHHZDJKHLN-UHFFFAOYSA-N,[N-]=[N+]=NCc1nc2ccccc2[nH]c1=O,Bruker ALPHA,373.96442,3997.453,2559,4.0,False,False,ATR platinum Diamond 1 Refl,confirm
bfd93362-2fb2-47f0-9f93-cabdc6138ff7,499540,43977,LWOICRRDWHFJTH-UHFFFAOYSA-N,c1ccc(CCC2CSCSC2)cc1,Bruker ALPHA,373.96442,3997.453,2559,4.0,False,False,Diamant-ATR,confirm
c01e8c63-dfb6-4aac-bde3-f6ea893bab99,499820,44047,GLVOXVCTGAISRY-UHFFFAOYSA-N,COc1cc(I)c(OC)cc1I,Bruker ALPHA,373.96442,3997.453,2559,4.0,False,False,Diamant-ATR,confirm
c0305930-5837-4578-ba50-9a393bc01253,500184,44138,UXMFAFQHIVJXPP-UHFFFAOYSA-N,CCCCCn1nc(NC(=O)c2ccccc2)c2cccc(C(F)(F)F)c21,Bruker ALPHA,373.96442,3997.453,2559,4.0,False,False,Diamant-ATR,dev
c0454808-5396-4205-9d0a-595bf8e417ef,501984,44588,RPRDUFNKEBNDAN-UHFFFAOYSA-N,COc1cc(OC)c2cc(Cc3ccccc3C)c(=O)oc2c1,Bruker ALPHA,399.65625,3996.5625,1765,4.0,False,False,Instrument type and / or accessory,confirm
c07d3761-14eb-4231-8105-618658504dc7,672809,87067,PXXDVSMLHGSDBP-UHFFFAOYSA-N,O=C(c1c(-c2ccc(F)cc2)n(Cc2ccc(F)cc2)c2ccccc12)C(F)(F)C(F)(F)C(F)(F)C(F)(F)C(F)(F)C(F)(F)C(F)(F)F,Bruker Alpha-P ATR,373.96442,3997.453,2559,4.0,False,False,ATR Diamant,confirm
c0906d62-504b-4eb2-9f3c-74e4bd161a60,499280,43912,YMIVMZWPBGUNRO-UHFFFAOYSA-N,Cc1ccccc1Cc1cc2c(C)c(O)c(C)c(C)c2oc1=O,Bruker ALPHA,373.96442,3997.453,2559,4.0,False,False,Diamant-ATR,confirm
c0a5ed07-ef58-479a-a929-23e3ad134afa,501876,44561,MGONIJZZOSXFHN-UHFFFAOYSA-N,CCOC(=O)CNCCC(=O)OC(C)(C)C,Bruker ALPHA,373.96442,3997.453,2559,4.0,False,False,ATR platinum Diamond 1 Refl,confirm
c0b0505c-a94f-4eda-882a-219fdb7e253c,546849,54499,ZFLBCZPKAOUAJE-UHFFFAOYSA-J,Cc1cccc(P(c2ccccc2)c2ccccc2)n1.Cc1cccc(P(c2ccccc2)c2ccccc2)n1.[Cu][I].[Cu][I].[Cu][I].[Cu][I],IR,373.96442,3997.453,2559,4.0,True,True,Diamant-ATR,confirm
c0b16613-1f57-41c2-83d3-7a1287e3af78,672934,87083,HZWGYARODZYKRN-UHFFFAOYSA-N,CCCn1c(-c2ccccc2)c(C(=O)C(F)(F)C(F)(F)C(F)(F)C(F)(F)C(F)(F)C(F)(F)C(F)(F)F)c2ccccc21,Bruker Ascend 400 MHz,373.96442,3997.453,2559,4.0,False,False,Diamant-ATR,confirm
c0b4dd32-2491-4529-b1bc-6c8fbdddb77b,501972,44585,BHYAUNHYQIYLTH-GHMGYCISSA-N,NC(=O)CCC1NC(=O)[C@H]2CCCN2C(=O)[C@H](Cc2ccccc2)NC(=O)[C@H](Cc2ccccc2)NC(=O)[C@H](CCC(N)=O)NC(=O)[C@H]2CCCN2C(=O)[C@H](Cc2ccccc2)NC(=O)[C@H](Cc2ccccc2)NC1=O,Bruker ALPHA,399.65625,3996.5625,1765,4.0,False,False,Instrument type and / or accessory,confirm
c0c135cc-a803-4f1d-ba5d-3264aaa047ad,673098,87103,CMRJXBBRHLJGQM-UHFFFAOYSA-N,COc1ccc(-c2c(C(=O)C(F)(F)C(F)(F)C(F)(F)C(F)(F)C(F)(F)C(F)(F)C(F)(F)F)c3ccccc3n2Cc2ccccc2)cc1,Bruker Alpha-P ATR,373.96442,3997.453,2559,4.0,False,False,Diamant-ATR,confirm
c0e80481-6743-487d-8ed8-91a13b3b05e9,500856,44306,HIRILKNKRVZJAD-NVQSTNCTSA-N,CC(C)N(/N=N/c1c(CNC(=O)c2cccc3ccccc23)cccc1C(F)(F)F)C(C)C,Bruker ALPHA,373.96442,3997.453,2559,4.0,False,False,Diamant-ATR,confirm
c0ef9869-b818-4b63-ba5a-42af36864071,500452,44205,UAPJKEJWOPOJJY-UHFFFAOYSA-N,COC(=O)c1cc(OC)ccc1[N+](=O)[O-],Bruker ALPHA,373.96442,3997.453,2559,4.0,False,False,Diamant-ATR,confirm
c127eb42-7093-431a-8671-0b45b252c383,508934,46328,ULGWFAYNZHAPTG-UHFFFAOYSA-N,COc1ccc(N2c3ccccc3C(C)(C)c3ccccc32)cc1Cl,Bruker Alpha ATR,373.96442,3997.453,2559,4.0,False,False,ATR platinum Diamond 1 Refl,confirm
c140cdfc-9524-4b3f-9fa3-c3848a742b23,630710,77809,HAYOWNBKGQFXIH-UHFFFAOYSA-N,CN(C)Cc1cc2ccc1CCc1ccc(cc1)CC2,Bruker Alpha ATR,373.96442,3997.453,2559,4.0,False,False,Diamant-ATR,confirm
c148a415-cc2b-4b1c-a908-a9471588e96b,594036,68526,FJGPNDURHCLNNX-UHFFFAOYSA-N,C1=Cc2nc1c(-c1ccccc1)c1ccc([nH]1)c(-c1ccccc1)c1nc(c(-c3ccccc3C(c3ccc[nH]3)c3ccc[nH]3)c3ccc([nH]3)c2-c2ccccc2)C=C1,IR,373.96442,3997.453,2559,4.0,False,False,Diamant-ATR,confirm
c15578c7-e443-4465-bf69-dc64c0645842,500940,44327,OMHGNVWHHANWNN-UHFFFAOYSA-N,CC(ON1C(C)(C)CCCC1(C)C)c1ccc(C(c2ccc(C(C)ON3C(C)(C)CCCC3(C)C)cc2)(c2ccc(C(C)ON3C(C)(C)CCCC3(C)C)cc2)c2ccc(C(C)ON3C(C)(C)CCCC3(C)C)cc2)cc1,Bruker ALPHA,373.96442,3997.453,2559,4.0,False,False,Diamant-ATR,confirm
c159454d-a50e-4c03-9ac2-46bbd1c96cef,502795,44787,BMIMNRPAEPIYDN-UHFFFAOYSA-N,Cc1nc2ccccc2[nH]c1=O,Bruker ALPHA,373.96442,3997.453,2559,,False,False,,confirm
c16d3cb6-ddd8-4369-aa05-0ed3330c540e,499568,43984,RQNQPHZCXUKDOL-UHFFFAOYSA-N,Oc1c2ccc(c1-c1cc[nH]n1)CCc1ccc(cc1)CC2,Bruker ALPHA,373.96442,3997.453,2559,4.0,False,False,Diamant-ATR,confirm
c1dde538-b7c1-4e1b-9751-63eced8a4fe4,502260,44657,LFPUGENPUAERSG-UHFFFAOYSA-N,Cc1cc([N+](=O)[O-])cc(C)[n+]1[O-],Bruker ALPHA,399.65625,3996.5625,1765,4.0,False,False,Instrument type and / or accessory,confirm
c21aaf91-5b4c-4dee-a71b-c57e239be16e,608938,72682,FKHNZQFCDGOQGV-UHFFFAOYSA-N,Cc1nc2ccccc2nc1C,Bruker Alpha ATR,373.96442,3997.453,2559,4.0,False,False,Diamant-ATR,confirm
c22ad5d7-ce1d-495d-a116-ee3933e39758,501316,44421,GSGZQFZXIPIVDE-UHFFFAOYSA-N,CCCCn1cc(C(=O)CC)c2cc(C#N)ccc21,Bruker ALPHA,373.96442,3997.453,2559,4.0,False,False,ATR platinum Diamond 1 Refl,confirm
c27946b8-f18a-4afd-b1f9-8098b426a396,499864,44058,OYKLQGVMJMPACF-UHFFFAOYSA-N,CCCCc1cc2c(C)c(OC)c(C)c(C)c2oc1=O,Bruker ALPHA,373.96442,3997.453,2559,4.0,False,False,Diamant-ATR,confirm
c290e4ea-4be4-4a07-a0fd-92a7cfe9eaa5,529542,50606,HLAWRRUFCGGHOP-UHFFFAOYSA-N,Cc1nc2ccccc2nc1N(C(=O)OC(C)(C)C)C(=O)OC(C)(C)C,Bruker Alpha ATR,373.96442,3997.453,2559,4.0,False,False,Diamant-ATR,confirm
c2ab591f-7de0-428a-ac7f-6a7cc226bf1a,500996,44341,QQHBACMQHDBWBT-UHFFFAOYSA-N,CCCCc1cc2c(OC)cc(OC)cc2oc1=O,Bruker ALPHA,373.96442,3997.453,2559,4.0,False,False,Diamant-ATR,confirm
c2af2eb9-7939-425e-a437-ee1191c37217,503582,45013,BHYVHYPBRYOMGC-UHFFFAOYSA-N,CCOC(=O)c1ccc(C=O)cc1,Bruker ALPHA-T,373.96442,3997.453,2559,4.0,False,False,Diamant-ATR,dev
c2c3846e-6a95-4eb8-878c-e0ce1e2f8a2a,499844,44053,HKSXVOUAEWPBKY-UHFFFAOYSA-N,Cc1cc(Br)c(C(C)C)c(C=O)c1O,Bruker ALPHA,373.96442,3997.453,2559,4.0,False,False,Diamant-ATR,confirm
c3070def-7806-45df-9904-df89d267bbd6,500600,44242,XJWJEKCATJZECP-WWOJFQDFSA-N,C=CCO[C@@H]1OC(COCc2ccccc2)[C@@H](O)[C@H](O[C@@H]2OC(CF)[C@@H](O)[C@H](O)C2O)C1NC(C)=O,Bruker ALPHA,373.96442,3997.453,2559,4.0,False,False,ATR platinum Diamond 1 Refl,confirm
c3513e53-1e38-4a5b-aa10-d6eb0989dfe6,504198,45156,KQCLIPDQNRFBFB-UHFFFAOYSA-N,Cc1ccc(-c2cc3ccc2CCc2ccc(cc2)CC3)cc1,Bruker IFS88,373.96442,3997.453,2559,4.0,False,False,Diamant-ATR,dev
c398d449-9339-4a8b-b072-1113606372d1,502024,44598,XXTKORQHKOYXIH-UHFFFAOYSA-N,O=Cc1ccc(C2OCCO2)cc1,Bruker ALPHA,373.96442,3997.453,2559,4.0,False,False,ATR platinum Diamond 1 Refl,dev
c3ca174b-12a5-4409-9994-e866e44d5b86,499924,44073,BTTKMQSVZMBGJI-HVCHMMKDSA-N,C=CC(=O)N1[C@@H](C(=O)OC(C)(C)C)C[C@@H](C(=O)N2[C@H](C(=O)OC)C[C@H](C(=O)O[C@@H]3C[C@H](C)CC[C@H]3C(C)C)[C@@H]2c2ccccc2)[C@H]1c1ccccc1,Bruker ALPHA,373.96442,3997.453,2559,4.0,False,False,Diamant-ATR,confirm
c3e8478b-81d9-4257-adf1-8a4ba4639ea7,527680,50246,XHFJIHLNMPUPEE-UHFFFAOYSA-L,Cc1ccnc(P(c2ccccc2)c2ccccc2)c1.Fc1ccc(P(c2ccc(F)cc2)c2ccc(F)cc2)cc1.Fc1ccc(P(c2ccc(F)cc2)c2ccc(F)cc2)cc1.[Cu][I].[Cu][I],IR,373.96442,3997.453,2559,4.0,True,True,Diamant-ATR,dev
c42b953c-dab7-4747-92c0-c79b014e8b16,613261,74103,VNCUUDZWWXLIKY-UHFFFAOYSA-N,C[Si](C)(C)C#Cc1cnc2ccccc2n1,Bruker Alpha ATR,373.96442,3997.453,2559,4.0,False,False,Diamant-ATR,confirm
c43c056c-e56f-403a-8b94-5b66eafd365e,500116,44121,AVPSDINEZNTHQB-UHFFFAOYSA-N,CCCCCc1cc(OC)c2c(c1)OC(C)(C)C(Cc1ccccc1C)=C2,Bruker ALPHA,373.96442,3997.453,2559,4.0,False,False,Diamant-ATR,confirm
c453a6ba-ebcd-4484-9d9b-9f03a7765005,499184,43888,XGHNLHVZHBSTHO-UHFFFAOYSA-N,CC(C)(C)OC(=O)NCCSSCCN,Bruker ALPHA,373.96442,3997.453,2559,4.0,False,False,Diamant-ATR,confirm
c46b7e4a-9f0c-4c76-983f-d61d052c1359,525407,49900,LYFFZXWVFDIRLC-UHFFFAOYSA-N,Cc1ccc(C)c2oc(=O)c(C(C)C)cc12,Bruker Alpha ATR,373.82813,3997.4121,2560,4.0,False,False,Diamant ATR,confirm
c4a290d2-2f31-45ac-88ca-335a9a1a1ac3,501840,44552,NMAVCVIQUNAVOI-FSRLPRDNSA-N,CCCCCCCCCCCNCC(=O)N(CC(N)=O)C[C@@]1(C)CCC[C@]2(C)c3cc(C(C)C)ccc3CC[C@@H]12,Bruker ALPHA,373.96442,3997.453,2559,4.0,False,False,ATR platinum Diamond 1 Refl,dev
c4a4d8df-4fd6-45d8-ba09-d5381f63b44a,499296,43916,QWZVUKSWHOPBIP-GHVJWSGMSA-N,Nc1ccc(/N=N/N(Cc2ccccc2)Cc2ccccc2)cc1,Bruker ALPHA,373.96442,3997.453,2559,4.0,False,False,Diamant-ATR,confirm
c4b83388-2538-470a-b10f-b974c4bab37b,501164,44383,UAXJYZLOXJOJRS-UHFFFAOYSA-N,BrC1=C(Br)CCCC1,Bruker ALPHA,373.96442,3997.453,2559,4.0,False,False,Diamant-ATR,confirm
c4e6b778-2c57-4f30-8a10-62b2d3e481e0,499580,43987,VTUDATOSQGYWML-UHFFFAOYSA-N,Oc1ncc(Br)cn1,Bruker ALPHA,373.96442,3997.453,2559,4.0,False,False,Diamant-ATR,confirm
c4f177f0-92e5-44f2-b341-9d9c68a7379c,516467,48066,PKGSVPTXNGODPM-UHFFFAOYSA-N,Cc1ccc(CNc2ccccc2I)cc1,Bruker Alpha-P ATR,373.96442,3997.453,2559,,False,False,,confirm
c4f860ee-d9c6-4302-8ef9-d30ded7801ce,23738,2875,QPDCTMHEKHWBQO-UHFFFAOYSA-N,FC(F)(F)C(F)(F)C(F)(F)C(F)(F)C(F)(F)C(F)(F)C(F)(F)c1nnc(-c2c(-n3c4ccccc4c4ccccc43)c(-c3nnc(C(F)(F)C(F)(F)C(F)(F)C(F)(F)C(F)(F)C(F)(F)C(F)(F)F)o3)c(-n3c4ccccc4c4ccccc43)c(-n3c4ccccc4c4ccccc43)c2-n2c3ccccc3c3ccccc32)o1,,373.96442,3997.453,2559,4.0,False,False,Diamant-ATR,confirm
c5038324-075d-4c1f-9713-5c2c95064f39,646098,81214,KIHVWJURLQWPBM-UHFFFAOYSA-L,CN(C)C(=NCc1cc(N(C)C)ccn1)N(C)C.CN(C)C(=NCc1cc(N(C)C)ccn1)N(C)C.[Br-].[Br-].[Cu+2],Perkin Elmer BX FT-IR,249.7859,4000.433,3890,,True,True,,confirm
c5279f8a-9644-4ac4-8894-014faa75c22f,630628,77791,GCSOCNSAUQLHSB-UHFFFAOYSA-N,COP(=O)(OC)c1ccccc1C,Bruker Alpha ATR,373.96442,3997.453,2559,4.0,False,False,Diamant-ATR,confirm
c52a7555-2955-4159-8aa2-e68b472cd022,656278,83608,KESLSXGLULXVFT-UHFFFAOYSA-N,c1ccc2c(c1)c(NC1CCCCC1)nc1c2nc2ccccn21,Bruker Alpha ATR,373.96442,3997.453,2559,4.0,False,False,Diamant-ATR,dev
c54520cd-aa46-4599-b9ee-f78cbe729387,636823,79015,JUTBIEGEKGNYJD-PNBBGTCESA-N,Cc1nc2ccccc2nc1/C=C/c1nc2ccccc2nc1/C=C/c1nc2ccccc2nc1OCCCCCCCCCCCCO[Si](C)(C)C(C)(C)C,Bruker Alpha ATR,373.96442,3997.453,2559,4.0,False,False,Diamant-ATR,confirm
c57931ab-195d-4550-9593-91025c190da3,522367,49300,BYHVGQHIAFURIL-UHFFFAOYSA-N,Clc1cnc2ccccc2n1,Bruker Alpha ATR,373.96442,3997.453,2559,4.0,False,False,Diamant-ATR,dev
c58d3ad0-c096-4fe1-ad86-a4df77f6a30f,501072,44360,WWGWJDBVZPPBII-UHFFFAOYSA-N,c1ccc(Nc2cc3c(-c4ccc5cc6ccccc6cc5c4)cc2CCc2ccc(cc2)CC3)cc1,Bruker ALPHA,373.96442,3997.453,2559,4.0,False,False,Diamant-ATR,confirm
c5ac893e-ecc2-45a4-a0f9-fff2b87ec39a,657398,83858,VQYHDOFNDCKODK-UHFFFAOYSA-N,FC(F)(F)c1nc2ccccc2n2c(-c3ccccc3)cnc12,Bruker Alpha ATR,373.96442,3997.453,2559,4.0,False,False,Diamant-ATR,dev
c5b45b50-7f1a-42a9-b922-361a30cfe2b9,646118,81221,WEIXDBDWQOPBPR-UHFFFAOYSA-L,CN1CCN(C)C1=NCc1cc(N(C)C)ccn1.CN1CCN(C)C1=NCc1cc(N(C)C)ccn1.[Br-].[Br-].[Cu+2],Perkin Elmer BX FT-IR,249.7859,4000.433,3890,,True,True,,confirm
c5ca2cdb-17f3-4688-af48-dd5b65a5b88b,499616,43996,YAEIKHIKGQPGNF-UHFFFAOYSA-N,CCOC(=O)c1ccccc1C#Cc1cc2ccc1CCc1ccc(cc1)CC2,Bruker ALPHA,373.96442,3997.453,2559,4.0,False,False,Diamant-ATR,confirm
c5f5dc64-4ad9-4811-8bde-3e9f4493efc8,500644,44253,OWHQYDLZZGOEON-UHFFFAOYSA-N,O=Cc1cc2ccc1CCc1ccc(cc1Br)CC2,Bruker ALPHA,373.96442,3997.453,2559,4.0,False,False,Diamant-ATR,confirm
c61c7b6e-3d1e-4003-a119-5c7e0e8dd72e,531056,50922,LQLVWTVLQDYZPH-UHFFFAOYSA-N,COc1cc(Br)c(C(=O)C2=CC(=O)c3ccccc3C2=O)cc1OC,BRUKER Alpha P,373.96442,3997.453,2559,4.0,False,False,Diamant ATR,dev
c6407d1a-feea-4840-acc1-857f8c273e51,499272,43910,RZNJPIOGJGUFNS-UHFFFAOYSA-N,CCCCCc1cc(O)c2cc(Cc3c(C)cc(C)cc3C)c(=O)oc2c1,Bruker ALPHA,373.96442,3997.453,2559,4.0,False,False,Diamant-ATR,dev
c647865e-3d3e-4fd8-aaf6-67aea63d54ea,502436,44701,IGXPACNYQZQIQH-UHFFFAOYSA-N,COc1cc(OC)c2cc(Cc3ccccc3OC)c(=O)oc2c1,Bruker ALPHA,373.96442,3997.453,2559,4.0,False,False,ATR platinum Diamond 1 Refl,dev
c6535ba9-17dd-4ab2-96d2-95d5950e2aee,641199,79914,BXJCTHVLVSCBIG-UHFFFAOYSA-N,COP(=O)(OC)c1ccc2ccccc2c1-c1c(Br)ccc2ccccc12,Bruker Alpha ATR,373.96442,3997.453,2559,4.0,False,False,Diamant-ATR,confirm
c69760a7-65de-4db1-af54-2d041b8d0fee,557204,56654,WSQPCVJPBSUDNZ-XTQSDGFTSA-N,CC(C)N(/N=N/c1nn(Cc2cc(F)cc(F)c2)cc1C#N)C(C)C,BRUKER ALPHA,373.96442,3997.453,2559,4.0,False,False,Diamant-ATR,confirm
c6af9a25-79a2-4c6f-8532-7cdc762973a7,499660,44007,COYHZOWNJOYEHS-WUKNDPDISA-N,C=CCOc1ccc(/N=N/c2ccccc2)cc1,Bruker ALPHA,373.96442,3997.453,2559,4.0,False,False,Diamant-ATR,confirm
c6f762bd-2108-4713-b640-e0adf4fcc8d8,530976,50902,UANJEQXEUPIUPS-UHFFFAOYSA-N,O=C(C1=CC(=O)c2ccccc2C1=O)c1ccccc1Br,BRUKER Alpha P,373.96442,3997.453,2559,4.0,False,False,Diamant-ATR,confirm
c705324e-6b7c-46c9-a22a-979929191b7f,500240,44152,ZNKZCVVAXNXYAK-UHFFFAOYSA-N,O=c1c(-c2ccccc2)nc2ccccc2n1CCCCBr,Bruker ALPHA,373.96442,3997.453,2559,4.0,False,False,Diamant-ATR,confirm
c716f902-1ade-4e19-b4bb-43d9e6a43b7a,499912,44070,XKEGMWVBDJOVIC-JMNOHUDFSA-N,COC(=O)[C@@H]1C[C@H](C(=O)O[C@@H]2C[C@H](C)CC[C@H]2C(C)C)[C@H](c2ccccc2)N1C(=O)[C@@H]1C[C@H](C(=O)OC(C)(C)C)N[C@@H]1c1ccccc1,Bruker ALPHA,373.96442,3997.453,2559,4.0,False,False,Diamant-ATR,confirm
c720d76d-60a3-4046-8ac4-cd1c7ba4f64d,510658,46772,HVPGYAGVCOFPJH-UHFFFAOYSA-N,Fc1ccc(-c2nc3cc(C(F)(F)F)ccc3s2)cc1,BRUKER ALPHA,373.96442,3997.453,2559,4.0,False,False,Diamant-ATR,confirm
c733759f-3b21-414f-b003-2c083bd48d18,605537,71983,XJHPHMLSCVFADT-UHFFFAOYSA-N,C=CC(=O)OCc1cn(-c2cnc3ccccc3n2)nn1,Bruker Alpha ATR,373.96442,3997.453,2559,4.0,False,False,Diamant-ATR,confirm
c7353ad9-7e88-4ade-b1ad-dd37affd3ab0,647761,81632,SYSSVMYYSHYMAQ-UHFFFAOYSA-N,COc1ccc2ccccc2c1-c1c(O)ccc2ccccc12,Bruker ALPHA-T,373.96442,3997.453,2559,4.0,False,False,Diamant-ATR,confirm
c73c1d6b-d36a-4c0b-a7b5-64000b4545af,615033,74571,VJXDMNNLLZYTRN-UHFFFAOYSA-N,CN1Cc2nnnn2-c2ccccc21,Bruker Alpha ATR,373.96442,3997.453,2559,,False,False,,confirm
c763cfec-0a25-49df-b7b7-eaab23bfcb65,648216,81743,RCALJRZMLQRHLX-UHFFFAOYSA-N,CC(=O)CC(C)C(=C1SCCS1)c1ccccc1,Bruker Alpha,373.96442,3997.453,2559,4.0,False,False,Diamant-ATR,confirm
c79b198f-2409-4bee-b8ef-4e0bb3d015d1,501152,44380,DBJOOGRDFUBNQM-UHFFFAOYSA-N,CCCCn1cc(C(C)=O)c2cc(C#N)ccc21,Bruker ALPHA,373.96442,3997.453,2559,4.0,False,False,Diamant-ATR,confirm
c8268bdc-509c-4bbe-881b-f25175f2d9e9,499380,43937,ZTBMTQXYLGOKNE-FUWURINLSA-N,CC(C)(C)[S@](=O)/N=C1/C=CCCC1,Bruker ALPHA,373.96442,3997.453,2559,4.0,False,False,Diamant-ATR,confirm
c83bef9d-c3aa-464e-a2b7-534bbf990dfa,625115,76711,NWYDLOBJQIJDGH-UHFFFAOYSA-N,CCCSc1ccccc1,Bruker Alpha p,373.96442,3997.453,2559,4.0,False,False,Diamant-ATR,confirm
c8452fa1-2654-4bda-9b67-ca14ea273bd7,647818,81650,PRPVEMONBUZVKG-UHFFFAOYSA-N,CCOC(=O)c1ccc(-c2c3nc(c(Oc4ccc5ccccc5c4-c4c(OC)ccc5ccccc45)c4ccc([nH]4)c(-c4ccc(C(=O)OCC)cc4)c4nc(c(Oc5ccc6ccccc6c5-c5c(OC)ccc6ccccc56)c5ccc2[nH]5)C=C4)C=C3)cc1,Bruker ALPHA-T,373.96442,3997.453,2559,4.0,False,False,Diamant-ATR,confirm
c8d18f53-2b00-4ee3-abb7-3a584bad807f,612936,74002,BPLWLYWRZQYGSG-UHFFFAOYSA-N,FC(F)c1ccc(-c2ccccc2)cc1,Bruker Alpha-P ATR,373.96442,3997.453,2559,4.0,False,False,Diamant-ATR,confirm
c8d6d9fc-96cb-43b3-b064-125bd35ad776,608322,72624,RPLOTKMXWPILHZ-UHFFFAOYSA-M,Cc1nc2cc(-c3ccccc3)c(-c3ccccc3)cc2nc1C[P+](c1ccccc1)(c1ccccc1)c1ccccc1.[Br-],Bruker Alpha ATR,373.96442,3997.453,2559,4.0,True,False,Diamant-ATR,confirm
c8f29dfe-11bc-4f06-b611-1167059a819e,580076,63529,DWCHTVQQWOKNGW-RWNQQKCBSA-N,C=C[C@@H](C)[C@H]1CC[C@H]2[C@@H]3C[C@@H](OC)[C@]45C[C@H]4CC[C@]5(C)[C@H]3CC[C@]12C,Bruker Alpha p,373.96442,3997.453,2559,4.0,False,False,Diamant-ATR,dev
c8f68c80-dd3e-4b5f-892d-837ae30499ef,576104,62457,YBGIIZGNEOJSRF-UHFFFAOYSA-N,Brc1ccc(C(c2ccc(Br)cc2)(c2ccc(Br)cc2)c2ccc(Br)cc2)cc1,Bruker Alpha ATR,373.96442,3997.453,2559,4.0,False,False,Diamant-ATR,confirm
c902ba6f-bc47-483c-b2c8-8c337d1bce1d,618809,75474,PMEDBKGAHOFNES-UHFFFAOYSA-N,COC(=O)c1ccc(C(=O)OC)c(N=[N+]=[N-])c1,Bruker Alpha,373.96442,3997.453,2559,4.0,False,False,Diamant-ATR,confirm
c9047ef2-429c-4625-a00d-6bdc3df08eb7,499120,43872,FNFWFAVDUMMRJN-UHFFFAOYSA-N,COC(=O)c1cccc(-n2cccn2)c1,Bruker ALPHA,373.96442,3997.453,2559,4.0,False,False,Diamant-ATR,confirm
c910f83e-9765-4ad2-ac19-1b029ac50548,513518,47388,IYPNRTQAOXLCQW-UHFFFAOYSA-N,SCc1ccc(CS)cc1,"Bruker, model IFS 88",373.96442,3997.453,2559,4.0,False,False,Diamant-ATR,confirm
c9394378-b77b-47fb-a7b3-16885d4f49ec,509091,46368,SWTOBWMVFQISBW-UHFFFAOYSA-N,c1ccc2c(c1)Oc1ccccc1N2c1ccc2c(c1)-c1cccc3c1B(O2)Oc1ccc(N2c4ccccc4Oc4ccccc42)cc1-3,Bruker Alpha ATR,373.96442,3997.453,2559,4.0,False,False,Diamant-ATR,dev
c94c2cb6-c48d-4b87-973d-9f4870fc986f,655182,79142,YTVHCBMSDDDSSN-UHFFFAOYSA-N,Brc1cc2ccc1CCc1ccc(cc1Br)CC2,FTIR Bruker IFS 88,373.96442,3997.453,2559,4.0,False,False,Diamant-ATR,confirm
c96d2c3d-1601-41a2-b2f2-ae6fd1efcecb,500736,44276,DCGRYOJVMVWIEU-UHFFFAOYSA-N,Clc1cc(Cl)cc(SC23CC(C2)C3)c1,Bruker ALPHA,373.96442,3997.453,2559,4.0,False,False,Diamant-ATR,confirm
c975fd25-f6fd-40f5-aa50-7d29fffd7ec5,525656,49948,JPORYHFPBKNNIU-UHFFFAOYSA-N,Cc1c(O)c(C)c2cc(C(C)C)c(=O)oc2c1C,Bruker Alpha ATR,373.96442,3997.453,2559,4.0,False,False,Diamant ATR,confirm
c98ae6d1-beef-4dcb-8129-5dfa819396d5,500388,44189,QURCHRDLUZMPIJ-UHFFFAOYSA-N,O=C(Nc1n[nH]c2c(C(F)(F)F)cccc12)C12CC3CC(CC(C3)C1)C2,Bruker ALPHA,373.96442,3997.453,2559,4.0,False,False,Diamant-ATR,confirm
c990dec8-5570-4e5e-8919-4b3e5b6e95b8,549684,55081,MKUFXENKLAEJKE-UHFFFAOYSA-N,Cc1cc(C(O)c2ccccc2[N+](=O)[O-])cc(C)n1,Bruker Alpha-P ATR,373.96442,3997.453,2559,4.0,False,False,Diamant-ATR,confirm
c9a694e3-50b6-456a-9f7b-5c9c5e1f8daa,502320,44672,CUTZFNQLJBMNRJ-WCZVGJKMSA-N,C=CCO[C@@H]1OC(CN=[N+]=[N-])[C@@H](C)[C@H](OC(C)=O)C1NC(C)=O,Bruker ALPHA,373.96442,3997.453,2559,4.0,False,False,ATR platinum Diamond 1 Refl,confirm
c9bc278f-e647-4840-9b6c-28f717129366,572624,61456,BTTROCMIFCCELH-UHFFFAOYSA-N,CC(O)c1ccc(-c2cc(-c3ccc(C(C)O)cc3)cc(-c3ccc(C(C)O)cc3)c2)cc1,Bruker Alpha ATR,374.0,3997.453,2559,,False,False,,confirm
c9d6dd66-600f-43a6-80b9-de011618202f,502208,44644,NSHPQKDJICKLAZ-UHFFFAOYSA-N,CCCCCCc1cc2c(OC)cc(OCC)cc2oc1=O,Bruker ALPHA,399.65625,3996.5625,1765,4.0,False,False,Instrument type and / or accessory,dev
c9ec7920-a479-4b97-86b2-95b8efa0447f,501444,44453,JBHUSSAUBJVUJG-UHFFFAOYSA-N,COC(=O)c1ccc(-c2ccc(-c3ccc(C(=O)OC)cc3C)cc2)c(C)c1,Bruker ALPHA,373.96442,3997.453,2559,4.0,False,False,ATR platinum Diamond 1 Refl,dev
c9ef257a-158c-4722-8984-e629965ddffe,501580,44487,NJLFBDWFRVYECV-UHFFFAOYSA-N,O=C(c1ccccc1)c1cn(Cc2ccc(C(F)(F)F)cc2)c2ccccc12,Bruker ALPHA,373.96442,3997.453,2559,4.0,False,False,ATR platinum Diamond 1 Refl,confirm
ca146078-1329-42a9-8da1-fad07760fc3a,559409,57281,GZXDXORFZUUVGU-XUTLUUPISA-N,CC(=O)NCc1cn(C2CCCC2)nc1/N=N/N(C(C)C)C(C)C,Bruker ALPHA,373.96442,3997.453,2559,4.0,False,False,Diamant-ATR,confirm
ca1cd4a0-d3f9-43c0-9d90-97aef0e6ac01,639340,79593,UMXPYYQOWKEUHU-UHFFFAOYSA-L,COC(=O)c1ccc2cccc(N=C(N(C)C)N(C)C)c2n1.COC(=O)c1ccc2cccc(N=C(N(C)C)N(C)C)c2n1.O=S(=O)([O-])C(F)(F)F.O=S(=O)([O-])C(F)(F)F.[Cu+2],SHIMADZU IRTRACER-100,249.7859,4000.433,3890,,True,True,,confirm
ca264c5d-8cd1-4a7d-a415-94af1660028e,503942,45087,HZICELSONPXCRP-UHFFFAOYSA-N,c1ccc(P(c2ccccc2)c2cc(CC3CCCC3)ccn2)cc1,IR,373.96442,3997.453,2559,4.0,False,False,Diamant-ATR,confirm
ca3444a0-bde7-4047-aa81-33881f40a79d,500496,44216,LTMJWNMHGICGGK-UHFFFAOYSA-N,CCCCCn1cc(C(=O)CC(C)C)c2ccccc21,Bruker ALPHA,373.96442,3997.453,2559,4.0,False,False,Diamant-ATR,confirm
ca3583d1-06e2-4be4-8dc7-8b7d40cc0c65,500952,44330,UOKJHBLOQCOCRU-UHFFFAOYSA-N,COc1ccc(NC(=O)c2cc3ccc2CCc2ccc(cc2)CC3)cc1,Bruker ALPHA,373.96442,3997.453,2559,4.0,False,False,Diamant-ATR,dev
ca360519-97f6-421e-94ff-607c25d51036,649216,81996,WEYHYPKKUFMLGY-UHFFFAOYSA-M,CN(C)C(=Nc1cccc2c(N(C)C)ccnc12)N(C)C.CN(C)C(=Nc1cccc2c(N(C)C)ccnc12)N(C)C.[Br-].[Cu+],Perkin Elmer BX FT-IR,249.7859,4000.433,3890,,True,True,,confirm
ca4ba0a4-75b8-4525-b61a-98c55c05c7fa,631765,77999,GPLCJDYPRFGKAH-UHFFFAOYSA-N,COP(=O)(OC)c1ccc(-c2ccc(P(=O)(OC)OC)cc2)cc1,Bruker Alpha ATR,373.96442,3997.453,2559,4.0,False,False,Diamant ATR,dev
ca95e36b-bca8-4888-a30d-85e37bad7bb0,530958,50898,BLDZZLLBERMLIR-UHFFFAOYSA-N,COc1cc(C(=O)c2ccccc2Br)c(OC)c2ccccc12,BRUKER Alpha P,373.96442,3997.453,2559,4.0,False,False,Diamant-ATR,confirm
cad03012-fef1-4dc2-8526-7d8278bab2ab,500288,44164,PSGFPTUMYLIVDX-UHFFFAOYSA-N,CCCCn1ccc2ccccc21,Bruker ALPHA,373.96442,3997.453,2559,4.0,False,False,Diamant-ATR,confirm
cadf85e0-ba33-4fb0-82e9-0d094ebeb046,573370,61620,RYUCTBZLWZXIEY-UHFFFAOYSA-N,CC(Br)c1ccc(-c2ccc(-c3ccc(C(C)Br)cc3)cc2)cc1,Bruker Alpha ATR,373.96442,3997.453,2559,4.0,False,False,ATR platinum Diamond 1 Refl,confirm
cb2705c1-1b38-4e3b-b6db-6e83261491c8,533807,51544,GLZVKCQUWCAMPD-UHFFFAOYSA-N,COC(=O)c1cccc(C(O)C(O)c2cccc(C(=O)OC)c2)c1,Bruker Alpha ATR,373.96442,3997.453,2559,4.0,False,False,Diamant-ATR,dev
cb82129a-f6be-4e13-8301-2af91b7bd6c2,659842,84329,OZZGCGQQMXWKDS-UHFFFAOYSA-N,CCCCC#Cc1ccccc1N(CCC)C(=O)C(F)(F)C(F)(F)C(F)(F)C(F)(F)C(F)(F)C(F)(F)C(F)(F)F,Bruker Alpha-P ATR,373.96442,3997.453,2559,4.0,False,False,Diamant-ATR,confirm
cb9fde31-dc5d-46de-9a73-7f19c65a8b19,500708,44269,GMBVEWBVZYIJNE-UHFFFAOYSA-N,CCCc1cc2c(C)ccc(C)c2oc1=O,Bruker ALPHA,373.96442,3997.453,2559,4.0,False,False,Diamant-ATR,confirm
cba9a298-7f22-430a-a9b8-7675e2a4ef65,532443,51231,QXXCRBSWGPRILJ-UHFFFAOYSA-N,COc1cc(C)cc(OC)c1-c1nc2ccc(C)cc2s1,Bruker Alpha,373.96442,3997.453,2559,4.0,False,False,Diamant-ATR,confirm
cbb534e3-15bc-41a7-b7ba-68dcf90549ae,499240,43902,GXPFRYDFZXTOEH-ARLVUHNPSA-N,COC(=O)[C@@H]1CC2([Se]c3ccccc3)c3ccccc3N(C(=O)OC(C)(C)C)C2N1C(=O)OCC1c2ccccc2-c2ccccc21,Bruker ALPHA,373.96442,3997.453,2559,4.0,False,True,Diamant-ATR,confirm
cbdc4889-18d3-42a2-ade7-f357d0ca0f37,3073,966,DOOKAJSROQQPMC-FOWTUZBSSA-N,CC/C(=N\Nc1cccc(Cl)c1C)C1SCCCS1,,373.82813,3997.4121,2560,4.0,False,False,ATR platinum Diamond 1 Refl,confirm
cbf164b5-4cbf-42c2-96ae-25174b6f5913,636773,79004,QIPDZOXYXLIMDH-OCOZRVBESA-N,CC(C)(C)[Si](C)(C)OCCCCCCCCCCCCOc1nc2ccccc2nc1/C=C/c1nc2ccccc2nc1C=O,Bruker Alpha ATR,373.96442,3997.453,2559,4.0,False,False,Diamant-ATR,dev
cc88d7f7-47ab-4abd-bf28-5cf1ee3079ea,617520,75211,KLJBLDCULBNQFL-UHFFFAOYSA-N,COC(=O)c1c(N)c(C(=O)OC)c(N)c(C(=O)OC)c1N,Bruker Alpha ATR,373.96442,3997.453,2559,4.0,False,False,Diamant-ATR,confirm
cc9fd0b7-e0cf-4c65-a6e1-0cbca7eb1a1e,551008,55393,UXHJHTBPRQFFKM-UHFFFAOYSA-N,COC1(OC)CCC2(C(=O)c3ccccc3I)C(=O)c3ccccc3C(=O)C2C1,Bruker Alpha,373.96442,3997.453,2559,4.0,False,False,Diamant-ATR,confirm
ccb937eb-ee68-47fb-a4d9-cb342d882c65,500016,44096,JFLQSLBZOYRNIX-UHFFFAOYSA-N,C#Cc1ccc2c(ccn2CCCC)c1,Bruker ALPHA,373.96442,3997.453,2559,4.0,False,False,Diamant-ATR,confirm
ccd0eb91-ec14-439b-b036-8958c54ef309,577188,62683,DVNRJSFZLKEXCN-UHFFFAOYSA-N,CCOC(=O)c1ccc(-c2c3nc(c(-c4ccc(C=O)cc4)c4ccc([nH]4)c(-c4ccc(C(=O)OCC)cc4)c4nc(c(-c5ccc(C=O)cc5)c5ccc2[nH]5)C=C4)C=C3)cc1,Bruker ALPHA-T,373.96442,3997.453,2559,4.0,False,False,Diamant-ATR,confirm
ccdd25ed-a84e-4c1c-9c73-0d38be20e4ef,500624,44248,IKYAJDXLFUIGJJ-UHFFFAOYSA-N,O=C1C2=CCC3CC2(C(=O)c2ccccc21)C(=O)c1ccccc13,Bruker ALPHA,373.96442,3997.453,2559,4.0,False,False,Diamant-ATR,confirm
cce8473d-35a3-42ad-ac4d-147a2aa7d385,506043,45614,XTDGJOUNMAGZAE-UHFFFAOYSA-N,Cc1ccc(N=S(=O)(c2ccccc2)C23CC(C2)C3)cc1,Bruker Alpha ATR,373.96442,3997.453,2559,4.0,False,False,Diamant-ATR,confirm
cd2c1114-55a7-4e56-8143-8bb9ea3ec932,659925,84344,MEAZBEBVNHSWFN-UHFFFAOYSA-N,COCCOCN(C(=O)C(F)(F)C(F)(F)C(F)(F)C(F)(F)C(F)(F)C(F)(F)C(F)(F)F)c1ccccc1C#Cc1ccccc1,Bruker Ascend 400MHz,373.96442,3997.453,2559,4.0,False,False,Diamant-ATR,confirm
cd4cec48-f7d8-417d-88eb-5bb85de3bbfd,500612,44245,ONZUMVHQTBBLOC-KSRIETAESA-N,C=CCO[C@@H]1OC(COCc2ccccc2)[C@@H](OC(C)=O)[C@H](O[C@@H]2OC(CF)[C@@H](O)[C@H](OC(C)=O)C2OC(C)=O)C1NC(=O)C(Cl)(Cl)Cl,Bruker ALPHA,373.96442,3997.453,2559,4.0,False,False,ATR platinum Diamond 1 Refl,confirm
cd837941-414f-455b-9f54-d635e6c5d48b,519605,48699,DBGFKOUBAPGGJQ-UHFFFAOYSA-N,O=P(c1ccccc1)(c1ccccc1)c1cc2ccc1CCc1ccc(c(-c3ccc(-c4ccccn4)cc3)c1)CC2,"Bruker, model IFS 88",373.96442,3997.453,2559,4.0,False,False,Diamant-ATR,confirm
cdad3548-1ba7-4327-93cf-9f62e616c5ef,500272,44160,FBZJOGYLGXXTBW-UHFFFAOYSA-N,CC(C)CCn1nc(NC(=O)C23CC4CC(CC(C4)C2)C3)c2cccc(C(F)(F)F)c21,Bruker ALPHA,373.96442,3997.453,2559,4.0,False,False,Diamant-ATR,confirm
cdaf5f7f-350d-435e-b9cc-ae09a6433aab,531038,50918,ANVMBMPZHQGFLK-UHFFFAOYSA-N,COc1cc(Br)c(C(=O)c2cc(OC)c3ccccc3c2OC)cc1OC,BRUKER Alpha P,373.96442,3997.453,2559,4.0,False,False,Diamant-ATR,confirm
cdbb2b63-1417-4d47-9b78-b3245474c923,500068,44109,MUDQGQRRPJGSDL-PKNBQFBNSA-N,CCOC(=O)/C=C(\C)COc1ccc(OC)cc1,Bruker ALPHA,373.96442,3997.453,2559,4.0,False,False,Diamant-ATR,dev
cdf78add-502d-44c9-9125-e442f0d2d23e,617695,75246,UTSLQYVRSXYTGW-UHFFFAOYSA-N,COC(=O)c1c(N(Cc2ccccc2)Cc2ccccc2)c(C(=O)OC)c(N(Cc2ccccc2)Cc2ccccc2)c(C(=O)OC)c1N(Cc1ccccc1)Cc1ccccc1,Bruker Alpha ATR,373.96442,3997.453,2559,4.0,False,False,Diamant-ATR,confirm
ce118ae8-cdeb-44c0-a6ce-b8ed2e384c95,504479,45236,NEKGDCIKXKJMQB-UHFFFAOYSA-N,N=S(=O)(c1ccccc1)C12CC(C1)C2,Bruker Alpha ATR,373.96442,3997.453,2559,4.0,False,False,Diamant ATR,confirm
ce1b9cc8-17b4-4789-a45e-1a62877fd3bf,3251,1001,AOQRZPCEVXTULO-FMQUCBEESA-N,BrC(/N=N/c1ccc(Oc2ccccc2)cc1)=C1SCCCS1,,373.82813,3997.4121,2560,4.0,False,False,ATR platinum Diamond 1 Refl,confirm
ce74671b-f534-4b54-9fe9-a7609eaa1653,500680,44262,LPTITAGPBXDDGR-XJGFBQBWSA-N,CC(=O)OCC1O[C@H](OC(C)=O)C(OC(C)=O)[C@@H](OC(C)=O)[C@@H]1OC(C)=O,Bruker ALPHA,373.96442,3997.453,2559,4.0,False,False,Diamant-ATR,confirm
ce76948e-1cb0-43b9-a471-03decb289873,656314,83614,WEKJKTOCUOAZQD-UHFFFAOYSA-N,c1ccc2c(c1)c(NC1CCCCC1)nc1c2nc2cnccn21,Bruker Alpha ATR,373.96442,3997.453,2559,4.0,False,False,Diamant-ATR,confirm
ce7861bb-717a-45e4-a137-772e0b77a543,501920,44572,IEIKJKRULVHRKI-UHFFFAOYSA-N,CCCCCCOc1cc(OC)c(C=O)c(OC)c1,Bruker ALPHA,373.96442,3997.453,2559,4.0,False,False,ATR platinum Diamond 1 Refl,dev
ceabcce3-7f01-4dfa-a035-2732626b4090,606848,57265,RZSNDUJLUYXXQT-CZIZESTLSA-N,CC(=O)NCc1cn(CC(C)C)nc1/N=N/N(C(C)C)C(C)C,Bruker Alpha ATR,373.96442,3997.453,2559,4.0,False,False,Diamant-ATR,confirm
cf018497-075c-463f-a0c8-0c53e01d6515,509598,46490,XBHOUXSGHYZCNH-UHFFFAOYSA-N,c1ccc(-c2nc3ccccc3s2)cc1,BRUKER ALPHA,373.82813,3997.4121,2560,4.0,False,False,ATR platinum Diamond 1 Refl,confirm
cf047aa3-065a-4816-9090-efbca4b59aba,513137,47310,TYASFKRZOWIMFL-UHFFFAOYSA-N,N#Cc1c(-n2c3ccccc3c3ccccc32)c(-c2nnc(-c3ccc(I)cc3)o2)c(-n2c3ccccc3c3ccccc32)c(-n2c3ccccc3c3ccccc32)c1-n1c2ccccc2c2ccccc21,"Bruker, IFS 88",373.96442,3997.453,2559,4.0,False,False,Diamant-ATR,dev
cf123eef-2a95-48ba-8e63-f8b6f20d91b4,525509,49920,OYKLQGVMJMPACF-UHFFFAOYSA-N,CCCCc1cc2c(C)c(OC)c(C)c(C)c2oc1=O,Bruker Alpha ATR,373.82813,3997.4121,2560,4.0,False,False,Diamant-ATR,confirm
cf4d3c79-11f5-4315-b7ea-a0c7bfe1bd14,500244,44153,FMPVMOVKHQABRG-UHFFFAOYSA-N,BrCCCCOc1nc2ccccc2nc1-c1ccccc1,Bruker ALPHA,373.96442,3997.453,2559,4.0,False,False,Diamant-ATR,confirm
cf61392e-acdb-4723-84db-3ff840db2026,656396,83635,HQVPHYCHTWJXNH-UHFFFAOYSA-N,CC(C)(C)Nc1c(-c2cccnc2Br)nc2ccccn12,Bruker Alpha ATR,373.96442,3997.453,2559,4.0,False,False,Diamant-ATR,confirm
cf91bc56-ddc8-49c2-a370-ed5817e8ec2a,512513,47191,KPWQQWDWVILYLB-UHFFFAOYSA-N,N#Cc1c(-n2c3ccccc3c3ccccc32)c(-c2nnc(C(F)(F)C(F)(F)C(F)(F)C(F)(F)C(F)(F)C(F)(F)C(F)(F)F)o2)c(-n2c3ccccc3c3ccccc32)c(-n2c3ccccc3c3ccccc32)c1-n1c2ccccc2c2ccccc21,"Bruker, IFS 88",373.96442,3997.453,2559,4.0,False,False,Diamant-ATR,dev
cff3337a-a7ea-4ffa-a284-96f071ce7fb8,500744,44278,RJOYWTPJYZNRJD-UHFFFAOYSA-N,Brc1cc2ccc1CCc1ccc(cc1)CC2,Bruker ALPHA,373.96442,3997.453,2559,4.0,False,False,Diamant-ATR,confirm
d007deb5-d8e8-4770-8f76-765c00da9b1e,508951,46331,MNLLWAHMKVXKNS-UHFFFAOYSA-N,COc1ccccc1-c1cccc(-c2cc(N3c4ccccc4C(C)(C)c4ccccc43)ccc2OC)c1,Bruker Alpha ATR,373.96442,3997.453,2559,4.0,False,False,Diamant-ATR,confirm
d03e97c4-e787-40eb-a34a-3462ad84f469,612331,73840,VEKBUDDBMJNFNK-UHFFFAOYSA-N,COc1nc2ccccc2n2nnnc12,Bruker Ascend 400,373.96442,3997.453,2559,4.0,False,False,Diamant-ATR,confirm
d0a7a8a1-d11f-4f0f-bc70-eb4bc502922b,656430,83644,NNQKMYYBCPGPGY-UHFFFAOYSA-N,CC(C)Nc1nc2c(nc3ccccn32)c2ccccc12,Bruker Alpha ATR,373.96442,3997.453,2559,4.0,False,False,Diamant-ATR,dev
d0f32039-61f1-4673-8047-f641f9784fa9,502304,44668,KWJVCNQMYDUARM-HSJATWPUSA-N,CC(=O)O[C@@H]1C[C@@H]2CC[C@@H]3[C@H](CC[C@]4(C)C(=O)CC[C@@H]34)[C@]23CO[C@H]1C3,Bruker ALPHA,399.65625,3996.5625,1765,4.0,False,False,Instrument type and / or accessory,dev
d110a5ad-e009-41ed-ac28-dfe10ea431cb,580136,63546,MFYKDMZDJHSTQM-RCZOLUBLSA-N,CC#N.CC#N.CC#N.CC#N.F[P-](F)(F)(F)(F)F.[Ru+][c]1ccccc1C1=N[C@H](c2ccccc2)CO1,Bruker Alpha p,373.96442,3997.453,2559,4.0,True,True,Diamant-ATR,confirm
d168cd0e-e3d7-4890-8be5-645a4ec6adf6,499264,43908,ZJYBJIIJQZUJAO-IUGZDUDYSA-N,CC(C)(C)[S@](=O)/N=C(/C=C/c1ccccc1)c1ccccc1,Bruker ALPHA,373.96442,3997.453,2559,4.0,False,False,Diamant-ATR,confirm
d17168d0-2b7b-42d6-91ba-4301b300b6c5,628000,77324,UCYNBEZQQPMTAD-UHFFFAOYSA-N,COc1ccc(-c2nc3ccccn3c2Nc2cc3ccc2CCc2ccc(cc2)CC3)cc1,Bruker Alpha ATR,373.96442,3997.453,2559,4.0,False,False,Diamant-ATR,confirm
d19f89bc-d636-448f-a448-a4a19ee500a0,500164,44133,HFHZJNWFQLVEGX-UHFFFAOYSA-N,C=Cc1nnc(-c2c(-n3c4ccccc4c4ccccc43)c(C#N)c(-n3c4ccccc4c4ccccc43)c(-n3c4ccccc4c4ccccc43)c2-n2c3ccccc3c3ccccc32)o1,Bruker ALPHA,373.96442,3997.453,2559,4.0,False,False,Diamant-ATR,dev
d1a61776-8bad-49d6-aa90-60b9f41d39c3,531802,51094,BJHRMKGCWPVAHU-FDDCHVKYSA-N,CC1=C(C)C[C@]2(C(=O)c3ccccc3I)C(=O)c3ccccc3C(=O)[C@@H]2C1,Bruker Alpha,373.96442,3997.453,2559,4.0,False,False,Diamant ATR,confirm
d1c12dbb-4d14-45d6-8650-22ff680c6c8d,642461,80147,MEAZBEBVNHSWFN-UHFFFAOYSA-N,COCCOCN(C(=O)C(F)(F)C(F)(F)C(F)(F)C(F)(F)C(F)(F)C(F)(F)C(F)(F)F)c1ccccc1C#Cc1ccccc1,Bruker Alpha-P ATR,373.96442,3997.453,2559,4.0,False,False,Diamant ATR,confirm
d1d1ff72-a197-4fa7-bc19-64ef9ed320ab,500284,44163,IDMXNLFAMNRZKC-CCEZHUSRSA-N,CC(C)N(/N=N/c1ccccc1CO)C(C)C,Bruker ALPHA,373.96442,3997.453,2559,4.0,False,False,Diamant-ATR,confirm
d1e1386c-8bce-4896-9215-7d5a95a32dff,674222,87353,NDTWZHURUDSPQV-UHFFFAOYSA-N,COC(=O)C(C)C(C)=O,Jasco FT/IR-460Plus with ATR Diamond Plate,649.8934,4000.1226,6950,,False,False,,dev
d1f9da43-4fc6-42a1-a11a-ba04c57a0a82,509510,46470,XNPQNKNZBZIPFJ-UHFFFAOYSA-N,N#Cc1ccc(-c2nc3cc(Cl)ccc3s2)cc1,BRUKER ALPHA,373.82813,3997.4121,2560,4.0,False,False,ATR platinum Diamond 1 Refl,confirm
d205c8b1-eaed-479f-a6e2-0a47660ede86,505971,45593,LRVVWEYYTNYWNE-UHFFFAOYSA-N,O=S(=Nc1cccc(Cl)c1)(c1ccccc1)C12CC(C1)C2,Bruker Alpha ATR,373.96442,3997.453,2559,4.0,False,False,Diamant-ATR,confirm
d235bd8e-3772-44f8-b964-ef332d64ce30,509074,46365,FDJLVIPJRAVJOM-UHFFFAOYSA-N,c1ccc2c(c1)OB1Oc3ccc(N4c5ccccc5Oc5ccccc54)cc3-c3cccc-2c31,Bruker Alpha ATR,373.96442,3997.453,2559,4.0,False,False,Diamant-ATR,confirm
d23bca04-59c1-46f4-9b8d-53c6b63f2984,500924,44323,NZOBKJXHRITAJF-UHFFFAOYSA-N,CCCCCCc1cc2c(C)ccc(C)c2oc1=O,Bruker ALPHA,373.96442,3997.453,2559,4.0,False,False,Diamant-ATR,confirm
d24fb9a6-f10c-4146-abe0-07568eb50bbc,495140,42874,UIUPXPAOUNCBNR-UHFFFAOYSA-N,COc1ccc(-n2nncc2-c2cc3ccc2CCc2ccc(cc2)CC3)cc1,Bruker Alpha,373.96442,3997.453,2559,,False,False,,confirm
d255415a-f441-43a7-8275-5b0b562b72bd,499056,43856,DTYAMBKNNSLFLJ-UHFFFAOYSA-N,O=C(O)C(=O)N1C(=O)C(c2ccccc2)Nc2ccccc21,Bruker ALPHA,373.96442,3997.453,2559,4.0,False,False,ATR platinum Diamond 1 Refl,confirm
d26a2513-4d1e-46ed-879b-2c2055ef59c2,537399,52392,NMWAAPDYNRKNCN-UHFFFAOYSA-N,CCOC(=O)c1ccc(-c2c3nc(c(-c4ccc(N(C)C)cc4)c4ccc([nH]4)c(-c4ccc(C(=O)OCC)cc4)c4nc(c(-c5ccc(N(C)C)cc5)c5ccc2[nH]5)C=C4)C=C3)cc1,Bruker ALPHA-T,373.96442,3997.453,2559,4.0,False,False,Diamant-ATR,dev
d2fa066a-d5e9-44d8-b022-2382954c25fc,502492,44715,WOTAVUIKTKXQKS-QNGQXEJWSA-N,COC(=O)[C@@H]1C[C@H](C(=O)N2[C@@H](C(=O)OC)C[C@@H](C(=O)N3[C@H](C(=O)OC)C[C@H](C(=O)O[C@@H]4C[C@H](C)CC[C@H]4C(C)C)[C@@H]3c3ccccc3F)[C@H]2c2ccccc2Cl)[C@H](c2ccccc2Br)N1,Bruker ALPHA,373.96442,3997.453,2559,4.0,False,False,Diamant-ATR,confirm
d30f20c7-3ee7-4d5a-9e2b-833f192c33f9,614223,74376,PVILTAUSENDDNO-UHFFFAOYSA-N,Nc1cc2c(I)cc1CCc1ccc(cc1)CC2,Bruker Alpha ATR,373.96442,3997.453,2559,4.0,False,False,Diamant-ATR,confirm
d33eab31-ec2e-4bf1-9bad-1872831dac55,634286,78494,NOFJFBHOKPHILH-UHFFFAOYSA-N,Nc1nc2ccccc2nc1Cl,Bruker Alpha ATR,373.96442,3997.453,2559,4.0,False,False,Diamant-ATR,confirm
d348e8d2-9e52-4ab2-b620-dab3ecb0f4b5,551366,55472,SQYADLIMGXTCAJ-HWHXTQLESA-N,COc1ccc(Br)c(C(=O)[C@@]23C(=O)c4ccccc4C(=O)[C@@H]2CC=C[C@H]3O[Si](C)(C)C)c1,Bruker Alpha,373.96442,3997.453,2559,4.0,False,False,Diamant-ATR,confirm
d350d947-74dc-4426-bcc7-b40adcacad8f,499292,43915,QHKIAJLBPBETGT-UHFFFAOYSA-N,CCN(CC)c1ccc2c(OCC(C)=O)cc(=O)oc2c1,Bruker ALPHA,373.96442,3997.453,2559,4.0,False,False,Diamant-ATR,confirm
d360add4-21ec-43aa-922b-5031d7d24506,528245,50347,ZFLBCZPKAOUAJE-UHFFFAOYSA-J,Cc1cccc(P(c2ccccc2)c2ccccc2)n1.Cc1cccc(P(c2ccccc2)c2ccccc2)n1.[Cu][I].[Cu][I].[Cu][I].[Cu][I],IR,373.96442,3997.453,2559,4.0,True,True,Diamant-ATR,confirm
d396d81a-98d8-410b-84a8-661a1a58f1e0,502068,44609,CBMYFVSIIYILRH-UHFFFAOYSA-N,c1cc(-c2nc(-c3ccncc3)nc(-c3ccncc3)n2)ccn1,Bruker ALPHA,373.96442,3997.453,2559,4.0,False,False,ATR platinum Diamond 1 Refl,dev
d3b98102-d16e-48a7-8322-120d5c7b617b,573936,61762,QHMSDIYSZBIKPC-UHFFFAOYSA-N,CC(ON1C(C)(C)CCCC1(C)C)c1ccc(-c2ccc(-c3ccc(C(C)ON4C(C)(C)CCCC4(C)C)cc3)cc2)cc1,Bruker Alpha ATR,373.96442,3997.453,2559,4.0,False,False,Diamant-ATR,confirm
d3bf3c7e-1eab-4782-86ce-1caa79aa0645,561047,57907,NLAAIBGZDQFCAO-UHFFFAOYSA-N,CC(C)(C)c1ccc(-c2nc(Cl)nc(-c3ccc(C(C)(C)C)cc3)n2)cc1,Bruker Alpha ATR,373.96442,3997.453,2559,4.0,False,False,Diamant-ATR,dev
d3c4e4e8-a14a-42b5-ab70-28b5c4d4a5cb,641187,79913,PUAVCXPYXIPSRS-UHFFFAOYSA-N,COP(=O)(OC)c1ccc2ccccc2c1-c1c(P(=O)(OC)OC)ccc2ccccc12,Bruker Alpha ATR,373.96442,3997.453,2559,4.0,False,False,Diamant-ATR,dev
d3e16af9-8fcd-4adc-bf95-26e2016bca9d,499680,44012,HOTMMJRJOHGLRS-UHFFFAOYSA-N,O=Cc1c2ccc(c1Br)CCc1ccc(cc1)CC2,Bruker ALPHA,373.96442,3997.453,2559,4.0,False,False,Diamant-ATR,confirm
d3e965ac-6182-415c-869b-0b44dc85c2a7,602764,71416,KQBXWZPQDCVAGS-QURGRASLSA-N,Cc1ccc(Cn2ncc(CN)c2/N=N/N(C(C)C)C(C)C)cc1,Bruker ALPHA,373.96442,3997.453,2559,4.0,False,False,Diamant-ATR,confirm
d433e8e0-aee1-4fed-8038-d5762efbf39c,501104,44368,FYKHXLFWVVMXLY-UHFFFAOYSA-N,COC(=O)C(Cc1ccccc1)NC(=O)Cc1cn(Cc2cc(F)cc(F)c2)c2ccccc12,Bruker ALPHA,373.96442,3997.453,2559,4.0,False,False,Diamant-ATR,confirm
d467889f-18d7-43df-bfcf-1531fe8988cd,603940,71633,GRLFMIQVCULKIR-UHFFFAOYSA-N,[Cl-].[NH3+]c1ccc(-c2cn(-c3cnc4ccccc4n3)nn2)cc1,Bruker Alpha ATR,373.96442,3997.453,2559,4.0,True,False,Diamant-ATR,confirm
d4c0558c-944c-4ebd-b9d7-54880aecc95d,536985,52287,JVGPCXSCDWSVRU-GBAQKNJLSA-N,C1=C/C2=C(\c3ccccc3)c3ccc4[n]3[Ni][n]3/c(cc/c3=C(\c3ccccc3)C3=N/C(=C\4N/C4=C5\C=CC(=N5)/C(c5ccccc5)=c5/cc/c6[n]5[Zn][n]5c(ccc54)/C(c4ccccc4)=C4/C=CC(=N4)\C=6c4ccccc4)C=C3)=C(/c3ccccc3)C1=N2,FT-IR Bruker IFS 88,373.96442,3997.453,2559,4.0,False,True,Diamant-ATR,confirm
d4d0e8f4-ca49-4ea3-ba99-edb31d2f50a7,500160,44132,CACMLFZOXRTUGN-UHFFFAOYSA-N,c1cc(-c2cccc3cc[nH]c23)cc(-c2cccc3cc[nH]c23)c1,Bruker ALPHA,373.96442,3997.453,2559,4.0,False,False,Diamant-ATR,confirm
d50755bd-1c77-42fd-a5bf-77e9f70995ac,552342,55589,DMUOHKUJVVFWET-UHFFFAOYSA-N,CCOC(=O)c1cc(-c2cc(C)c(Br)cc2C)c(C)s1,Bruker Alpha ATR,373.82813,3997.4121,2560,4.0,False,False,Diamant ATR,confirm
d52143fc-acb3-41e9-83dd-cee7cd84b826,501092,44365,DJINGZQBQMFKGX-UHFFFAOYSA-N,N#Cc1cc2ccc1CCc1ccc(c(Br)c1)CC2,Bruker ALPHA,373.96442,3997.453,2559,4.0,False,False,Diamant-ATR,confirm
d54a6402-e955-4a6b-a22e-502367e88a0f,511397,46962,VSSZQPPDIOMEAK-MYHNWECRSA-L,CCOC(=O)c1ccc(/C2=C3\C=CC(=N3)/C(c3ccccc3/C3=C4\C=CC(=N4)/C(c4ccccc4)=c4/cc/c5[n]4[Ni][n]4c(ccc43)/C(c3ccccc3)=C3/C=CC(=N3)\C=5c3ccccc3)=c3/cc/c4[n]3[Ni][n]3c(ccc32)/C=C2/C=CC(=N2)\C=4c2ccc(C(=O)OCC)cc2)cc1,IR,373.96442,3997.453,2559,4.0,False,True,Diamant-ATR,confirm
d5854781-1b9b-4c7a-9d26-86b243c056be,20737,2623,BMIMNRPAEPIYDN-UHFFFAOYSA-N,Cc1nc2ccccc2[nH]c1=O,Bruker Alpha,373.96442,3997.453,2559,4.0,False,False,Diamant-ATR,confirm
d5c1dfab-f43f-4783-b056-2d9dec156f3d,499552,43980,RCIALUQBBGHOQX-BUHFOSPRSA-N,CN(C)/C=C/C(=O)c1c2ccc(c1O)CCc1ccc(cc1)CC2,Bruker ALPHA,373.96442,3997.453,2559,4.0,False,False,Diamant-ATR,confirm
d5c757d6-946a-4059-8d74-a681604abcc7,610306,73158,PIKLCVQDBVTHFG-UHFFFAOYSA-M,C[n+]1ccccc1-c1ccccn1.[I-],Shimadzu IRTracer 100,450.3862,4000.433,3682,,True,False,,dev
d5d644ed-4061-4483-bf50-892e60ecb921,543962,53848,LKAJRMAAMHMBJY-UHFFFAOYSA-N,Cc1cc(C(=O)O)cc(C)c1-n1cc[n+](-c2c(C)cc(C(=O)O)cc2C)c1.[Cl-],Bruker Alpha ATR,373.96442,3997.453,2559,4.0,True,False,Diamant-ATR,confirm
d5d9cdaf-1d4e-4180-8007-0095d314d5d3,499440,43952,OKJIRPAQVSHGFK-UHFFFAOYSA-N,CC(=O)NCC(=O)O,Bruker ALPHA,373.96442,3997.453,2559,4.0,False,False,Diamant-ATR,dev
d610eb50-d98f-491e-a431-e6285b1aefb8,522573,49341,DUWZSLVPQIKYHU-UHFFFAOYSA-N,NNc1nc2ccccc2nc1-c1ccccc1,Bruker Alpha ATR,373.96442,3997.453,2559,4.0,False,False,Diamant-ATR,confirm
d610effb-9c8b-4f8f-8d51-e13390616755,616037,74792,BLJPCFCXXBZYPN-UHFFFAOYSA-N,CC(=O)c1ccc(Nc2nc3ccccc3nc2N)cc1,Bruker Alpha ATR,373.96442,3997.453,2559,4.0,False,False,Diamant-ATR,confirm
d61cf9ec-5da9-45cb-b5b8-f289a57149de,501112,44370,XCZVBGQHMCFXSF-UHFFFAOYSA-N,O=C1CCCC(C(CCCl)=C2SCCS2)C1,Bruker ALPHA,373.96442,3997.453,2559,4.0,False,False,Diamant-ATR,confirm
d62d305b-dd7a-4e9a-be0d-1e0ba0d8ac13,500532,44225,CFLDWDVCLODTOS-UHFFFAOYSA-N,Cc1cc(-c2ccc(C(=O)OC(C)C)cc2)c(C)cc1-c1ccc(C(=O)OC(C)C)cc1,Bruker ALPHA,373.96442,3997.453,2559,4.0,False,False,ATR platinum Diamond 1 Refl,confirm
d67ed6ea-4086-416c-9517-e8345e2561c2,528340,50368,NNBPDTIAUHMYEL-UHFFFAOYSA-N,NCCCn1cc(-c2nc3ccccc3nc2-c2ccccc2)nn1,Bruker Alpha ATR,373.96442,3997.453,2559,4.0,False,False,Diamant-ATR,dev
d69b8927-ed1f-4ddd-a881-9a10c733dfb9,677028,88049,KBHXJGARDJLTNF-UHFFFAOYSA-N,O=C(Nc1ccccc1C#Cc1ccccc1)c1ccc(C(F)(F)F)cc1,Bruker Alpha-P ATR,373.96442,3997.453,2559,,False,False,,confirm
d69fc485-53c5-4621-892a-4c9fc5bee418,501404,44443,MXMAXVNQPZJOHU-UHFFFAOYSA-N,F[B-](F)(F)c1cc2ccc1CCc1ccc(c(Br)c1)CC2.[K+],Bruker ALPHA,373.96442,3997.453,2559,4.0,True,True,ATR platinum Diamond 1 Refl,confirm
d6bfc980-3c58-4bb2-a75f-3c6a3112a28f,501824,44548,SRGUIJLJERBBCM-UHFFFAOYSA-N,CCOC(=O)C1CC1c1ccccc1,Bruker ALPHA,373.96442,3997.453,2559,4.0,False,False,ATR platinum Diamond 1 Refl,confirm
d6d8eb0c-3c09-4d7b-b98c-a3e8ce61b12f,672845,87071,JTWMUOKHSWMGAZ-UHFFFAOYSA-N,CCCn1c(-c2ccc(F)cc2)c(C(=O)C(F)(F)C(F)(F)C(F)(F)C(F)(F)C(F)(F)C(F)(F)C(F)(F)F)c2ccccc21,Bruker Alpha-P ATR,373.96442,3997.453,2559,4.0,False,False,ATR Diamant,confirm
d7324cea-ee88-445e-9029-4915e106393b,500616,44246,VWFQZAUFGDUFFV-KGWXUPNOSA-N,C=CCO[C@@H]1OC(COCc2ccccc2)[C@@H](OC(C)=O)[C@H](O[C@@H]2OC(CF)[C@@H](O)[C@H](OC(C)=O)C2OC(C)=O)C1NC(C)=O,Bruker ALPHA,373.96442,3997.453,2559,4.0,False,False,ATR platinum Diamond 1 Refl,dev
d74222ba-6a6c-4321-a7ef-e76898e4688e,621871,76057,HIJXLLJBVNQJME-UHFFFAOYSA-N,COC(=O)c1c(-n2cc(-c3ccc(Br)cc3)nn2)c(C(=O)OC)c(-n2cc(-c3ccc(Br)cc3)nn2)c(C(=O)OC)c1-n1cc(-c2ccc(Br)cc2)nn1,Bruker Avance AV 400,373.96442,3997.453,2559,4.0,False,False,Diamant-ATR,confirm
d77c89b5-dc4b-4521-b988-b0ef09ad21c6,639332,79592,GQFHEVHUGUNLCC-UHFFFAOYSA-N,COC(=O)c1ccc2cccc(N=C(N(C)C)N(C)C)c2n1.COC(=O)c1ccc2cccc(N=C(N(C)C)N(C)C)c2n1.F[B-](F)(F)F.F[B-](F)(F)F.[Cu+2],SHIMADZU IRTRACER-100,249.7859,4000.433,3890,,True,True,,confirm
d782083c-4b1e-471d-a6b7-1b80c3658c31,549706,55086,FRUIOTIVENFZJQ-UHFFFAOYSA-N,Cc1cc(C(=O)c2ccccc2[N+](=O)[O-])cc(C)n1,Bruker Alpha-P ATR,373.96442,3997.453,2559,4.0,False,False,Diamant-ATR,confirm
d7a1c125-f2c9-4787-8725-71bcf7ea4f1d,501812,44545,LFQWTDKRDROWBN-ISDWTXNASA-N,CC(=O)OC1[C@@H](OC(C)=O)OC(CN=[N+]=[N-])[C@@H](OC(C)=O)[C@@H]1OC(C)=O,Bruker ALPHA,373.96442,3997.453,2559,4.0,False,False,ATR platinum Diamond 1 Refl,confirm
d7aef7fd-3da4-4d5a-bd9e-43b20c43f8de,499976,44086,WTHUWXPBPNTSHJ-UHFFFAOYSA-N,Cc1ccc(C)c(C=O)c1O,Bruker ALPHA,373.96442,3997.453,2559,4.0,False,False,Diamant-ATR,confirm
d7eac895-6fed-42e4-875e-d4995b34fb01,500976,44336,FIHILUSWISKVSR-UHFFFAOYSA-N,Brc1ccc2[nH]c3ccc(Br)cc3c2c1,Bruker ALPHA,373.96442,3997.453,2559,4.0,False,False,Diamant-ATR,confirm
d7ec5f0e-658f-4cb7-8861-aeaa2a5303bc,499444,43953,BOCUKCCVJHSOGA-UHFFFAOYSA-N,Cc1ccc(S(=O)(=O)C2CCCCCCCC2=O)cc1,Bruker ALPHA,373.96442,3997.453,2559,4.0,False,False,Diamant-ATR,confirm
d7ffd701-98e5-4ccb-a8d0-4295ab2596f6,552251,55582,WKPXHJQLONTGKN-UHFFFAOYSA-N,CCOC(=O)c1cc(C2=C(c3cc(C(=O)OCC)sc3C)C(F)(F)C(F)(F)C2(F)F)c(C)s1,Bruker Alpha ATR,373.82813,3997.4121,2560,4.0,False,False,Diamant-ATR,dev
d8436045-9952-4d89-974f-d5a9d8d6bc32,500852,44305,IIBBKOJOJPNZAF-UHFFFAOYSA-N,CCCCCCCCn1cc(C(=O)c2ccccc2)c2ccccc21,Bruker ALPHA,373.96442,3997.453,2559,4.0,False,False,Diamant-ATR,confirm
d85489b0-9380-4e82-a9fc-a4a6c44ea6b0,501184,44388,IROITDSZMKWTSF-UHFFFAOYSA-L,[Cl][Pt]1([Cl])[NH]CC[NH]1,Bruker ALPHA,373.96442,3997.453,2559,4.0,False,True,ATR platinum Diamond 1 Refl,confirm
d85d4aa7-388e-4339-8cef-ed4602fa839e,501588,44489,IMOLFLXWIUQUFC-UHFFFAOYSA-N,Cc1sc(C(=O)O)cc1C1=C(c2cc(C(=O)O)sc2C)C(F)(F)C(F)(F)C1(F)F,Bruker ALPHA,373.96442,3997.453,2559,4.0,False,False,ATR platinum Diamond 1 Refl,confirm
d8762c3e-aba2-47d9-b707-f665d4f9d7d9,499800,44042,NKFUMXIARBFRPH-UHFFFAOYSA-N,O=Cc1ccc(C(c2ccc(C=O)cc2)(c2ccc(C=O)cc2)c2ccc(C=O)cc2)cc1,Bruker ALPHA,373.96442,3997.453,2559,4.0,False,False,Diamant-ATR,dev
d87e5771-5483-4620-8056-2ccf60343e29,499740,44027,NQAMRTZWCVAOCD-UHFFFAOYSA-N,CC(=O)SCc1c2ccccc2c(CSC(C)=O)c2ccccc12,Bruker ALPHA,373.96442,3997.453,2559,4.0,False,False,Diamant-ATR,confirm
d8b42158-b4a3-465d-8bd1-738818c05ea9,504501,45205,GOVQMDQNGYKJEV-UHFFFAOYSA-N,c1cc(-c2cc3ccc2CCc2ccc(cc2)CC3)cs1,Bruker IFS88,373.96442,3997.453,2559,4.0,False,False,Diamant-ATR,confirm
d8caf3f6-10ae-4a70-88e0-ea43df41823b,500772,44285,RJOYWTPJYZNRJD-UHFFFAOYSA-N,Brc1cc2ccc1CCc1ccc(cc1)CC2,Bruker ALPHA,373.96442,3997.453,2559,4.0,False,False,Diamant-ATR,confirm
d8e30ed5-17ca-4752-a3d9-5098463ea447,500124,44123,JHLABSLOXSXFQZ-UHFFFAOYSA-N,Cc1nnc(-c2c(-n3c4ccccc4c4ccccc43)c(-c3nnc(C)o3)c(-n3c4ccccc4c4ccccc43)c(-n3c4ccccc4c4ccccc43)c2-n2c3ccccc3c3ccccc32)o1,Bruker ALPHA,373.96442,3997.453,2559,4.0,False,False,Diamant-ATR,dev
d8ed56f2-ca6e-4d89-982e-3ffb32d1306c,499180,43887,XEVIUPKBMXSALX-UHFFFAOYSA-N,CCCCCCCCCCCCCCCCCCOC(=O)C(=O)O,Bruker ALPHA,373.96442,3997.453,2559,4.0,False,False,Diamant-ATR,confirm
d90d0df9-0cc0-4934-aa42-571813d46811,501412,44445,KBCNUEXDHWDIFX-UHFFFAOYSA-N,CCCCCCC(C)(C)O,Bruker ALPHA,373.96442,3997.453,2559,4.0,False,False,ATR platinum Diamond 1 Refl,confirm
d9409873-032e-4b3d-beb8-c8fb342048ba,511137,46896,SNXKMNZEFGGYRK-CYKJDXMYSA-N,C1=C/C2=C(\c3ccccc3)c3ccc4[n]3[Ni][n]3/c(cc/c3=C(\c3ccccc3)C3=N/C(=C\4c4ccccc4/C4=c5\cc/c6[n]5[Ni][n]5c(ccc5/C(c5ccccc5)=C5/C=CC4=N5)/C(c4ccccc4)=C4/C=CC(=N4)\C=6c4ccccc4)C=C3)=C(/c3ccccc3)C1=N2,IR,373.96442,3997.453,2559,4.0,False,True,Diamant-ATR,confirm
d97b7327-d937-44cd-8113-98e7d6b4b5b7,527709,50251,QZORWNVMFCCVKY-UHFFFAOYSA-N,C[Si](C)(C)C#Cc1nc2ccccc2nc1-c1ccccc1,Bruker Alpha ATR,373.96442,3997.453,2559,4.0,False,False,Diamant-ATR,confirm
d97cd1c0-c686-45a2-9b3c-4a6ddd822e28,501356,44431,HVPGYAGVCOFPJH-UHFFFAOYSA-N,Fc1ccc(-c2nc3cc(C(F)(F)F)ccc3s2)cc1,Bruker ALPHA,373.96442,3997.453,2559,4.0,False,False,ATR platinum Diamond 1 Refl,confirm
d9c31575-5697-42eb-b85f-c11c1cfef6f3,617675,75242,JHAXFHTYOKXUIN-UHFFFAOYSA-N,COC(=O)c1c(N(C)C)c(C(=O)OC)c(N(C)C)c(C(=O)OC)c1N(C)C,Bruker Alpha ATR,373.96442,3997.453,2559,4.0,False,False,Diamant-ATR,confirm
d9e285f1-e9cd-4b66-b38e-bb60266b82a6,549562,55049,RWIQYXQGBDEXDU-UHFFFAOYSA-N,c1ccc(Nc2cc3ccc2CCc2ccc(cc2)CC3)cc1,Bruker Alpha ATR,373.96442,3997.453,2559,4.0,False,False,Diamant ATR,confirm
d9e9938d-4467-4b23-b8f4-362813fc363c,512971,47292,SYLHUQHUTGQNDF-UHFFFAOYSA-N,CC(C)N(C(=O)Nc1cc2ccc1CCc1ccc(c(NC(=O)N(C(C)C)C(C)C)c1)CC2)C(C)C,"Bruker, model IFS 88",373.96442,3997.453,2559,4.0,False,False,Diamant-ATR,dev
d9f5ac64-ac97-4ecf-8ba2-d346513efe1a,501012,44345,XJWGUCRNMMHREZ-UHFFFAOYSA-N,O=C(OI(OC(=O)c1cccc(Cl)c1)c1ccccc1)c1cccc(Cl)c1,Bruker ALPHA,373.96442,3997.453,2559,4.0,False,False,Diamant-ATR,confirm
d9fc363b-d9a8-42fe-87c8-dff6c4e90a00,20522,2585,HBYIQMQTYDBABY-UHFFFAOYSA-N,CC(=O)Nc1ccc(-n2ccc(C)n2)cc1,Bruker IFS 88,373.96442,3997.453,2559,4.0,False,False,Diamant-ATR,confirm
d9fddae0-269f-40b5-98c5-c0ec6097a250,606473,72188,SGSFNZOKVYTGRR-UHFFFAOYSA-L,C1=CCCC=CCC1.[I][Pt][I],BRUKER ALPHA,373.96442,3997.453,2559,4.0,True,True,Diamant-ATR,confirm
da3c0fc9-abdd-4655-b427-5a79c3feb16f,633496,78334,GEFBQFBDCKVRHL-UHFFFAOYSA-N,COc1ccc(C#Cc2ccccc2N(Cc2ccccc2)C(=O)C(F)(F)C(F)(F)C(F)(F)C(F)(F)C(F)(F)C(F)(F)C(F)(F)F)cc1,Bruker Alpha-P ATR,373.96442,3997.453,2559,4.0,False,False,Diamant-ATR,confirm
da4f59fb-69db-4c4a-a9cd-71de5e41a848,500840,44302,ZAOKDVBETBFRSN-UHFFFAOYSA-N,CCCCCn1cc(C(=O)c2ccc3ccccc3c2)c2ccccc21,Bruker ALPHA,373.96442,3997.453,2559,4.0,False,False,Diamant-ATR,confirm
da7a74a8-1732-40d7-9bda-a6dcbe145b50,502148,44629,CCPQGBVKVSOMQZ-UHFFFAOYSA-N,CCOc1cc(OC)c2cc(C)c(=O)oc2c1,Bruker ALPHA,399.65625,3996.5625,1765,4.0,False,False,Instrument type and / or accessory,confirm
da915041-8672-43f2-bd13-29a3cedb60fd,505995,45600,NVDBEHXDGKUWAW-UHFFFAOYSA-N,O=S(=Nc1ccc(Cl)cc1)(c1ccccc1)C12CC(C1)C2,Bruker Alpha ATR,373.96442,3997.453,2559,4.0,False,False,Diamant-ATR,confirm
daa3e514-4905-4d02-a974-9e128a14810b,500812,44295,IEYNGBRNWVUXST-UHFFFAOYSA-N,Clc1ccccc1SC12CC(C1)C2,Bruker ALPHA,373.96442,3997.453,2559,4.0,False,False,Diamant-ATR,confirm
dac23af0-4d3d-4ede-8284-5c3976a72119,634044,78453,YKTZEDKRYOIMNU-UHFFFAOYSA-N,CCCCc1cn(-c2nc3ccccc3nc2C(C)C)nn1,Bruker Alpha ATR,373.96442,3997.453,2559,4.0,False,False,Diamant-ATR,confirm
dac71802-2c3a-4224-875c-7b2b0bdd1079,502188,44639,AOXOMZYRICNLQZ-UHFFFAOYSA-N,C[Si](C)(C)C#Cc1ccccc1C#C[Si](C)(C)C,Bruker ALPHA,399.65625,3996.5625,1765,4.0,False,False,Instrument type and / or accessory,confirm
dacb1e1c-f0a7-4d94-8016-dbc00b75b4ff,499092,43865,BVRKKCXFTRHBLP-UHFFFAOYSA-N,Cc1cc(C)cc(NC(=S)Nc2cc(C)cc(C)c2)c1,Bruker ALPHA,373.96442,3997.453,2559,4.0,False,False,Diamant-ATR,confirm
dad63550-8be8-48ad-8556-51805c24e1b1,501472,44460,VBRXSYWNZWFBAQ-UHFFFAOYSA-N,CCOC(=O)c1cc(-c2ccc(-c3cc(C(=O)OCC)sc3C)cc2)c(C)s1,Bruker ALPHA,373.96442,3997.453,2559,4.0,False,False,ATR platinum Diamond 1 Refl,confirm
dad95220-3097-4e6f-8b2e-9941608da84e,507265,45936,TWDWAAYCQHATGX-UHFFFAOYSA-N,O=S(=Nc1ccccc1)(c1ccccc1)C12CC(C1)C2,Bruker Alpha ATR,373.96442,3997.453,2559,4.0,False,False,Diamant-ATR,confirm
db179aa7-fd57-4bbd-97e7-7d704c933793,499808,44044,IMBXCYXDOGCLNO-UHFFFAOYSA-N,C#Cc1ccc(C2OCCO2)cc1,Bruker ALPHA,373.96442,3997.453,2559,4.0,False,False,Diamant-ATR,dev
db1873ba-16ae-4739-8382-58d0dd24fd51,572929,61524,NUUHPRIKYBNSTK-UHFFFAOYSA-N,CC(C)C(O)c1ccc(C(c2ccc(C(O)C(C)C)cc2)(c2ccc(C(O)C(C)C)cc2)c2ccc(C(O)C(C)C)cc2)cc1,Bruker Alpha ATR,373.96442,3997.453,2559,4.0,False,False,Diamant-ATR,confirm
db427ab7-c73a-48bc-9f3a-5a7254f40036,548624,54834,NIFBPGIPKUCKII-NVQSTNCTSA-N,CC(C)N(/N=N/c1c(CNC(=O)C23CC4CC(CC(C4)C2)C3)cccc1C(F)(F)F)C(C)C,Bruker Alpha,373.82813,3997.4121,2560,4.0,False,False,ATR platinum Diamond 1 Refl,confirm
db6b57a0-9865-4c13-969e-f497ca1e55cb,530543,50808,PMKPMHYYSUCDJK-UHFFFAOYSA-M,Cc1nc2ccccc2nc1C[P+](c1ccccc1)(c1ccccc1)c1ccccc1.[Br-],Bruker Alpha ATR,373.96442,3997.453,2559,4.0,True,False,Diamant-ATR,confirm
dba469fc-c262-4b60-a2cc-c6d9096ea5ce,501784,44538,OOECJNICVMRHHH-UHFFFAOYSA-N,CC(O)CCC(=C1SCCS1)c1ccccc1,Bruker ALPHA,373.96442,3997.453,2559,4.0,False,False,ATR platinum Diamond 1 Refl,confirm
dbbd90b2-9239-40b3-a727-986a829406aa,500036,44101,QOKJNFWCCDTPFA-UHFFFAOYSA-N,CCCCCCc1cc2c(C(C)C)c(OC)cc(C)c2oc1=O,Bruker ALPHA,373.96442,3997.453,2559,4.0,False,False,Diamant-ATR,confirm
dc098813-7d9b-47a7-aaa3-1dc182f001aa,505139,45388,XJYCXWYTZQRPFO-UHFFFAOYSA-N,O=S(=O)(c1nccc2ccccc12)C12CC(C1)C2,IR,373.96442,3997.453,2559,,False,False,,confirm
dc16bd8d-6eda-4a0d-8502-4e3d4d0772a5,503782,45060,PBTPREHATAFBEN-UHFFFAOYSA-N,c1c[nH]c(Cc2ccc[nH]2)c1,Bruker ALPHA-T,373.96442,3997.453,2559,4.0,False,False,Diamant-ATR,confirm
dc7b9e1d-8491-4ab4-8f77-d9feb3e6dc79,639380,79607,DRQHCTISPLKMGR-UHFFFAOYSA-L,CN(C)C(=Nc1cccc2c(N(C)C)ccnc12)N(C)C.CN(C)C(=Nc1cccc2c(N(C)C)ccnc12)N(C)C.O=S(=O)([O-])C(F)(F)F.O=S(=O)([O-])C(F)(F)F.[Cu+2],SHIMADZU IRTRACER-100,249.7859,4000.433,3890,,True,True,,confirm
dcc2f068-774a-4314-b272-1475d791cafc,506067,45621,KVWFYGGZAOGAFA-UHFFFAOYSA-N,Cc1cccc(N=S(=O)(c2ccccc2)C23CC(C2)C3)c1,Bruker Alpha ATR,373.96442,3997.453,2559,4.0,False,False,Diamant-ATR,confirm
dcfeff18-5555-40ea-ab12-6ebeb866a467,500056,44106,TYASFKRZOWIMFL-UHFFFAOYSA-N,N#Cc1c(-n2c3ccccc3c3ccccc32)c(-c2nnc(-c3ccc(I)cc3)o2)c(-n2c3ccccc3c3ccccc32)c(-n2c3ccccc3c3ccccc32)c1-n1c2ccccc2c2ccccc21,Bruker ALPHA,373.96442,3997.453,2559,4.0,False,False,Diamant-ATR,dev
dd0be1b6-d50f-413a-b682-bb3c3d28a7a6,507161,45912,DMHUHEHJOBWIMO-UHFFFAOYSA-N,N=S(=O)(c1cc(C(F)(F)F)cc(C(F)(F)F)c1)C12CC(C1)C2,Bruker Alpha ATR,373.96442,3997.453,2559,4.0,False,False,Diamant-ATR,confirm
dd31ce8d-c7f3-4fd9-85cd-a6faa0c90cbb,580251,63570,IVLSDATXNOMANO-WUXLKISSSA-N,CO[C@@H]1C[C@H]2[C@@H]3CC[C@H]([C@H](C)[C@H]4C[C@@H]4C(=O)C(C)C)[C@@]3(C)CC[C@@H]2[C@@]2(C)CC[C@@H]3C[C@]312,Bruker Alpha p,373.96442,3997.453,2559,4.0,False,False,Diamant-ATR,confirm
dd4ec932-7498-4fc5-a91c-076de9fd0b74,676970,88037,TUCALALAYJTWFB-UHFFFAOYSA-N,O=C(c1c(F)c(F)c(F)c(F)c1F)N(Cc1ccccc1)c1ccccc1C#Cc1ccccc1,Bruker Ascend 400 MHz,373.96442,3997.453,2559,4.0,False,False,Diamant-ATR,confirm
dd5a17d5-ff39-4669-b610-dd2174ba4d51,514961,47712,LRPLBHMNPSKBIQ-UHFFFAOYSA-M,[Cl][Au].c1ccc(P(c2ccccc2)c2cc3ccc2CCc2ccc(c(-c4ccc(-c5ccccn5)cc4)c2)CC3)cc1,"Bruker, model IFS 88",373.96442,3997.453,2559,4.0,True,True,Diamant-ATR,dev
dd67a664-7c4d-468a-8fd2-ed5478d7eeaf,20436,2578,KLUPEIFGVJLRNQ-UHFFFAOYSA-N,CCOC(=O)c1ccc(-c2ccc(NC(C)=O)cc2)cc1,Bruker IFS 88,373.96442,3997.453,2559,4.0,False,False,Diamant-ATR,confirm
dd8afbef-3422-4849-b2e6-17de5412b908,500196,44141,VYPSYFLMZHRHKS-UHFFFAOYSA-N,c1ccc(Cn2cc(-c3ccccn3)nn2)cc1,Bruker ALPHA,373.96442,3997.453,2559,4.0,False,False,Diamant-ATR,confirm
dda3db48-6d01-45d4-bdbe-3eb3d4a51c2f,633527,78341,FIXDPECESSBSFY-UHFFFAOYSA-N,COc1ccc(C#Cc2ccccc2N(Cc2ccc(C)cc2)C(=O)C(F)(F)C(F)(F)C(F)(F)C(F)(F)C(F)(F)C(F)(F)C(F)(F)F)cc1,Bruker Alpha-P ATR,373.96442,3997.453,2559,4.0,False,False,Diamant-ATR,confirm
de0da066-f832-4450-b7ec-eb9dce43b78b,529498,50596,AXEMIQWNNYJUSS-UHFFFAOYSA-N,Nc1nc2ccccc2nc1C=O,Bruker Alpha ATR,373.96442,3997.453,2559,4.0,False,False,Diamant-ATR,confirm
de23471b-12d5-4f80-b6d1-8647994a991f,672741,87058,QOXYOJVMQMEDIX-UHFFFAOYSA-N,O=C(c1c(-c2ccccc2)n(Cc2ccc(F)cc2)c2ccccc12)C(F)(F)C(F)(F)C(F)(F)C(F)(F)C(F)(F)C(F)(F)C(F)(F)F,Bruker Alpha-P ATR,373.96442,3997.453,2559,4.0,False,False,Diamant-ATR,confirm
de454f08-dfd6-4952-a2ab-b1a29658555b,658791,84109,QSTVHJCKUOQQGZ-UHFFFAOYSA-L,CN(C)C(=NC1CCCc2cccnc21)N(C)C.[Br][Zn][Br],Shimadzu IRTracer 100,249.7859,4000.433,3890,,True,True,,confirm
de5242f6-673a-46e4-a733-4971fc1cc50b,515077,47739,KWUZCAVKPCRJPO-UHFFFAOYSA-N,CCNc1ccc(-c2nc3ccc(C)cc3s2)cc1,BRUKER ALPHA,373.82813,3997.4121,2560,4.0,False,False,ATR platinum Diamond 1 Refl,confirm
de56480d-47fc-4dd7-8ecf-5d60ca077167,552194,55577,ISZZVWZCCZYJAF-UHFFFAOYSA-N,CCCCCCCCCCCCCCCCCC[N+](C)(C)CCCCS(=O)(=O)[O-],Bruker Alpha ATR,373.96442,3997.453,2559,4.0,False,False,Diamant-ATR,dev
de58f6cc-8560-43e2-ab6f-1e051ab56375,501432,44450,KQOQPBXLVDNELO-UHFFFAOYSA-N,CC(C)[Si](Oc1ccc([N+](=O)[O-])c(C=O)c1)(C(C)C)C(C)C,Bruker ALPHA,373.96442,3997.453,2559,4.0,False,False,ATR platinum Diamond 1 Refl,confirm
de8e5b1f-1ce4-4938-9b27-55f39da4df95,528075,50313,ARNRBIXDBKLRJX-UHFFFAOYSA-L,Fc1ccc(P(c2ccc(F)cc2)c2ccc(F)cc2)cc1.Fc1ccc(P(c2ccc(F)cc2)c2ccc(F)cc2)cc1.[Cu][I].[Cu][I].c1ccc(P(c2ccccc2)c2cc(CC3CCCC3)ccn2)cc1,IR,373.96442,3997.453,2559,4.0,True,True,Diamant-ATR,dev
de929d16-2622-46a1-8256-aa9dec9099f0,500232,44150,CVCCYVWSTHTZFM-UHFFFAOYSA-N,Cc1sc(B(O)O)cc1Br,Bruker ALPHA,373.96442,3997.453,2559,4.0,False,False,Diamant-ATR,confirm
ded18faf-dd50-4da7-b69a-7f21da261e8c,501052,44355,AQTVUYPMQTWGJZ-UHFFFAOYSA-N,O=[N+]([O-])c1cc2ccc1CCc1ccc(cc1)CC2,Bruker ALPHA,373.96442,3997.453,2559,4.0,False,False,Diamant-ATR,confirm
deeb9b59-fe70-434f-b9fb-de82b9244716,502444,44703,QVOSMUCBDNORGB-AUFAKCASSA-N,CCS[C@@H]1OC(COCc2ccc(OC)cc2)[C@@H](OC(C)=O)[C@H](OC(C)=O)C1OC(C)=O,Bruker ALPHA,373.96442,3997.453,2559,4.0,False,False,ATR platinum Diamond 1 Refl,dev
deed42ce-982c-4b92-a6d3-db4fc8b440e9,696396,92680,LVTOEFGLHOWPFS-UHFFFAOYSA-N,N#Cc1ccc(C(=O)N(Cc2ccccc2)c2ccccc2C#Cc2ccccc2)cc1,Bruker Alpha-P ATR,373.96442,3997.453,2559,4.0,False,False,Diamant-ATR,confirm
df0be8eb-a2ab-4c4d-bbcd-1fab25181412,499400,43942,QOKCGDSBHFTLMZ-UHFFFAOYSA-N,COC(=O)C(CCCC(C)=O)=[N+]=[N-],Bruker ALPHA,373.96442,3997.453,2559,4.0,False,False,Diamant-ATR,confirm
df47d233-4c55-4ad8-a6d1-b17539ba2ddd,507731,46052,BQLDYARBQZEEIU-UHFFFAOYSA-N,Fc1cc(-c2nc3ccccc3s2)cc(F)c1F,BRUKER ALPHA,373.96442,3997.453,2559,4.0,False,False,Diamant-ATR,confirm
df648a91-6a84-42ea-8cf6-3d604b720603,499548,43979,RYABQTATLDLRQX-UHFFFAOYSA-N,CC(C)(C)OC(=O)Nc1ccc(O)cc1C(=O)O,Bruker ALPHA,373.96442,3997.453,2559,4.0,False,False,Diamant-ATR,confirm
df7b6f2e-9dda-4999-94ab-d534161b4c68,530918,50888,VIFKGORYWDYOJX-UHFFFAOYSA-N,COc1cc(C(=O)c2ccccc2I)c(OC)c2ccccc12,BRUKER Alpha P,373.96442,3997.453,2559,4.0,False,False,Diamant ATR,confirm
dfdae6c6-fe35-4243-90aa-92f48a8fd85c,500044,44103,HPHPLVDTSMAOKA-UHFFFAOYSA-N,CCOC(=O)c1cc(B2OC(C)(C)C(C)(C)O2)c(C)s1,Bruker ALPHA,373.96442,3997.453,2559,4.0,False,False,ATR platinum Diamond 1 Refl,confirm
dfe4d401-baa6-4a60-ad3b-9ac9a40956c0,658979,84157,JJXJPUAKPFBQIM-UHFFFAOYSA-N,CC1=C(C#Cc2c(Cl)cc(OC3CCCCO3)cc2Cl)CCC1=O,Bruker ALPHA,373.96442,3997.453,2559,4.0,False,False,Diamant-ATR,confirm
dffa1883-ac66-40a6-ab4a-db1f85878fe2,557704,56760,GSWCLGSPFBAJHR-FBMGVBCBSA-N,CC(C)Cn1cc(C#N)c(/N=N/N(C(C)C)C(C)C)n1,Bruker ALPHA,373.96442,3997.453,2559,4.0,False,False,Diamant-ATR,confirm
e01d2686-4df5-4ea4-b3dd-a2f84f802fb6,500560,44232,SHSAEDZDTVOXGI-UHFFFAOYSA-N,C[Si](C)(C)C#Cc1ccc(C(=O)C2=CCCC=CCC2)cc1,Bruker ALPHA,373.96442,3997.453,2559,4.0,False,False,Diamant-ATR,confirm
e033d595-6dce-4731-9dc0-93e36e57f07b,522247,49271,XUKPCDIFIUREIQ-UHFFFAOYSA-N,Cc1ccc(C)c2oc(=O)ccc12,Bruker Alpha ATR,373.82813,3997.4121,2560,4.0,False,False,Diamant ATR,confirm
e04d61b3-4ccd-4892-b2e0-a26f91a5fd47,525878,49979,MNWSHPTVNBQJFN-UHFFFAOYSA-N,COc1ccc(P(c2ccc(OC)cc2)c2cc(C)ccn2)cc1,IR,373.96442,3997.453,2559,4.0,False,False,Diamant-ATR,dev
e052d262-17c4-4074-838b-817dce15d1ef,500968,44334,ZCJZVMNBJKPQEV-UHFFFAOYSA-N,O=Cc1ccc(-c2cc(-c3ccc(C=O)cc3)cc(-c3ccc(C=O)cc3)c2)cc1,Bruker ALPHA,373.96442,3997.453,2559,4.0,False,False,Diamant-ATR,confirm
e05be926-c661-4dfe-b093-0d2b0ab268ea,677638,88193,IHMXEAXRAFCICW-UHFFFAOYSA-N,c1cc2c(-c3cn[nH]c3)cc1CCc1ccc(cc1-c1cn[nH]c1)CC2,FTIR Bruker IFS 88,373.96442,3997.453,2559,4.0,False,False,Diamant-ATR,confirm
e06b8cde-8563-4cac-8575-052a602779d7,499592,43990,IDTBYMIQPLRBEI-UHFFFAOYSA-N,O=C1c2ccccc2CCc2c3ccc(c21)CCc1ccc(cc1)CC3,Bruker ALPHA,373.96442,3997.453,2559,4.0,False,False,Diamant-ATR,confirm
e083a997-0fe3-414f-817e-a59887d50802,580179,63555,JMSDENZFQRIIEY-VVBRJHLJSA-N,CO[C@@H]1C[C@H]2[C@@H]3CC[C@H]([C@H](C)[C@H]4C[C@@H]4CO)[C@@]3(C)CC[C@@H]2[C@@]2(C)CC[C@@H]3C[C@]312,Bruker Alpha p,373.96442,3997.453,2559,4.0,False,False,Diamant-ATR,confirm
e08821f2-a0ff-466b-b3fd-65895a8e67aa,501988,44589,SWTPMSKJIWTBTQ-UHFFFAOYSA-N,O=C(O)c1cc2ccc1CCc1ccc(cc1)CC2,Bruker ALPHA,399.65625,3996.5625,1765,4.0,False,False,Instrument type and / or accessory,confirm
e0907465-f6e6-4c60-8bac-9751735ea8ad,553926,55720,IEAGUOOJWBIVEW-CCEZHUSRSA-N,CC(C)N(/N=N/c1c(C#N)cnn1C)C(C)C,Bruker ALPHA,373.96442,3997.453,2559,4.0,False,False,Diamant-ATR,confirm
e094e664-5c8a-4c8d-9f73-ac2de2abdf78,501864,44558,FACYDDWLSGTKQN-UHFFFAOYSA-N,c1ccc2c(c1)OB1Oc3ccccc3-c3cc(N4c5ccccc5Oc5ccccc54)cc-2c31,Bruker ALPHA,373.96442,3997.453,2559,4.0,False,False,ATR platinum Diamond 1 Refl,confirm
e0b2bac9-4289-4f1f-b598-675032b6f9c2,658504,83874,DIGDZTVIAVKGMW-UHFFFAOYSA-N,CCCCC(C)(C)c1cc(O)c2cc(Cc3ccc(F)cc3)c(=O)oc2c1,Bruker Alpha,373.96442,3997.453,2559,4.0,False,False,Diamant-ATR,confirm
e0b5c22c-9a37-4fb5-bb23-85dfefc055df,515234,47781,GJXVXQKLCLKLLN-UHFFFAOYSA-N,CCOC(=O)c1ccc(-c2c3nc(c(-c4ccccc4C=O)c4ccc([nH]4)c(-c4ccc(C(=O)OCC)cc4)c4nc(cc5ccc2[nH]5)C=C4)C=C3)cc1,IR,373.96442,3997.453,2559,4.0,False,False,Diamant-ATR,dev
e0c9d265-64f5-49a9-865d-5798f2dcaebb,525529,49924,LQTFPYMIMKMUQX-UHFFFAOYSA-N,CCCCc1cc2c(C)c(O)c(C)c(C)c2oc1=O,Bruker Alpha ATR,373.96442,3997.453,2559,4.0,False,False,Diamant ATR,confirm
e0cf38fb-74e0-4f4c-a6fa-2261ea8c08da,509229,46403,GDQKZMQFKBIPHK-UHFFFAOYSA-N,Clc1cc(Cl)cc(N2c3ccccc3Oc3ccccc32)c1,Thermo Finnigan Mat 95,373.96442,3997.453,2559,4.0,False,False,ATR platinum Diamond 1 Refl,confirm
e0d8c9ee-065c-492e-889b-95f16c7da8d9,499600,43992,GCRYBHUTYSZNKJ-UHFFFAOYSA-N,C#Cc1cc2ccc1CCc1ccc(cc1)CC2,Bruker ALPHA,373.96442,3997.453,2559,4.0,False,False,Diamant-ATR,confirm
e0f7c796-feee-4944-9a46-1fda9c4c1cb5,501648,44504,DUEXJIZWUJECGU-PMAOIYGQSA-N,CCOC(=O)c1ccc(-c2c3nc(c(/C=C/c4cccc(F)c4)c4ccc([nH]4)c(-c4ccc(C(=O)OCC)cc4)c4nc(c(/C=C/c5cccc(F)c5)c5ccc2[nH]5)C=C4)C=C3)cc1,Bruker ALPHA,373.96442,3997.453,2559,4.0,False,False,ATR platinum Diamond 1 Refl,dev
e148527e-315c-436b-8ef4-83afbe6b044d,639364,79602,JQDGMCVIMFXZEE-UHFFFAOYSA-N,CN(C)C(=Nc1cccc2c(N(C)C)ccnc12)N(C)C.CN(C)C(=Nc1cccc2c(N(C)C)ccnc12)N(C)C.F[B-](F)(F)F.[Cu+],SHIMADZU IRTRACER-100,249.7859,4000.433,3890,,True,True,,confirm
e1b19510-6500-449e-9cdb-884e91deeabc,501936,44576,VPJVDXLJPUFDES-UHFFFAOYSA-N,CN1c2ccc(C#Cc3ccccn3)cc2C(=O)CC1CCC#N,Bruker ALPHA,399.65625,3996.5625,1765,4.0,False,False,Instrument type and / or accessory,confirm
e1b829e0-bd65-4d0b-bdcc-9069409b0c73,551052,55402,PWQZDRACEZLJRD-BXKMTCNYSA-N,COc1cc(Br)c(C(=O)[C@]23CC=C(C)C[C@H]2C(=O)c2ccccc2C3=O)cc1OC,Bruker Alpha,373.96442,3997.453,2559,4.0,False,False,Diamant ATR,confirm
e1cb360d-772f-4277-bc17-90279f83111f,500864,44308,LPTITAGPBXDDGR-BEBHXBEKSA-N,CC(=O)OCC1O[C@@H](OC(C)=O)C(OC(C)=O)[C@@H](OC(C)=O)[C@H]1OC(C)=O,Bruker ALPHA,373.96442,3997.453,2559,4.0,False,False,Diamant-ATR,confirm
e1e5bd46-e2f9-41f5-862c-382b76348db4,499772,44035,ROXYZMBOQYBMSL-UHFFFAOYSA-N,CCOC(=O)C1CC(c2c[nH]c3cc(F)ccc23)CC(c2c[nH]c3cc(F)ccc23)N1c1ccc(Cl)cc1,Bruker ALPHA,373.96442,3997.453,2559,4.0,False,False,Diamant-ATR,confirm
e1ec1f64-b48c-4aad-8331-6df6a59370a0,504270,45180,XRZQCHKTIVOMJE-UHFFFAOYSA-N,O=[N+]([O-])c1ccc(-c2cc3ccc2CCc2ccc(cc2)CC3)cc1,Bruker IFS 88,373.96442,3997.453,2559,4.0,False,False,Diamant-ATR,confirm
e20e6e29-d752-4339-a387-33d2448a37a8,501868,44559,QFKMMXYLAPZKIB-UHFFFAOYSA-N,CCCCCCCCCCCN,Bruker ALPHA,373.96442,3997.453,2559,4.0,False,False,ATR platinum Diamond 1 Refl,confirm
e2104bca-377d-467b-a61d-a7e2c7794dd0,565849,59262,ZZIBEWTVKKCYBH-UHFFFAOYSA-N,C[Si](C)(C)C#Cc1ccc(-c2cc3ccc2CCc2ccc(cc2)CC3)cc1,Bruker Avance 400 MHz,373.96442,3997.453,2559,4.0,False,False,Diamant-ATR,confirm
e21df8a7-6e74-4353-8b21-18c59a33c1f7,499736,44026,XQJAVEMHUDLYIT-UHFFFAOYSA-N,C=CCOc1cc(C(=O)O)c(OCC=C)cc1C(=O)O,Bruker ALPHA,373.96442,3997.453,2559,4.0,False,False,Diamant-ATR,confirm
e2214cb7-6811-4e69-9cc7-ff20093b7c8f,499996,44091,FAIAMZAJWVPYQP-UHFFFAOYSA-N,CCCCCCCCn1cc(C(=O)C23CC4CC(CC(C4)C2)C3)c2ccccc21,Bruker ALPHA,373.96442,3997.453,2559,4.0,False,False,Diamant-ATR,confirm
e23c6ce8-69cf-43f7-ac34-93e7258e1ef4,549460,55020,KRJCOBGZHYQKIP-UHFFFAOYSA-N,c1ccc(Nc2cc3c(-c4ccc(-n5c6ccccc6c6ccccc65)cc4)cc2CCc2ccc(cc2)CC3)cc1,"Bruker, model IFS 88",373.96442,3997.453,2559,4.0,False,False,Diamant-ATR,confirm
e258ef11-d268-42ca-8eb6-f661513c53d3,495158,42881,GCRYBHUTYSZNKJ-UHFFFAOYSA-N,C#Cc1cc2ccc1CCc1ccc(cc1)CC2,Bruker Alpha,373.96442,3997.453,2559,4.0,False,False,Diamant-ATR,confirm
e2595b28-ab68-4b51-af56-31af5c64038d,2588,853,WWBBSKVQLPFKDZ-FOWTUZBSSA-N,CC/C(=N\Nc1ccc(F)cc1)C1SCCCS1,,373.82813,3997.4121,2560,4.0,False,False,ATR platinum Diamond 1 Refl,dev
e2714544-1d60-4360-b61f-8ff93462b616,500048,44104,VPMFSXYGQUSBSR-SREVYHEPSA-N,CN1CC(=O)OB(c2ccc(/C=C\C(F)(F)C(F)(F)C(F)(F)C(F)(F)C(F)(F)C(F)(F)F)cc2)OC(=O)C1,Bruker ALPHA,373.96442,3997.453,2559,4.0,False,False,Diamant-ATR,dev
e2f86925-4bda-4696-b389-87ed408087b3,630609,77788,OXDOANYFRLHSML-UHFFFAOYSA-N,COP(=O)(OC)c1ccccc1,Bruker Alpha ATR,373.96442,3997.453,2559,4.0,False,False,Diamant-ATR,confirm
e323eb4f-9c67-41b5-82a6-babeb0863c85,644694,80758,JZHZQROLCJLKJN-UHFFFAOYSA-M,Cc1ccc2cccc(N=C(N(C)C)N(C)C)c2n1.Cc1ccc2cccc(N=C(N(C)C)N(C)C)c2n1.O=S(=O)([O-])C(F)(F)F.[Cu+],SHIMADZU IRTRACER-100,400.2361,4000.433,3734,,True,True,,dev
e35ea5b9-582a-476b-9081-b12225f0f9bd,606991,72339,LGMVEBQKPYIMMI-UHFFFAOYSA-N,c1ccc2c(c1)ncc1nnnn12,Bruker Alpha ATR,373.96442,3997.453,2559,4.0,False,False,Diamant-ATR,confirm
e3b8c277-2578-4f52-96a6-9dd027537189,605486,71618,GCJKJVPZVSPCQI-UHFFFAOYSA-N,O=C1c2ccccc2C(=O)N1Cc1cn(-c2cnc3ccccc3n2)nn1,Bruker Alpha ATR,373.96442,3997.453,2559,4.0,False,False,Diamant-ATR,confirm
e3b9210a-5b37-48b1-8eac-29e6404457e2,499636,44001,INTXJWULROQSSK-CBQIQWOPSA-N,COC(=O)[C@@H]1C[C@H](C(=O)O[C@@H]2C[C@H](C)CC[C@H]2C(C)C)[C@H](c2cccc(F)c2)N1,Bruker ALPHA,373.96442,3997.453,2559,4.0,False,False,Diamant-ATR,confirm
e3d60e2e-4297-4c06-afd1-8dc9ca4ea8cb,633577,78349,SCRHUHFCHHSPOU-UHFFFAOYSA-N,CCCN(C(=O)C(F)(F)C(F)(F)C(F)(F)C(F)(F)C(F)(F)C(F)(F)C(F)(F)F)c1ccccc1C#Cc1ccc(F)cc1,Bruker Alpha-P ATR,373.96442,3997.453,2559,4.0,False,False,Diamant-ATR,confirm
e45195e8-fb5e-4cd1-8b5a-633ec64e3794,579099,63282,GAKCHCJSYMSHMC-UHFFFAOYSA-M,[Cl][Au].c1ccc(P(c2ccccc2)c2cc3ccc2CCc2ccc(cc2-c2ccc(-c4ccccn4)cc2)CC3)cc1,Bruker Alpha ATR,373.96442,3997.453,2559,4.0,True,True,Diamant-ATR,confirm
e45c88e9-1d85-4592-97fb-3331585816fa,573985,61775,KNHYSHHYDQXCMX-UHFFFAOYSA-N,CC(C)C(ON1C(C)(C)CCCC1(C)C)c1ccc(-c2ccc(C(ON3C(C)(C)CCCC3(C)C)C(C)C)cc2)cc1,Bruker Alpha ATR,373.96442,3997.453,2559,4.0,False,False,ATR platinum Diamond 1 Refl,confirm
e4776898-1ce4-4239-a689-462c14c27ef4,501776,44536,MQHLDGLJNBYOQQ-UHFFFAOYSA-N,CCC(=O)CCC(=C1SCCS1)c1ccccc1,Bruker ALPHA,373.96442,3997.453,2559,4.0,False,False,ATR platinum Diamond 1 Refl,dev
e4acb628-22af-42e9-8e8f-4de7bf3a8e20,569585,60478,LSRWKYYPPBDFRR-UHFFFAOYSA-N,CC(=O)c1ccc(-c2ccc(-c3ccc(C(C)=O)cc3)cc2)cc1,Bruker Alpha ATR,373.96442,3997.453,2559,4.0,False,False,Diamant-ATR,dev
e4c62275-8c99-49f0-b869-1a2713777e54,526438,50040,IUQVCMYRJUOLIY-UHFFFAOYSA-N,c1ccc(P(c2ccco2)c2ccco2)nc1,IR,373.96442,3997.453,2559,4.0,False,False,Diamant-ATR,confirm
e4ca70c8-02f4-447b-8333-5291635e3292,646714,81369,DUIPPOCVWFEWBX-WXUNRCGOSA-N,CCCCCCCCOc1nc2ccccc2nc1/C=C/c1nc2cc(-c3ccccc3)c(-c3ccccc3)cc2nc1/C=C/c1nc2ccccc2nc1/C=C/c1ccc(/C=C/c2nc3ccccc3nc2/C=C/c2nc3cc(-c4ccccc4)c(-c4ccccc4)cc3nc2/C=C/c2nc3ccccc3nc2OCCCCCCCC)cc1,Bruker Alpha ATR,373.96442,3997.453,2559,4.0,False,False,Diamant-ATR,confirm
e4d77f71-9d68-4d8d-b261-78f29a3f168f,501912,44570,VWVDKFKCFKUUJB-OWYCYUENSA-N,C[C@@H]1NC(=O)[C@H]2CCCN2C(=O)[C@H](Cc2ccccc2)NC(=O)[C@H](Cc2c[nH]c3ccccc23)NC1=O,Bruker ALPHA,399.65625,3996.5625,1765,4.0,False,False,Instrument type and / or accessory,confirm
e502f9a9-207e-4991-b0f3-f9360e890624,499100,43867,GEPFNJDSCKCSTO-UHFFFAOYSA-N,O=C(CC(C(=C1SCCS1)c1ccccc1)c1ccccc1)c1ccccc1,Bruker ALPHA,373.96442,3997.453,2559,4.0,False,False,Diamant-ATR,confirm
e54007b6-b1f7-4b37-952a-68fa0044e284,499744,44028,UPMMMFZZCGWFAS-UHFFFAOYSA-N,Cc1cc2c(oc1=O)c(C)cc1ccccc12,Bruker ALPHA,373.96442,3997.453,2559,4.0,False,False,Diamant-ATR,confirm
e570c7f8-4821-4159-9b87-8257e95f7b55,636552,78959,UPHDJXCPMPCIDR-RLJRJAJVSA-N,CCCCCCCCOc1nc2ccccc2nc1/C=C/c1nc2ccccc2nc1/C=C/c1nc2ccccc2nc1C=O,Bruker Alpha ATR,373.96442,3997.453,2559,4.0,False,False,Diamant-ATR,confirm
e581d5f7-2c79-43ac-b777-0aadbd10d2a8,500084,44113,YGTISRFAPOCTOV-MZNJEOGPSA-N,COC(=O)c1ccc(-c2c(C)cc3c(c2O)C(=O)C[C@](C(=O)OC)([C@H]2CCC(=O)O2)O3)cc1[N+](=O)[O-],Bruker ALPHA,373.96442,3997.453,2559,4.0,False,False,Diamant-ATR,confirm
e5ad9ab5-68a9-4295-8c8a-106a3b15a9cf,549530,55038,VYAPEFWVTAXFRX-UHFFFAOYSA-N,Cc1ccc(C)c(-c2cc3c(Nc4ccccc4)cc2CCc2ccc(cc2)CC3)c1,"Bruker, Alpha ATR",373.96442,3997.453,2559,4.0,False,False,Diamant-ATR,confirm
e5e91b93-3f3a-459d-ae7c-b1783c3128b6,641149,79905,CXGDPEBXNOAMCA-UHFFFAOYSA-N,COP(=O)(OC)c1ccc(N)cc1,Finnigan MAT 90,373.96442,3997.453,2559,4.0,False,False,Diamant-ATR,confirm
e61087fb-af2a-4bb2-85e0-68f8058a2ebb,608869,72669,KJGMTJLKKFWUBJ-UHFFFAOYSA-N,COC(=O)c1nc2ccccc2nc1C(=O)OC,Thermo Finnigan Mat 95,373.96442,3997.453,2559,4.0,False,False,Diamant-ATR,confirm
e66b4997-e021-4728-a88e-c5ad034ec8b8,635064,78665,RPXBXBSPFPVZAQ-UHFFFAOYSA-N,O=C(N(Cc1ccccc1C(F)(F)F)c1ccccc1C#Cc1ccccc1)C(F)(F)C(F)(F)C(F)(F)C(F)(F)C(F)(F)C(F)(F)C(F)(F)F,Bruker Alpha-P ATR,373.96442,3997.453,2559,4.0,False,False,Diamant ATR,confirm
e6832ede-0960-423e-a9a5-6485864ca2dc,657117,83814,ZDNCBAZITMJOTD-UHFFFAOYSA-N,COC(=O)CCCC(=O)c1ccc(C)cc1,Bruker Alpha,373.96442,3997.453,2559,4.0,False,False,Diamant-ATR,confirm
e68c4ea4-080b-48f6-8d77-a4f7a2b97379,580154,63550,YUSXSWPUKFKBNI-LIDDLJRISA-N,CCOC(=O)[C@H]1C[C@@H]1[C@@H](C)[C@H]1CC[C@H]2[C@@H]3C[C@@H](OC)[C@]45C[C@H]4CC[C@]5(C)[C@H]3CC[C@]12C,Bruker Alpha p,373.96442,3997.453,2559,4.0,False,False,Diamant-ATR,confirm
e699fcc1-a8c3-4b10-b268-274572554a48,502472,44710,UYKLCIRRPUIZCX-UHFFFAOYSA-N,CCCCOc1cc(OC)cc(OC)c1,Bruker ALPHA,373.96442,3997.453,2559,4.0,False,False,Diamant-ATR,dev
e6b95c91-1ecc-4f0c-a638-4f97c1b73c6f,502412,44695,PANQYWSBGXNQND-UHFFFAOYSA-N,CCCCCc1cc2c(OC)cc(OC)cc2oc1=O,Bruker ALPHA,373.96442,3997.453,2559,4.0,False,False,ATR platinum Diamond 1 Refl,confirm
e70dda28-6b43-4224-9cda-001fda925b0f,529636,50626,RWJRBVYNMRKGAG-UHFFFAOYSA-N,N#[N+][N-]Cc1ccccc1[N+](=O)[O-],Bruker Alpha-P ATR,373.96442,3997.453,2559,4.0,False,False,Diamant-ATR,confirm
e7152d87-8f02-4378-ace3-ee63269a74d0,502032,44600,VLCDUOXHFNUCKK-UHFFFAOYSA-N,CNC(=S)NC,Bruker ALPHA,373.96442,3997.453,2559,4.0,False,False,ATR platinum Diamond 1 Refl,confirm
e71e6e51-81a7-422a-a440-da56ceab9a6a,674050,87312,WPBCYIDVZMJOFN-RIYZIHGNSA-N,COc1ccc(N/N=C(\C)C(C)=O)cc1NC=O,Jasco FT/IR-460Plus with ATR Diamond Plate,649.8934,4000.1226,6950,,False,False,,dev
e737fa51-39c2-4acc-bbb5-6999697e0a6e,593419,68358,MORMFGNFEXIKDM-IMVLJIQESA-N,Cc1ccc(Cn2cc(CNC(=O)CC(C)C)c(/N=N/N(C(C)C)C(C)C)n2)cc1,Bruker ALPHA,373.96442,3997.453,2559,4.0,False,False,Diamant-ATR,confirm
e7395200-1a46-48ee-8b62-c2374fc9e571,500956,44331,QKZWRMUOBFFKPJ-SCEOJTAYSA-N,CCOC(=O)[C@H]1C[C@H](c2c[nH]c3ccccc23)C[C@H](c2c[nH]c3ccccc23)N1c1ccc(C)cc1,Bruker ALPHA,373.96442,3997.453,2559,4.0,False,False,Diamant-ATR,confirm
e73e1320-26dc-4fbb-af27-aab8d2f14d92,499560,43982,NMDWDFARCPAUTB-UHFFFAOYSA-M,CCN(CC)c1ccc2c(-c3ccccc3C(=O)OCCn3cc([Si](C)(C)C)nn3)c3ccc(=[N+](CC)CC)cc-3oc2c1.[Cl-],Bruker ALPHA,373.96442,3997.453,2559,4.0,True,False,Diamant-ATR,confirm
e758e327-a26e-4af5-b377-dece6ff2fe89,502288,44664,OFFJMDBNJHFCGB-AGOPTVSRSA-N,C[C@@H]1NC(=O)[C@H]2CCCN2C(=O)[C@H](Cc2ccccc2)NC(=O)[C@H](Cc2ccccc2)NC1=O,Bruker ALPHA,399.65625,3996.5625,1765,4.0,False,False,Instrument type and / or accessory,dev
e76374e5-2672-47e9-93a3-b2be9bdcac06,500916,44321,SAHPPTPEDSEYNH-UHFFFAOYSA-N,CCCCn1cc(C(=O)c2cccc3ccccc23)c2cc(C#N)ccc21,Bruker ALPHA,373.96442,3997.453,2559,4.0,False,False,Diamant-ATR,confirm
e77ce784-f755-4b31-9589-9364f3e8b894,549825,55114,DIPWHGRONXMEEO-UHFFFAOYSA-N,Cc1cc(-c2cc(-c3cc(-c4cc(-c5cc(C)nc(C)c5)c5ccccc5n4)cc(-c4cc(-c5cc(C)nc(C)c5)c5ccccc5n4)c3)nc3ccccc23)cc(C)n1,Bruker Alpha-P ATR,373.96442,3997.453,2559,4.0,False,False,Diamant-ATR,confirm
e782083b-b9bd-49a7-ba81-1a915410496a,510400,46704,KXWSDZYAKUDZPF-UHFFFAOYSA-N,O=Cc1ccccc1-c1cc2[nH]c1c(-c1ccccc1)c1nc(c(-c3ccccc3)c3ccc([nH]3)c(-c3ccccc3)c3nc(c2-c2ccccc2)C=C3)C=C1,IR,373.96442,3997.453,2559,4.0,False,False,Diamant-ATR,confirm
e7c84cd6-0542-438b-90ff-1d714d56c3ba,646148,81230,DADKCGDWBGVQPP-UHFFFAOYSA-L,CN(C)C(=NCc1ccccn1)N(C)C.CN(C)C(=NCc1ccccn1)N(C)C.[Br-].[Br-].[Cu+2],Perkin Elmer BX FT-IR,249.7859,4000.433,3890,,True,True,,confirm
e7fa8bfa-31fc-4418-b5c3-08bfd75573e3,501388,44439,NFPBQSQJIOWFBM-UHFFFAOYSA-N,COc1cc(OC)c2cc(C)c(=O)oc2c1,Bruker ALPHA,373.96442,3997.453,2559,4.0,False,False,ATR platinum Diamond 1 Refl,dev
e8da54ca-855b-4468-aff9-f94166b15855,630652,77796,BOVXCNOYJDLWHV-UHFFFAOYSA-N,COP(=O)(OC)c1cccc(C)c1,Bruker Alpha ATR,373.96442,3997.453,2559,4.0,False,False,Diamant-ATR,confirm
e8e124db-8962-44b1-9bbf-3582ad8f8c17,500396,44191,IGOBECVWMDKFLF-UHFFFAOYSA-N,CCCCCn1nc2c(C(F)(F)F)cccc2c1NC(=O)Cc1ccccc1,Bruker ALPHA,373.96442,3997.453,2559,4.0,False,False,Diamant-ATR,confirm
e8e3dc14-b8d0-4a39-8a59-664cbb634d88,631510,77958,FHUKKBCWNJYUKA-UHFFFAOYSA-N,COC(=O)c1ccc(-c2cc3nc(C)c(C)nc3cc2-c2ccc(C(=O)OC)cc2)cc1,Bruker Alpha ATR,373.96442,3997.453,2559,4.0,False,False,Diamant-ATR,confirm
e90b325a-eeb9-47f7-afe6-962a8b182d4e,500960,44332,SUXFYYFRYJTFSK-UHFFFAOYSA-N,O=C(C1=CCCC=CCC1)c1ccccc1,Bruker ALPHA,373.96442,3997.453,2559,4.0,False,False,Diamant-ATR,confirm
e922bba7-f617-4cc8-b3db-02a20f3f6b6a,499900,44067,DFGWIAOSYURBRH-FOCLMDBBSA-N,BrCc1ccc(/N=N/c2ccccc2)cc1,Bruker ALPHA,373.96442,3997.453,2559,4.0,False,False,Diamant-ATR,confirm
e95de214-2a04-4d8c-8af4-b96d7933346b,501628,44499,MHBRSYXICZEKTG-UHFFFAOYSA-N,[N-]=[N+]=Nc1ccc(-c2cc(-c3ccc(N=[N+]=[N-])cc3)cc(-c3ccc(N=[N+]=[N-])cc3)c2)cc1.[N-]=[NH2+].[N-]=[NH2+],Bruker ALPHA,373.96442,3997.453,2559,4.0,True,False,ATR platinum Diamond 1 Refl,confirm
e9617d35-6d6f-4471-8742-4e3a230ad440,676515,87925,NGRMNRCBYXSZLJ-UHFFFAOYSA-N,Nc1cc2ccc1CCc1ccc(c(Br)c1)CC2,FTIR Bruker IFS 88,373.96442,3997.453,2559,4.0,False,False,Diamant-ATR,dev
e983f9d4-e168-4745-872a-98aaff354753,499480,43962,LVDVDCVNBXQDHR-RYCSRDMISA-N,C[C@]12CC[C@H](O)C[C@@H]1CC[C@@H]1[C@@H]2CC[C@]2(C)C(c3ccc(=O)oc3)=CC[C@@H]12,Bruker ALPHA,373.96442,3997.453,2559,4.0,False,False,Diamant-ATR,confirm
ea294c3a-a6f7-4120-8a44-d227cfe5fb95,529366,50570,WGHZDFAULZNZJE-UHFFFAOYSA-N,Cc1nc2ccccc2nc1N,Bruker Alpha ATR,373.96442,3997.453,2559,4.0,False,False,Diamant-ATR,confirm
ea6f0608-3404-4d61-a6d9-7d2591f2809f,642797,80239,QMTOLUHXYSTIDS-DUJDKOHPSA-N,CC(C)(C)[Si](C)(C)OCCCCCCCCCCCCOc1nc2ccccc2nc1/C=C/c1nc2ccccc2nc1/C=C/c1nc2ccccc2nc1C=O,Bruker Alpha ATR,373.96442,3997.453,2559,4.0,False,False,Diamant-ATR,confirm
ea76e906-008e-4348-a8b0-4c499501da7e,629633,77602,VQNXTBFBRGTADB-UHFFFAOYSA-N,CCOC(=O)c1sc(-c2cccc(-c3nc(O)c(C(=O)OCC)s3)c2)nc1O,Jasco FT/IR 6300,649.8934,4000.6047,3476,,False,False,,dev
ea8409ec-9853-4858-8716-364e8449578a,553755,55697,OYLKAJRZGTZKKB-ZZXKWVIFSA-N,CN(C)/C=N/C(N)=S,Bruker Alpha ATR,373.96442,3997.453,2559,4.0,False,False,Diamant-ATR,dev
ea8ef6e6-6d0b-4cfa-b073-e2f324a4d019,526766,50092,RSQMVWIHTCEAOF-UHFFFAOYSA-L,Cc1ccc(P(c2ccc(C)cc2)c2ccccn2)cc1.[Cu][I].[Cu][I].c1ccc(P(c2ccccc2)c2ccccc2)cc1.c1ccc(P(c2ccccc2)c2ccccc2)cc1,IR,373.96442,3997.453,2559,4.0,True,True,Diamant-ATR,confirm
eac8ed97-5acb-4561-907d-0ebb1a29f1a0,500392,44190,UWCPYXWYHKHHEQ-UHFFFAOYSA-N,CC(C)(C)C(=O)Nc1n[nH]c2c(C(F)(F)F)cccc12,Bruker ALPHA,373.96442,3997.453,2559,4.0,False,False,Diamant-ATR,confirm
eaca3a26-c5c2-40ea-8c46-52f64a734f04,531712,51074,UKTGPOJWCWJQMV-UHFFFAOYSA-N,COc1ccc(Br)c(C(=O)C23CC(C)=C(C)CC2C(=O)c2ccccc2C3=O)c1,Bruker Alpha,373.96442,3997.453,2559,4.0,False,False,Diamant-ATR,confirm
eae5b642-7f8c-4a1e-b0bb-968c9e7eabce,594318,68603,YTMDZVLVQKEENN-XCYRUZEPSA-N,C1=C/C2=C(\c3ccccc3)c3ccc4[n]3[Ni][n]3/c(cc/c3=C(\c3ccccc3)C3=N/C(=C\4c4ccccc4/C4=c5\cc/c6[n]5[Ni][n]5c(ccc5/C(c5ccccc5/C5=c7\cc/c8[n]7[Ni][n]7c(ccc7/C(c7ccccc7)=C7/C=CC5=N7)/C(c5ccccc5)=C5/C=CC(=N5)\C=8c5ccccc5)=C5/C=CC(=N5)\C=6c5ccccc5)/C(c5ccccc5)=C5/C=CC4=N5)C=C3)=C(/c3ccccc3)C1=N2,FT-IR Bruker IFS 88,373.96442,3997.453,2559,4.0,False,True,Diamant-ATR,confirm
eaf79564-d62e-4245-b5e9-8ad5037f26de,502584,44738,BBPGYLPEDPNIFS-UHFFFAOYSA-N,OC(c1ccccc1)C1SCCCS1,Bruker ALPHA,399.65625,3996.5625,1765,4.0,False,False,Instrument type and / or accessory,dev
eb0bd06f-4d8c-457b-9b67-a44d7f82c63a,501448,44454,DMUOHKUJVVFWET-UHFFFAOYSA-N,CCOC(=O)c1cc(-c2cc(C)c(Br)cc2C)c(C)s1,Bruker ALPHA,373.96442,3997.453,2559,4.0,False,False,ATR platinum Diamond 1 Refl,confirm
eb0c0d42-5a0e-4cd7-aebb-ad2df149c61e,500176,44136,KSCQYRGSTDTPQV-UHFFFAOYSA-N,CC(C)CCn1nc(NC(=O)c2ccccc2)c2cccc(C(F)(F)F)c21,Bruker ALPHA,373.96442,3997.453,2559,4.0,False,False,Diamant-ATR,dev
eb2c3b4e-d738-4e32-8582-7246f600184f,501744,44528,SDTZMMHGVHGEJQ-UHFFFAOYSA-N,CC(C)(C)OC(=O)CCNCC(=O)OCc1ccccc1,Bruker ALPHA,373.96442,3997.453,2559,4.0,False,False,ATR platinum Diamond 1 Refl,confirm
eb3f92e6-2cde-4094-85cb-d82622b7aed5,637645,79197,DBNVVGCBNDLOJC-ZHACJKMWSA-N,Cc1nc2ccccc2nc1/C=C/c1nc2ccccc2nc1C1OCC(CC(F)(F)C(F)(F)C(F)(F)C(F)(F)C(F)(F)C(F)(F)C(F)(F)C(F)(F)F)O1,Bruker Alpha ATR,373.96442,3997.453,2559,4.0,False,False,Diamant-ATR,dev
ebe936cc-e4b8-44bb-88fe-f501e8fe8a6a,499716,44021,KVGHWZYWHPTWEZ-UHFFFAOYSA-N,CC1(C)c2ccc(C#Cc3cc(C#Cc4ccc5c(c4)C(C)(C)N([O])C5(C)C)cc(C#Cc4ccc5c(c4)C(C)(C)N([O])C5(C)C)c3)cc2C(C)(C)N1[O],Bruker ALPHA,373.96442,3997.453,2559,4.0,False,False,Diamant-ATR,confirm
ec23b056-c9c3-4c03-a718-4932e89d48e7,537063,52304,BKRXNLXTVKSIIL-UHFFFAOYSA-N,CCOC(=O)c1ccc(-c2c3nc(c(-c4ccc5cc[nH]c5c4)c4ccc([nH]4)c(-c4ccc(C(=O)OCC)cc4)c4nc(c(-c5ccc6cc[nH]c6c5)c5ccc2[nH]5)C=C4)C=C3)cc1,Bruker ALPHA-T,373.96442,3997.453,2559,4.0,False,False,Diamant-ATR,confirm
ec26777a-702c-468a-8020-43d670967a05,604027,71647,OJTCPNVRJOFUKT-UHFFFAOYSA-N,Ic1ccccc1NCc1ccccc1,Bruker Alpha-P ATR,373.96442,3997.453,2559,4.0,False,False,Diamant-ATR,confirm
ec280427-f6d5-44fe-ab4c-8ac9af26e1fc,501284,44413,NBUVKGSLKJXANO-UHFFFAOYSA-N,CCCCCCCCn1nc(NC(=O)C(C)(C)C)c2ccccc21,Bruker ALPHA,373.96442,3997.453,2559,4.0,False,False,ATR platinum Diamond 1 Refl,confirm
ec4d3f53-61bc-4d62-b286-e452bcf8e61c,502388,44689,YJUTTWPYVSUNQJ-UHFFFAOYSA-N,CCCOc1cc(OC)c2cc(Cc3ccc(Cl)cc3)c(=O)oc2c1,Bruker ALPHA,373.96442,3997.453,2559,4.0,False,False,ATR platinum Diamond 1 Refl,dev
ec4f867e-9a8b-4cfa-bfb5-eaaa76669d97,573147,61570,AOVIKWHAYNYASL-UHFFFAOYSA-N,CC(C)C(Br)c1ccc(C(=C(c2ccc(C(Br)C(C)C)cc2)c2ccc(C(Br)C(C)C)cc2)c2ccc(C(Br)C(C)C)cc2)cc1,Bruker Alpha ATR,373.96442,3997.453,2559,4.0,False,False,Diamant-ATR,dev
ec607cb7-3ef3-48fa-adf2-fd3ffa036c2d,501064,44358,ZNAXZVWVJHSCLK-UHFFFAOYSA-N,N#Cc1cc2ccc1CCc1ccc(c(C#N)c1)CC2,Bruker ALPHA,373.96442,3997.453,2559,4.0,False,False,Diamant-ATR,dev
ec6a5caf-b197-45f9-8a91-8647e5301048,637273,79124,RJOYWTPJYZNRJD-UHFFFAOYSA-N,Brc1cc2ccc1CCc1ccc(cc1)CC2,FTIR Bruker IFS 88,373.96442,3997.453,2559,4.0,False,False,Diamant ATR,confirm
ec7bdae6-81ef-486a-9df9-a8e998bd75ef,639724,79664,ABJFBJGGLJVMAQ-UHFFFAOYSA-N,O=c1[nH]c2ccccc2[nH]c1=O,Bruker Alpha ATR,373.96442,3997.453,2559,4.0,False,False,Diamant-ATR,dev
eca4f953-a05f-44c5-a40f-4ee121b13f11,501452,44455,FWCFZCXASGUOMH-UHFFFAOYSA-N,COC(=O)c1ccc(-c2ccc(C(=O)OC)cc2C#C[Si](C)(C)C)cc1,Bruker ALPHA,373.96442,3997.453,2559,4.0,False,False,ATR platinum Diamond 1 Refl,confirm
eca561db-13ce-4c99-bd36-2f4c7a86d3a4,527484,50207,PDIAHQRNBMXKST-UHFFFAOYSA-L,FC(F)(F)c1ccc(P(c2ccc(C(F)(F)F)cc2)c2ccc(C(F)(F)F)cc2)cc1.FC(F)(F)c1ccc(P(c2ccc(C(F)(F)F)cc2)c2ccc(C(F)(F)F)cc2)cc1.[Cu][I].[Cu][I].c1ccc(P(c2ccccc2)c2ccccn2)cc1,IR,373.96442,3997.453,2559,4.0,True,True,Diamant-ATR,confirm
ecae7e4e-5f94-4993-947a-f902045efdb2,501896,44566,ZJXHVYSDMUKUCA-UHFFFAOYSA-N,CC(C)(C)OC(=O)CCN,Bruker ALPHA,373.96442,3997.453,2559,4.0,False,False,ATR platinum Diamond 1 Refl,confirm
ecb03eb5-4c7f-4904-a4d6-55859ada11f0,499984,44088,BPAZJXCSOZNXAY-UHFFFAOYSA-N,CCCCn1cc(C(=O)c2ccccc2)c2ccccc21,Bruker ALPHA,373.96442,3997.453,2559,4.0,False,False,Diamant-ATR,confirm
ecfc9bd3-f760-4f2c-9b69-f9c9aee6fb27,501248,44404,LYLVZTDANDSPFQ-UHFFFAOYSA-N,[N-]=[N+]=Nc1ccc(-c2ccc3c(c2)CCC2COC(=O)N32)cc1.[N-]=[NH2+],Bruker ALPHA,373.96442,3997.453,2559,4.0,True,False,ATR platinum Diamond 1 Refl,confirm
ed2d5a7b-32bc-4ed9-b3a3-dfea16678cc8,501440,44452,XLYPHUGUKGMURE-UHFFFAOYSA-N,O=Cc1cc(O)ccc1[N+](=O)[O-],Bruker ALPHA,373.96442,3997.453,2559,4.0,False,False,ATR platinum Diamond 1 Refl,confirm
ed4b8a1b-6e07-4f3e-ad75-e09c3aa26816,646780,81382,PUECKUBSTSEMFV-JZCOKTKISA-N,CCCCCCCCOc1nc2ccccc2nc1/C=C/c1nc2cc(-c3ccccc3)c(-c3ccccc3)cc2nc1/C=C/c1nc2cc(-c3ccc(C(=O)OC)cc3)c(-c3ccc(C(=O)OC)cc3)cc2nc1/C=C/c1ccc(/C=C/c2nc3cc(-c4ccc(C(=O)OC)cc4)c(-c4ccc(C(=O)OC)cc4)cc3nc2/C=C/c2nc3cc(-c4ccccc4)c(-c4ccccc4)cc3nc2/C=C/c2nc3ccccc3nc2OCCCCCCCC)cc1,Bruker Alpha ATR,373.96442,3997.453,2559,4.0,False,False,Diamant-ATR,dev
ed5b24dc-65ab-4ca1-a252-ea2a47d2818d,499916,44071,XYQJNPUPLVHWIY-GGLDVGBHSA-N,COC(=O)[C@H]1C[C@@H](C(=O)N2[C@H](C(=O)OC)C[C@H](C(=O)O[C@@H]3C[C@H](C)CC[C@H]3C(C)C)[C@@H]2c2ccc([N+](=O)[O-])cc2)[C@@H](c2ccc(OC)cc2)N1,Bruker ALPHA,373.96442,3997.453,2559,4.0,False,False,Diamant-ATR,confirm
ed5cbbb5-fff8-4259-9f7a-1aa515d71ce8,633382,78316,BLSONMKAHHANBL-UHFFFAOYSA-N,Cc1ccc(CN(C(=O)C(F)(F)C(F)(F)C(F)(F)C(F)(F)C(F)(F)C(F)(F)C(F)(F)F)c2ccccc2C#Cc2ccccc2)cc1,Bruker Alpha-P ATR,373.96442,3997.453,2559,4.0,False,False,Diamant-ATR,confirm
ed5d3089-8200-4144-afbc-2d0ace1f964c,499752,44030,JKQHPBPRTZLGQK-UYRXBGFRSA-N,CO/N=C\c1cc2ccc1CCc1ccc(cc1)CC2,Bruker ALPHA,373.96442,3997.453,2559,4.0,False,False,Diamant-ATR,confirm
ed7fb17f-6b0c-405b-9ec2-34d750c2645f,499672,44010,GWKPNDOXBVMBII-UHFFFAOYSA-N,C(#CC(c1ccccc1)N(Cc1ccccc1)Cc1ccccc1)c1ccccc1,Bruker ALPHA,373.96442,3997.453,2559,4.0,False,False,Diamant-ATR,confirm
ed98dcf3-bf6b-4cbe-ac02-60cb8f507229,513055,47302,JHLABSLOXSXFQZ-UHFFFAOYSA-N,Cc1nnc(-c2c(-n3c4ccccc4c4ccccc43)c(-c3nnc(C)o3)c(-n3c4ccccc4c4ccccc43)c(-n3c4ccccc4c4ccccc43)c2-n2c3ccccc3c3ccccc32)o1,Bruker,373.96442,3997.453,2559,4.0,False,False,Diamant-ATR,dev
ed996c5a-b187-418a-be6a-04cd19f45832,499196,43891,AWJPULCSDFBFDR-UHFFFAOYSA-N,Brc1ccc(-c2ccccn2)nc1,Bruker ALPHA,373.96442,3997.453,2559,4.0,False,False,Diamant-ATR,confirm
edb3dc27-1f1d-46ec-8aa3-1fa40c93bdc0,515718,47893,FMWJFHMFGDMYAB-UHFFFAOYSA-N,CC(C)Nc1ccc(C=O)cc1,BRUKER ALPHA,373.82813,3997.4121,2560,4.0,False,False,ATR platinum Diamond 1 Refl,dev
edbdb384-88ed-4314-9a88-fa54850580cb,529456,50589,OELMBXCVSDVHDJ-UHFFFAOYSA-N,Nc1nc2ccccc2nc1Br,Bruker Alpha ATR,373.96442,3997.453,2559,4.0,False,False,Diamant-ATR,confirm
ee30f5a4-3cf3-422f-9e8a-f924888249a2,499336,43926,GVUBEJANEHZYPA-UHFFFAOYSA-L,CCCCCCCC[n+]1ccc(-c2cc[n+](CCCCCCCC)cc2)cc1.[Br-].[Br-],Bruker ALPHA,373.96442,3997.453,2559,4.0,True,False,Diamant-ATR,confirm
ee54276d-142f-4436-9518-f3cc6eb5dd9d,655256,83359,BRNWOJQAZQBDCM-QNEJGDQOSA-N,Fc1cccc(F)c1/N=N/c1cc2ccc1CCc1ccc(c(-c3ccncc3)c1)CC2,FTIR Bruker IFS 88,373.96442,3997.453,2559,4.0,False,False,Diamant-ATR,dev
ee5f98c6-1940-4eb4-8976-73007fe4c438,578877,63222,QHPWSLMBYLNJLG-UHFFFAOYSA-N,CC(C)(C)OC(=O)C1(C)CC1c1c2ccccc2cc2ccccc12,Bruker Alpha ATR,373.96442,3997.453,2559,4.0,False,False,Diamant-ATR,confirm
ee691989-affa-43be-aa85-dbd78cfaf3bc,500508,44219,VGIKDSZXMNUSHJ-SVQMELKDSA-N,CN1c2ccccc2C(C)(C)C12C=Cc1cc(C[C@H](NC(=O)OC(C)(C)C)C(=O)O)ccc1O2,Bruker ALPHA,373.96442,3997.453,2559,4.0,False,False,Diamant-ATR,confirm
ee6abacd-a87c-440a-a5ee-ae31939e0ba7,607467,72433,ZRDHYUMEEXJHJN-UHFFFAOYSA-N,CC(C)c1nc2ccccc2nc1Cl,Bruker Alpha ATR,373.96442,3997.453,2559,4.0,False,False,Diamant-ATR,confirm
ee826a73-4680-4e8c-beee-4a1ab619368b,499640,44002,NONLYMJHKGQHLQ-UHFFFAOYSA-N,CS(=O)(=O)[O-].[NH3+]c1ccccc1-c1ccccc1,Bruker ALPHA,373.96442,3997.453,2559,4.0,True,False,Diamant-ATR,confirm
ee92de7c-09bf-4bbd-93cb-3998c474dadf,504382,45212,HABAMUPGSLMADN-UHFFFAOYSA-N,COc1ccc(-c2cc3ccc2CCc2ccc(cc2)CC3)cc1,Bruker IFS88,373.96442,3997.453,2559,4.0,False,False,Diamant-ATR,confirm
ee9763d0-bbf4-4a31-a2ea-20cd662c8c67,552286,55584,HPHPLVDTSMAOKA-UHFFFAOYSA-N,CCOC(=O)c1cc(B2OC(C)(C)C(C)(C)O2)c(C)s1,Bruker Alpha ATR,373.82813,3997.4121,2560,4.0,False,False,Diamant-ATR,confirm
ee99de10-a4bb-4708-895a-4852d43ede98,549484,55026,WWGWJDBVZPPBII-UHFFFAOYSA-N,c1ccc(Nc2cc3c(-c4ccc5cc6ccccc6cc5c4)cc2CCc2ccc(cc2)CC3)cc1,"Bruker, model IFS 88",373.96442,3997.453,2559,4.0,False,False,Diamant- ATR,confirm
eeaa44b6-ff40-4f48-abfd-0250fe32e00f,501292,44415,VCBWMKNXZQYACK-UHFFFAOYSA-N,O=C(Cc1cn(Cc2ccc(C(F)(F)F)cc2)c2ccccc12)Nc1ccc(C(F)(F)F)cc1,Bruker ALPHA,373.96442,3997.453,2559,4.0,False,False,ATR platinum Diamond 1 Refl,confirm
eeb51a4d-e328-45be-9ba7-816b4683f2d6,499608,43994,BMIQCMMQLWBYIU-UHFFFAOYSA-N,CC(=O)c1cc2ccc1CCc1ccc(cc1)CC2,Bruker ALPHA,373.96442,3997.453,2559,4.0,False,False,Diamant-ATR,confirm
eeb8c795-d26a-4f16-a3c4-45b5d7264573,602214,71330,DGJCBVVQEVQILV-UHFFFAOYSA-N,CC(=O)OCc1cn(-c2cnc3ccccc3n2)nn1,Bruker Alpha ATR,373.96442,3997.453,2559,4.0,False,False,Diamant-ATR,confirm
eed741a4-60c1-4b0f-9f40-e7b35790648a,500292,44165,FWAKLCKPHOWNRD-UHFFFAOYSA-N,CCCCCn1nc2c(C(F)(F)F)cccc2c1NC(=O)C(C)(C)C,Bruker ALPHA,373.96442,3997.453,2559,4.0,False,False,Diamant-ATR,confirm
ef26c42d-6d93-49c1-9619-c7b6610c4a7d,500572,44235,PVJKXVIJEPUNDU-NLZHUQCOSA-N,C=CCO[C@@H]1OC(COC(C)=O)[C@@H](OC(=O)CCC(C)=O)[C@H](OC(C)=O)C1NC(=O)C(Cl)(Cl)Cl,Bruker ALPHA,373.96442,3997.453,2559,4.0,False,False,ATR platinum Diamond 1 Refl,dev
ef29c5e7-698a-4330-aa75-8f4a8eda22bf,502576,44736,KZLZBBZTICQZFV-CMPHSYMRSA-N,CC(C)(C)[Si](C)(C)O[C@H]1CC[C@@]2(C)[C@@H](CC[C@H]3C4=CCC(=O)[C@@]4(C)CC[C@@H]32)C1,Bruker ALPHA,399.65625,3996.5625,1765,4.0,False,False,Instrument type and / or accessory,confirm
ef35c65a-8c6b-4102-afc2-db108ade2e64,632848,78222,KKAMFZCXAOMPFI-UHFFFAOYSA-N,CC(=O)OCC#Cc1ccccc1NC(=O)C(F)(F)C(F)(F)C(F)(F)C(F)(F)C(F)(F)C(F)(F)C(F)(F)F,Bruker Alpha-P ATR,373.96442,3997.453,2559,4.0,False,False,Diamant-ATR,confirm
ef5652e8-b79b-47fb-88e6-7a1e9d59a607,503332,44951,JQQMHNZHWIBSTF-UHFFFAOYSA-N,CCOC(=O)c1ccc(-c2c3nc(c(-c4cc(OC)c(OC)c(OC)c4)c4ccc([nH]4)c(-c4ccc(C(=O)OCC)cc4)c4nc(c(-c5cc(OC)c(OC)c(OC)c5)c5ccc2[nH]5)C=C4)C=C3)cc1,Bruker ALPHA-T,373.96442,3997.453,2559,4.0,False,False,Diamant ATR,confirm
ef6aba9d-a7af-4ca3-8bd4-016f48bee779,500344,44178,BAIBHOHKSYVVCM-UHFFFAOYSA-N,O=Cc1cc2ccc1CCc1ccc(cc1)CC2,Bruker ALPHA,373.96442,3997.453,2559,4.0,False,False,Diamant-ATR,confirm
ef73564a-7112-4834-ba6e-3affaaa75d4d,639260,79572,UMMQIWZYOPUDQU-UHFFFAOYSA-L,Cc1ccc2cccc(N=C(N(C)C)N(C)C)c2n1.Cc1ccc2cccc(N=C(N(C)C)N(C)C)c2n1.O=S(=O)([O-])C(F)(F)F.O=S(=O)([O-])C(F)(F)F.[Cu+2],SHIMADZU IRTRACER-100,249.7859,4000.433,3890,,True,True,,confirm
ef888aed-f41c-4e83-bf7a-dcc7616b58c4,501772,44535,MPGODWJCSLSUHD-OCOZRVBESA-N,CC(C)N(/N=N/c1ccc(Br)cc1CNC(=O)Cc1ccccc1)C(C)C,Bruker ALPHA,373.96442,3997.453,2559,4.0,False,False,ATR platinum Diamond 1 Refl,confirm
efd4c4ad-ca2a-4dbb-935d-8fd218a30019,499228,43899,UDLLFLQFQMACJB-UHFFFAOYSA-N,[N-]=[N+]=NCc1ccccc1,Bruker ALPHA,373.96442,3997.453,2559,4.0,False,False,Diamant-ATR,confirm
efd76529-8c2f-45ae-a12a-cf2b12b5ccfc,499676,44011,MKUZUMHTEFZEII-UHFFFAOYSA-N,CCCCC1(c2cc(O)c3cc(-c4ccc(N(C)C)cc4)c(=O)oc3c2)CCCC1,Bruker ALPHA,373.96442,3997.453,2559,4.0,False,False,Diamant-ATR,confirm
f00fc5e8-96a3-486f-a880-ea4c81bd674d,612429,73858,IPQNHLBUWYQHDL-UHFFFAOYSA-N,COC(CN1C(=O)c2cccc3cccc(c23)C1=O)OC,Shimadzu IRTracer 100,499.5719,4000.433,3631,,False,False,,confirm
f0172337-a7fa-46ba-bb5a-7cdf8cdc8d4e,501272,44410,HHUCQMBKBNWOLY-UHFFFAOYSA-N,COC(=O)c1ccc(-c2cc(CN=[N+]=[N-])c(-c3ccc(C(=O)OC)cc3)cc2CN=[N+]=[N-])cc1,Bruker ALPHA,373.96442,3997.453,2559,4.0,False,False,ATR platinum Diamond 1 Refl,confirm
f0353014-e40b-4061-a926-d65b542be171,645372,80974,VFGUDPZGTKXIAH-UHFFFAOYSA-N,CN(C)C(=NCc1cc(N(C)C)ccn1)N(C)C,Perkin Elmer BX FT-IR,400.2361,4000.433,3734,,False,False,,confirm
f05cf2bb-b5d1-47cd-bcfb-731e94501f64,648037,81704,CWFPSKVBKAPBPV-UHFFFAOYSA-N,CC(C)c1nc2ccccc2[nH]c1=O,Finnigan MAT 95,373.96442,3997.453,2559,4.0,False,False,Diamant-ATR,confirm
f05e367b-e59e-4122-b198-ff3b75f54bac,557658,56751,GJXVYPGROXVEAZ-LSDHQDQOSA-N,Cc1ccc(Cn2cc(C#N)c(/N=N/N(C(C)C)C(C)C)n2)cc1,Bruker ALPHA,373.96442,3997.453,2559,4.0,False,False,Diamant-ATR,confirm
f0694323-eb88-49f8-b1e1-6442454cc843,614132,74355,GHIMYMOKWDVIQA-UHFFFAOYSA-N,CCC(=O)c1cc2ccc1CCc1ccc(cc1)CC2,"Bruker, model IFS 88",373.96442,3997.453,2559,4.0,False,False,Diamant-ATR,dev
f07704ca-6531-4a90-912b-67301d196017,673057,87099,CJUYYBZHDOMMOD-UHFFFAOYSA-N,CCCn1c(-c2ccc(OC)cc2)c(C(=O)C(F)(F)C(F)(F)C(F)(F)C(F)(F)C(F)(F)C(F)(F)C(F)(F)F)c2ccccc21,Bruker Alpha-P ATR,373.96442,3997.453,2559,4.0,False,False,Diamant-ATR,confirm
f092661b-74ca-44ea-b0ac-d02801743c12,614188,74368,DBZFLKMLGVAMTF-UHFFFAOYSA-N,OCc1cc2ccc1CCc1ccc(cc1)CC2,Bruker Alpha ATR,373.96442,3997.453,2559,4.0,False,False,Diamant-ATR,dev
f0a6c992-be15-4716-a423-63ae08e45d3e,551693,55531,IKYAJDXLFUIGJJ-GTJPDFRWSA-N,O=C1C2=CC[C@@H]3C[C@@]2(C(=O)c2ccccc21)C(=O)c1ccccc13,Bruker Alpha,373.96442,3997.453,2559,4.0,False,False,Diamant-ATR,confirm
f0e24135-bdf5-43e9-9975-544fd03bcebc,499328,43924,QAIGOMVCANCBCB-QPJJXVBHSA-N,C/C=C/c1cc(OC)c2cc(Cc3ccccc3OC)c(=O)oc2c1,Bruker ALPHA,373.96442,3997.453,2559,4.0,False,False,Diamant-ATR,confirm
f11251b8-948b-4f2c-a0e9-5e3b75384814,551170,55427,DEPAQXNGCWJTSC-PTJQVGQKSA-N,CC1=CC[C@H]2C(=O)c3ccccc3C(=O)[C@@]2(C(=O)c2ccccc2Br)[C@H]1O[Si](C)(C)C(C)(C)C,Bruker Alpha,373.96442,3997.453,2559,4.0,False,False,Diamant-ATR,confirm
f12624d4-dfc3-49fe-9c2e-a61052e98906,500932,44325,LKSALFFWPDIPJV-UHFFFAOYSA-N,CCCCn1cc(CC(=O)Nc2ccccc2)c2ccccc21,Bruker ALPHA,373.96442,3997.453,2559,4.0,False,False,Diamant-ATR,confirm
f1280fc6-8ca0-4c62-ba32-c5742eafbf9f,499624,43998,OGJZTZSDXOCMNS-UHFFFAOYSA-N,Oc1cc2ccc1CCc1ccc(cc1)CC2,Bruker ALPHA,373.96442,3997.453,2559,4.0,False,False,Diamant-ATR,dev
f12e1c9a-4bdb-4d63-8d2a-ff3657c0d650,674184,87344,VVKJYIDCUMETHR-UHFFFAOYSA-N,COC(=O)c1cc(C)c2c(n1)C(=O)C(=O)c1cc(C(=O)OC)[nH]c1-2,Jasco FT/IR-460Plus with ATR Diamond Plate,649.8934,4000.1226,6950,,False,False,,confirm
f15f6f8c-a83f-4084-8928-c020861784be,502000,44592,QSWWQBROIRZJJT-DCWQJPKNSA-N,CC(C)(C)C1COC(c2cc3ccc2CCc2ccc(c(C4=N[C@@H](C(C)(C)C)CO4)c2)CC3)=N1,Bruker ALPHA,399.65625,3996.5625,1765,4.0,False,False,Instrument type and / or accessory,dev
f182277a-c3d1-4d79-bbd2-0f5219249809,629603,77599,OMBVCHPBXKBKBC-UHFFFAOYSA-N,CCOc1nc(-c2cccc(-c3nc(OCC)c(C(=O)OC)s3)c2)sc1C(=O)OC,Jasco FT/IR 6300,649.8934,4000.6047,3476,,False,False,,dev
f1a7653e-1eed-48fe-9762-2c18b78611bd,501992,44590,ZZIBEWTVKKCYBH-UHFFFAOYSA-N,C[Si](C)(C)C#Cc1ccc(-c2cc3ccc2CCc2ccc(cc2)CC3)cc1,Bruker ALPHA,399.65625,3996.5625,1765,4.0,False,False,Instrument type and / or accessory,confirm
f1a82d67-3aff-4451-a808-3ea95fb29dfd,501568,44484,KMUDOYSMQVPHJD-UHFFFAOYSA-N,CC(C)(C)C(=O)c1cn(Cc2ccc(C(F)(F)F)cc2)c2ccccc12,Bruker ALPHA,373.96442,3997.453,2559,4.0,False,False,ATR platinum Diamond 1 Refl,confirm
f1e3a53e-8363-409d-80bc-bac4e4eb896e,572850,61507,ADDOCBLMGWTAED-UHFFFAOYSA-N,CC(C)C(O)c1ccc(C(=C(c2ccc(C(O)C(C)C)cc2)c2ccc(C(O)C(C)C)cc2)c2ccc(C(O)C(C)C)cc2)cc1,Bruker Alpha ATR,373.96442,3997.453,2559,4.0,False,False,Diamant-ATR,confirm
f1f5a556-d0de-4a44-a253-7d83dca6788e,499364,43933,VGHHFKAXIWXEPL-JEEAEGICSA-N,COC(=O)[C@@H]1C[C@H](C(=O)O[C@@H]2C[C@H](C)CC[C@H]2C(C)C)[C@H](c2ccccc2)N1C(=O)[C@@H]1C[C@H](C(=O)O)N[C@@H]1c1ccccc1,Bruker ALPHA,373.96442,3997.453,2559,4.0,False,False,Diamant-ATR,confirm
f208b623-11fd-4737-ae9f-28c412c443fc,557225,56657,ZFEWCQZPKGQXCJ-GHVJWSGMSA-N,CC(C)N(/N=N/c1c(C#N)cnn1Cc1cc(F)cc(F)c1)C(C)C,BRUKER ALPHA,373.96442,3997.453,2559,4.0,False,False,Diamant-ATR,confirm
f21fca3c-572f-4f42-90bf-e32af57c8c0a,502616,44746,VXUUDTWOUGAROA-UHFFFAOYSA-N,c1ccc(Cn2nncc2-c2cc3ccc2CCc2ccc(cc2)CC3)cc1,Bruker ALPHA,399.65625,3996.5625,1765,4.0,False,False,Instrument type and / or accessory,confirm
f248ac87-fd60-4cf4-9441-8587ffa86caf,536879,52256,DUEXJIZWUJECGU-PMAOIYGQSA-N,CCOC(=O)c1ccc(-c2c3nc(c(/C=C/c4cccc(F)c4)c4ccc([nH]4)c(-c4ccc(C(=O)OCC)cc4)c4nc(c(/C=C/c5cccc(F)c5)c5ccc2[nH]5)C=C4)C=C3)cc1,Bruker ALPHA-T,373.96442,3997.453,2559,4.0,False,False,Diamant-ATR,dev
f2614118-3bd2-4cbc-b0a9-3be9cf1f4aa3,574063,61793,GRWXNDHDQXREIU-KJEVSKRMSA-M,C[n+]1ccc(/C=C/c2cc3ccc2CCc2ccc(cc2)CC3)cc1.[I-],Bruker Alpha ATR,373.96442,3997.453,2559,4.0,True,False,Diamant-ATR,confirm
f27ab6c4-7e07-4a93-b21e-888c1105fe65,569726,60505,SASADIUGQAVSRR-UHFFFAOYSA-N,CC(C)C(=O)c1ccc(-c2cc(-c3ccc(C(=O)C(C)C)cc3)cc(-c3ccc(C(=O)C(C)C)cc3)c2)cc1,Bruker Alpha ATR,373.96442,3997.453,2559,4.0,False,False,Diamant-ATR,confirm
f286a796-b41b-4eed-924c-177226d15f4e,500104,44118,SJDXTHJAKNMBFS-UHFFFAOYSA-N,Brc1ccc(C(c2ccc[nH]2)c2ccc[nH]2)cc1,Bruker ALPHA,373.96442,3997.453,2559,4.0,False,False,Diamant-ATR,confirm
f287ce70-19af-4b70-b930-0cdbbc8bd599,501024,44348,NLCYTWWWIQTEDH-UHFFFAOYSA-N,COC(=O)c1cc(OCc2ccccc2)ccc1[N+](=O)[O-],Bruker ALPHA,373.96442,3997.453,2559,4.0,False,False,Diamant-ATR,confirm
f289cd53-f4cb-40bc-8d1e-3277b5feb6c8,502416,44696,FGBOBPOSMYAUSJ-UHFFFAOYSA-N,CCCOc1cc(OC)c2cc(Cc3ccccc3OC)c(=O)oc2c1,Bruker ALPHA,373.96442,3997.453,2559,4.0,False,False,ATR platinum Diamond 1 Refl,dev
f2d0894e-8edb-454c-8ae5-2872b9d47393,507291,45943,UAZVVKAIALHHII-UHFFFAOYSA-N,CCCCS(=N)(=O)C12CC(C1)C2,Bruker Alpha ATR,373.96442,3997.453,2559,4.0,False,False,Diamant-ATR,confirm
f3233c9e-7949-41b9-899a-34bb5934f0d9,501144,44378,ATALWPBZHNOPQC-UHFFFAOYSA-N,CCCCC(O)c1ccc(N(C)C)cc1,Bruker ALPHA,373.96442,3997.453,2559,4.0,False,False,Diamant-ATR,dev
f326972e-75d2-42bb-bd98-6a608d462029,543511,53756,GGYQDMHUVMIEFM-UHFFFAOYSA-N,[Cl-].[NH3+]c1ccc(C(c2ccccc2)(c2ccccc2)c2ccccc2)cc1,Bruker Alpha ATR,373.96442,3997.453,2559,4.0,True,False,Diamant-ATR,confirm
f34ee9fc-78d5-4dd4-a422-4dd83562a464,499064,43858,ZIYWSWVEADKFTI-UHFFFAOYSA-N,Cc1cc2c(c3cc(Cc4ccccc4)c(=O)oc13)CCCC2,Bruker ALPHA,373.96442,3997.453,2559,4.0,False,False,Diamant-ATR,confirm
f34ff7d2-10b4-4c8b-8869-183b17eebe31,614166,74362,RDUGGFZJQYGUDC-UHFFFAOYSA-N,C=C(C(=O)OC)c1cc2ccc1CCc1ccc(cc1)CC2,Bruker Alpha ATR,373.96442,3997.453,2559,4.0,False,False,Diamant-ATR,dev
f3550e6c-7ead-4486-9eea-f5d971dbb431,499352,43930,FTIJDBXTGGTDNM-BAZPEEIBSA-N,COC(=O)[C@@H]1C[C@H](C(=O)N2[C@@H](C(=O)O)C[C@@H](C(=O)N3[C@H](C(=O)OC)C[C@H](C(=O)O[C@@H]4C[C@H](C)CC[C@H]4C(C)C)[C@@H]3c3ccccc3)[C@H]2c2ccccc2)[C@H](c2ccccc2)N1,Bruker ALPHA,373.96442,3997.453,2559,4.0,False,False,Diamant-ATR,confirm
f39bcb0c-d807-492f-9af3-5127471999a8,513485,47378,XBJZUTIEBXAWAP-UHFFFAOYSA-N,Fc1c(F)c2c(F)c(F)c1CSCc1ccc(cc1)CSC2,"Bruker, model IFS 88",373.96442,3997.453,2559,4.0,False,False,Diamant-ATR,confirm
f3b91ad3-b5b2-4b89-acf6-ac7b811794b0,636459,78941,UBLBPTIJQCWTLO-WUKNDPDISA-N,CCCCCCCCOc1nc2ccccc2nc1/C=C/c1nc2ccccc2nc1C=O,Bruker Alpha ATR,373.96442,3997.453,2559,4.0,False,False,Diamant-ATR,confirm
f3c97563-ba82-4b6c-abc4-cf5ead73676c,573207,61585,ODZOSFCOFAJHHG-UHFFFAOYSA-N,CC(Br)c1ccc(-c2ccc(C(C)Br)cc2)cc1,Thermo Finnigan Mat 95,373.96442,3997.453,2559,4.0,False,False,Diamant-ATR,confirm
f3d4d13f-e69a-4c8c-b59d-d0bba2811cdb,646616,81346,OZFODNQXICACNC-UPXLXJCHSA-N,Cc1nc2ccccc2nc1/C=C/c1nc2ccccc2nc1/C=C/c1nc2ccccc2nc1/C=C/c1nc2ccccc2nc1OCCC(F)(F)C(F)(F)C(F)(F)C(F)(F)C(F)(F)C(F)(F)C(F)(F)C(F)(F)F,Bruker Alpha ATR,373.96442,3997.453,2559,4.0,False,False,Diamant-ATR,confirm
f3da5b86-4d21-401b-a390-669a5cc3b7d1,499832,44050,UPSRDIIVIHYXIY-UHFFFAOYSA-N,CCCCCc1cc(OC)c2cc(Cc3cccnc3)c(=O)oc2c1,Bruker ALPHA,373.96442,3997.453,2559,4.0,False,False,Diamant-ATR,confirm
f3e71a60-68cc-428f-a54b-94cde6e28ba0,499620,43997,XSVGLMQQYMQCTR-UHFFFAOYSA-N,CC(=O)c1ccc(-c2cc(-c3ccc(C(C)=O)cc3)cc(-c3ccc(C(C)=O)cc3)c2)cc1,Bruker ALPHA,373.96442,3997.453,2559,4.0,False,False,Diamant-ATR,confirm
f415fd18-c850-4d21-bdcb-c79756bed4c6,502232,44650,YCECOMBEVDPUJG-UHFFFAOYSA-N,Nc1ccc(Br)nc1Cl,Bruker ALPHA,399.65625,3996.5625,1765,4.0,False,False,Instrument type and / or accessory,confirm
f4274305-d502-4f9e-84e4-748a7ff0cd12,549614,55063,HJQMPTHFOATQLQ-UHFFFAOYSA-N,N#Cc1ccc(-c2cc3c(Nc4ccccc4)cc2CCc2ccc(cc2)CC3)cc1,"Bruker, Alpha ATR",373.96442,3997.453,2559,4.0,False,False,Diamant-ATR,confirm
f44005f4-345e-479d-bdcd-32f0088eb389,499840,44052,YAUWQNBFHYTBBR-UHFFFAOYSA-N,O=C1CCCC2Oc3ccc(-c4ccnc5[nH]ccc45)cc3C=C12,Bruker ALPHA,373.96442,3997.453,2559,4.0,False,False,Diamant-ATR,dev
f443e0ac-ea07-4534-b751-9a7e931f113c,502220,44647,ZFMUMEOZDFEPGU-UHFFFAOYSA-N,CCCn1nc(NC(=O)c2cccc3ccccc23)c2ccccc21,Bruker ALPHA,399.65625,3996.5625,1765,4.0,False,False,Instrument type and / or accessory,confirm
f508a6f2-e2e2-4126-88ff-f6d4e9e921b5,510770,46797,ORVHFNYZXLMSAN-UHFFFAOYSA-N,Cc1ccc2nc(-c3ccnc(Cl)c3)sc2c1,BRUKER ALPHA,373.96442,3997.453,2559,4.0,False,False,Diamant-ATR,confirm
f5141528-0b46-45db-8ec1-b07e7000523e,502240,44652,PUZXAVHMXPRPRG-UHFFFAOYSA-N,CCC(C)c1cccc(C(C)CC)n1,Bruker ALPHA,399.65625,3996.5625,1765,4.0,False,False,Instrument type and / or accessory,confirm
f54e1d72-11fb-499a-a2a2-a53a6380fa92,505327,45426,SPSSDDOTEZKOOV-UHFFFAOYSA-N,Clc1nc2ccccc2nc1Cl,Bruker ALPHA,373.96442,3997.453,2559,4.0,False,False,Diamant-ATR,confirm
f5a38153-5780-4f94-98b5-36fbf92c850f,511103,46888,OMAOSJQEKBZBDX-UHFFFAOYSA-N,CCOC(=O)c1ccc(-c2c3nc(c(Br)c4ccc([nH]4)c(-c4ccc(C(=O)OCC)cc4)c4nc(cc5ccc2[nH]5)C=C4)C=C3)cc1,IR,373.96442,3997.453,2559,4.0,False,False,Diamant-ATR,confirm
f5a9a5fd-1448-4aa7-8e8b-8856f18b1554,534610,51713,VCFLLXDSOODEGV-UHFFFAOYSA-N,CC(=O)Nc1n[nH]c2ccccc12,Bruker Alpha,373.96442,3997.453,2559,4.0,False,False,Diamant-ATR,confirm
f5ce9dbb-7bca-43ff-af9e-4da2beca074f,499216,43896,LMQZYEPTBZGIFV-JGADYYLWSA-N,C=CC(C)(C)[C@@]12C[C@@H](C(=O)OC)N(C(=O)OCC3c4ccccc4-c4ccccc43)[C@@H]1N(C(=O)OC(C)(C)C)c1ccccc12,Bruker ALPHA,373.96442,3997.453,2559,4.0,False,False,Diamant-ATR,confirm
f5d826a5-80a3-4d5d-bfdd-bc6ffba98bd7,500040,44102,BAIBHOHKSYVVCM-UHFFFAOYSA-N,O=Cc1cc2ccc1CCc1ccc(cc1)CC2,Bruker ALPHA,373.96442,3997.453,2559,4.0,False,False,Diamant-ATR,confirm
f5dac71d-7ad1-45f6-a355-2bb95053aa1a,508980,46340,YMNLSOVGPZNUAI-UHFFFAOYSA-N,CC1(C)c2ccccc2N(c2ccc3c(c2)-c2cccc4c2B(Oc2ccccc2-4)O3)c2ccccc21,Bruker Alpha ATR,373.96442,3997.453,2559,4.0,False,False,Diamant-ATR,confirm
f5fc0d08-8c97-4e94-9217-66da8882f824,509642,46500,SVTDXKPYBJXBJR-UHFFFAOYSA-N,Clc1ccc2sc(-c3ccccc3)nc2c1,BRUKER ALPHA,373.82813,3997.4121,2560,4.0,False,False,ATR platinum Diamond 1 Refl,confirm
f616bcdb-53d9-4d67-824c-2e2bf2df9df3,558281,56928,NQVQLXTURKHERM-WJTDDFOZSA-N,CC(=O)NCc1cn(Cc2cc(F)cc(F)c2)nc1/N=N/N(C(C)C)C(C)C,Bruker ALPHA,373.96442,3997.453,2559,4.0,False,False,Diamant-ATR,confirm
f618e1a7-3063-48d8-ba2a-de3212d1ada5,501816,44546,UEQZINJVZGQZAV-BEPMAALASA-N,[N-]=[N+]=NCC1OC(O)C(O)[C@@H](O)[C@@H]1O.[N-]=[NH2+],Bruker ALPHA,373.96442,3997.453,2559,4.0,True,False,ATR platinum Diamond 1 Refl,confirm
f6233ebe-9884-44fe-a1fd-deb5def2f23a,637294,79129,QDMAXRJHDMKTQH-UHFFFAOYSA-N,Brc1cc2ccc1CCc1ccc(c(Br)c1)CC2,FTIR Bruker IFS 88,373.96442,3997.453,2559,4.0,False,False,Diamant-ATR,confirm
f62f6d77-26b0-4cec-871f-5adc0c57f90e,515791,47909,VUMZNLOQJGKGNE-UHFFFAOYSA-N,Cc1ccc(N)c(S)c1,BRUKER ALPHA,373.96442,3997.453,2559,4.0,False,False,Diamant-ATR,confirm
f63b8736-bc16-46db-b797-623c468d6ecd,617789,75268,UOEJOXKVDYCQAH-UHFFFAOYSA-N,CCOC(=O)c1c(-n2cc(-c3ccccc3)nn2)c(C(=O)OCC)c(-n2cc(-c3ccccc3)nn2)c(C(=O)OCC)c1-n1cc(-c2ccccc2)nn1,Bruker Alpha ATR,373.96442,3997.453,2559,4.0,False,False,Diamant-ATR,confirm
f647a0de-ee42-46c0-aafd-85fa0a732194,522325,49293,BUROBQJXUQHYNS-FZTWVNHKSA-M,[Cl][Fe]1[n]2c3ccc2/C(c2ccccc2/C2=c4\cc/c5[n]4[Ni][n]4c(ccc4/C(c4ccccc4)=C4/C=CC2=N4)/C(c2ccccc2)=C2/C=CC(=N2)\C=5c2ccccc2)=C2/C=CC(=N2)/C(c2ccccc2)=c2/cc/c([n]21)=C(\c1ccccc1)C1=N/C(=C\3c2ccccc2)C=C1,IR,373.96442,3997.453,2559,4.0,False,True,ATR platinum Diamond 1 Refl,confirm
f682b3bd-013c-4ba8-ad77-0e62292be722,515128,47753,IXMWRMWFCFDTKE-UHFFFAOYSA-N,O=Cc1ccccc1-c1c2nc(c(-c3ccccc3)c3ccc([nH]3)c(-c3ccccc3)c3nc(c(-c4ccccc4)c4ccc1[nH]4)C=C3)C=C2,IR,373.96442,3997.453,2559,4.0,False,False,Diamant-ATR,dev
f6b7973a-e7d9-4ce7-99f1-61febec4605f,2961,947,SNNDMFLVXFIPGD-CCEZHUSRSA-N,Fc1ccc(/N=N/C(Br)=C2SCCCS2)cc1,,373.91953,3998.3895,2560,4.0,False,False,ATR platinum Diamond 1 Refl,dev
f71df871-7d7d-4362-b156-2afdaa87672d,502256,44656,ZHGMVVIRGFSBIV-UHFFFAOYSA-N,COC(=O)c1cc(OCc2ccc(OC)cc2)ccc1[N+](=O)[O-],Bruker ALPHA,399.65625,3996.5625,1765,4.0,False,False,Instrument type and / or accessory,confirm
f73b5ba6-b8e3-4900-ac4f-c64aa48be855,527880,50283,ZWGYFJBNXKIBAZ-UHFFFAOYSA-L,CC(C)(C)c1ccnc(P(c2ccccc2)c2ccccc2)c1.[Cu][I].[Cu][I].c1ccc(P(c2ccccc2)c2ccccc2)cc1.c1ccc(P(c2ccccc2)c2ccccc2)cc1,IR,373.96442,3997.453,2559,4.0,True,True,Diamant-ATR,confirm
f7406cc3-fd57-4f7b-bc4c-43083bb1848d,629595,77598,FRMADCBLMJJTKM-UHFFFAOYSA-N,CCOc1nc(-c2ccccc2)sc1CO,Jasco FT/IR 6300,649.8934,4000.6047,3476,,False,False,,confirm
f74ceb0c-28b9-4daa-8ecf-82e5705683e4,502488,44714,RJENRSUCVZKBNJ-MURPLUHJSA-N,C=CC(=O)N[C@H](c1cccc(Cl)c1)[C@@H](CCC(=O)OC)C(=O)N1[C@H](C(=O)OC)C[C@H](C(=O)O[C@@H]2C[C@H](C)CC[C@H]2C(C)C)[C@@H]1c1cccc(F)c1,Bruker ALPHA,373.96442,3997.453,2559,4.0,False,False,Diamant-ATR,confirm
f7597eb9-a9a4-4d07-8e53-f7146a399d01,509838,46545,NAUXHTYTQIQZJI-UHFFFAOYSA-N,CCOc1ccc(-c2nc3ccccc3s2)cc1,BRUKER ALPHA,373.82813,3997.4121,2560,4.0,False,False,ATR platinum Diamond 1 Refl,confirm
f78a57f8-f6f4-43e3-bd8d-cf1fcc16c42f,573242,61590,AAFJWSUJJWIJEW-UHFFFAOYSA-N,CC(C)C(Br)c1ccc(-c2cc(-c3ccc(C(Br)C(C)C)cc3)cc(-c3ccc(C(Br)C(C)C)cc3)c2)cc1,Bruker Alpha ATR,373.96442,3997.453,2559,4.0,False,False,Diamant-ATR,dev
f7b7b5df-a477-4854-ad97-ba845ccf2295,626884,77075,WGHZDFAULZNZJE-UHFFFAOYSA-N,Cc1nc2ccccc2nc1N,Bruker Alpha ATR,373.96442,3997.453,2559,4.0,False,False,Diamant-ATR,confirm
f7eaab8a-80aa-4e05-882e-35df1b66cd6d,20415,2576,WIUVQCIRRAAPAX-UHFFFAOYSA-N,O=C(CCl)Nc1ccc(I)cc1,Bruker IFS 88,373.96442,3997.453,2559,4.0,False,False,Diamant-ATR,confirm
f7f5c9f1-8c7a-41bf-95b9-418a27e1b83f,605224,71913,QYOUUXWQIVRDNZ-UHFFFAOYSA-N,c1ccc(-c2cn(-c3cnc4ccccc4n3)nn2)cc1,Bruker Alpha ATR,373.96442,3997.453,2559,4.0,False,False,Diamant-ATR,confirm
f7fb1adc-110b-44d0-b9a5-7eee5b3dfa26,662024,84873,HWRAKXKBWAQMFD-UHFFFAOYSA-L,CS(=O)(=O)[O][Pd][c]1ccccc1-c1ccccc1N.CS(=O)(=O)[O][Pd][c]1ccccc1-c1ccccc1N,Bruker Alpha,373.96442,3997.453,2559,4.0,True,True,Diamant-ATR,confirm
f81f80f4-9007-4e30-87ef-65adb6784b1f,499048,43854,RLEOEDXSMUQCMZ-UHFFFAOYSA-N,CC(C)(C)OC(=O)CCNC(=O)OCc1ccccc1,Bruker ALPHA,373.96442,3997.453,2559,4.0,False,False,ATR platinum Diamond 1 Refl,dev
f82446a0-461c-4d05-b688-1a16e68610ab,500584,44238,MODSVOGHZQAAMJ-UGYLPVGZSA-N,C=CCO[C@@H]1OC(COCc2ccccc2)[C@@H](OC(C)=O)[C@H](O[C@@H]2OC(CCl)[C@@H](OC(=O)CCC(C)=O)[C@H](OC(C)=O)C2OC(C)=O)C1NC(=O)C(Cl)(Cl)Cl,Bruker ALPHA,373.96442,3997.453,2559,4.0,False,False,ATR platinum Diamond 1 Refl,confirm
f848a705-0309-4199-8d17-b507f61eba3a,500120,44122,IUJDXMHBIYUCGI-UHFFFAOYSA-N,CCCCCCn1nnc(-c2c(-n3c4ccccc4c4ccccc43)c(C#N)c(-n3c4ccccc4c4ccccc43)c(-n3c4ccccc4c4ccccc43)c2-n2c3ccccc3c3ccccc32)n1,Bruker ALPHA,373.96442,3997.453,2559,4.0,False,False,Diamant-ATR,confirm
f84956e2-65e8-41ad-95ad-31cf7ef36131,500296,44166,YPCAUPZEMJREEO-UHFFFAOYSA-N,CCCCCn1nc(NC(=O)C(C)(C)C)c2cccc(C(F)(F)F)c21,Bruker ALPHA,373.96442,3997.453,2559,4.0,False,False,Diamant-ATR,confirm
f874eade-4cc9-45b4-8c42-5b912d6adddb,634574,78576,PLNPGXWUFFPEGZ-ISLYRVAYSA-N,CCCCCCCCOc1nc2ccccc2nc1/C=C/c1nc2ccccc2nc1C,Bruker Alpha ATR,373.96442,3997.453,2559,4.0,False,False,Diamant-ATR,confirm
f88654e9-1c35-4ad0-bafb-0edcced3d954,507201,45922,PHPYRTSEAMTSEI-UHFFFAOYSA-N,N=S(=O)(c1cccc(Cl)c1)C12CC(C1)C2,Bruker Alpha ATR,373.96442,3997.453,2559,4.0,False,False,Diamant-ATR,confirm
f8af6219-d114-4dda-a2c4-72d26484bd66,594350,68611,RADSWVOTYLGRBW-OAJSHXRBSA-N,C1=C/C2=C(\c3ccccc3)c3ccc4[n]3[Ni][n]3/c(cc/c3=C(\c3ccccc3C(c3ccc[nH]3)c3ccc[nH]3)C3=N/C(=C\4c4ccccc4)C=C3)=C(/c3ccccc3)C1=N2,FT-IR Bruker IFS 88,373.96442,3997.453,2559,4.0,False,True,Diamant-ATR,confirm
f8d3f181-84fe-4ce0-86aa-6f541659283d,499604,43993,UHUGXCRCENZFRZ-UHFFFAOYSA-N,COCOc1cc2ccc1CCc1ccc(cc1)CC2,Bruker ALPHA,373.96442,3997.453,2559,4.0,False,False,Diamant-ATR,dev
f8ec8be5-ba33-44db-8d99-0e65ebb9e0b7,512543,47194,AGYPLZHKXMPAFZ-UHFFFAOYSA-N,N#Cc1c(-n2c3ccccc3c3ccccc32)c(-c2nnc(C(c3ccccc3)c3ccccc3)o2)c(-n2c3ccccc3c3ccccc32)c(-n2c3ccccc3c3ccccc32)c1-n1c2ccccc2c2ccccc21,"Bruker, IFS 88",373.96442,3997.453,2559,4.0,False,False,Diamant-ATR,confirm
f9024be1-3304-4140-8397-582ca6908969,501620,44497,GKWHEYPZKOERDI-UHFFFAOYSA-N,CCOC(=O)c1ccc(-c2c3nc(c(-c4ccc5[nH]ccc5c4)c4ccc([nH]4)c(-c4ccc(C(=O)OCC)cc4)c4nc(c(-c5ccc6[nH]ccc6c5)c5ccc2[nH]5)C=C4)C=C3)cc1,Bruker ALPHA,373.96442,3997.453,2559,4.0,False,False,ATR platinum Diamond 1 Refl,confirm
f946132c-ba26-47a5-9440-454c709a511c,509268,46417,IHOUFSMGSMEWJF-UHFFFAOYSA-N,COc1ccccc1-c1cc(-c2ccccc2OC)cc(N2c3ccccc3Oc3ccccc32)c1,Bruker Alpha ATR,373.96442,3997.453,2559,4.0,False,False,Diamant-ATR,dev
f95a688c-0dbd-4d38-84c6-0e95c732ae17,502300,44667,JKRZUORAWNJFPK-UHFFFAOYSA-N,CCC[CH2][Sn]([CH2]CCC)([CH2]CCC)[c]1ccc(C#C[Si](C)(C)C)cc1,Bruker ALPHA,399.65625,3996.5625,1765,4.0,False,True,Instrument type and / or accessory,confirm
f979d0c0-8f04-49a7-8677-8bef7791cb47,500776,44286,QDMAXRJHDMKTQH-UHFFFAOYSA-N,Brc1cc2ccc1CCc1ccc(c(Br)c1)CC2,Bruker ALPHA,373.96442,3997.453,2559,4.0,False,False,Diamant-ATR,confirm
f97bd3b8-e680-4573-acf9-ecbbad0ff001,635867,78825,AFFXNOIULZQAML-UHFFFAOYSA-N,Cc1cc(Cl)c(C(C)C)cc1O,Bruker Alpha,373.96442,3997.453,2559,4.0,False,False,Diamant-ATR,confirm
f9b010e5-2808-4e26-9ab9-48128676a7e6,499796,44041,IOOIGEUVTBOKRL-CYBMUJFWSA-N,C[C@@H](O)c1cc2ccc1CCc1ccc(cc1)CC2,Bruker ALPHA,373.96442,3997.453,2559,4.0,False,False,Diamant-ATR,confirm
f9e5cd47-bf20-4ff0-8f2a-11bbc7cc6f98,509730,46520,GGFYWXBSNMOKOK-UHFFFAOYSA-N,CNc1ccc(-c2nc3ccc(C)cc3s2)cc1,BRUKER ALPHA,373.82813,3997.4121,2560,4.0,False,False,ATR platinum Diamond 1 Refl,confirm
fa3086d2-0f11-47a8-bbad-2a258108c8ab,511067,46879,FPUPSGZDLXQFJX-FZTWVNHKSA-N,C1=C/C2=C(\c3ccccc3)c3ccc4[n]3[Fe]3[O][Fe]5[n]6c7ccc6/C(c6ccccc6)=C6/C=CC(=N6)/C(=c6/cc/c([n]65)=C(\c5ccccc5)C5=N/C(=C\7c6ccccc6)C=C5)c5ccccc5/C4=C4\C=CC(=N4)/C(c4ccccc4)=c4/cc/c([n]43)=C(\c3ccccc3)C1=N2,IR,373.96442,3997.453,2559,4.0,False,True,Diamant-ATR,confirm
fa8748f0-53f3-49fc-bf0f-047a0eb63e01,511543,47000,SGZVALPMXJPJGD-MYHNWECRSA-L,CCOC(=O)c1ccc(/C2=C3\C=CC(=N3)/C(c3ccccc3/C3=C4\C=CC(=N4)/C(c4ccccc4)=c4/cc/c5[n]4[Pd][n]4c(ccc43)/C(c3ccccc3)=C3/C=CC(=N3)\C=5c3ccccc3)=c3/cc/c4[n]3[Pd][n]3c(ccc32)/C=C2/C=CC(=N2)\C=4c2ccc(C(=O)OCC)cc2)cc1,IR,373.96442,3997.453,2559,4.0,False,True,Diamant-ATR,confirm
facc905f-885e-41da-af18-f5e1df9687da,533748,51531,QEPVMXNPUMUHDF-UHFFFAOYSA-N,COC(=O)c1cccc(C(=O)C(=O)c2cccc(C(=O)OC)c2)c1,Bruker Alpha ATR,373.96442,3997.453,2559,4.0,False,False,Diamant-ATR,confirm
fadb7f04-c869-466a-a0cc-9c3ddefaf796,537361,52380,FDPAOFABTKSKOB-UHFFFAOYSA-N,CCOC(=O)c1ccc(-c2c3nc(c(C#Cc4ccncc4)c4ccc([nH]4)c(-c4ccc(C(=O)OCC)cc4)c4nc(c(C#Cc5ccncc5)c5ccc2[nH]5)C=C4)C=C3)cc1,Bruker ALPHA-T,373.96442,3997.453,2559,4.0,False,False,Diamant-ATR,confirm
fae27a76-b8f4-46bd-8867-684902218efa,572710,61476,GZTZPWJYEBUERP-UHFFFAOYSA-N,CC(C)C(O)c1ccc(-c2cc(-c3ccc(C(O)C(C)C)cc3)cc(-c3ccc(C(O)C(C)C)cc3)c2)cc1,Bruker Alpha ATR,373.96442,3997.453,2559,4.0,False,False,Diamant- ATR,confirm
fae3cd5a-17d1-49f9-be09-db67af6072f6,499852,44055,BAEGRJPEJDSQTF-UHFFFAOYSA-N,c1ccc(Cc2cc3ccc2CCc2ccc(cc2)CC3)cc1,Bruker ALPHA,373.96442,3997.453,2559,4.0,False,False,Diamant-ATR,confirm
fb1d1275-4bb7-413d-97b5-15365f676d8a,551159,55426,DEPAQXNGCWJTSC-OEQAEZTDSA-N,CC1=CC[C@H]2C(=O)c3ccccc3C(=O)[C@@]2(C(=O)c2ccccc2Br)[C@@H]1O[Si](C)(C)C(C)(C)C,Bruker Alpha,373.96442,3997.453,2559,4.0,False,False,Diamant-ATRl,dev
fb7a321e-4b58-456b-8f70-4582083f25f7,557733,56767,UVXRQPKXJULFTR-ISLYRVAYSA-N,CCOC(=O)Cn1ncc(C#N)c1/N=N/N(C(C)C)C(C)C,Bruker ALPHA,373.96442,3997.453,2559,4.0,False,False,Diamant-ATR,confirm
fbb13404-2f11-4963-8f7f-e91f9bb13769,501692,44515,SSINPNYNPJQRHW-UHFFFAOYSA-N,CCCCN(C(=O)c1cccc2ccccc12)c1nn(CCCC)c2ccccc12,Bruker ALPHA,399.65625,3996.5625,1765,4.0,False,False,Instrument type and / or accessory,confirm
fbede5e8-5f11-4e14-96cc-d1c9f6374e88,637680,79203,QVGHOFCXDAFLBK-MDZDMXLPSA-N,O=Cc1nc2ccccc2nc1/C=C/c1nc2ccccc2nc1C1OCC(CC(F)(F)C(F)(F)C(F)(F)C(F)(F)C(F)(F)C(F)(F)C(F)(F)C(F)(F)F)O1,Bruker Alpha ATR,373.96442,3997.453,2559,4.0,False,False,Diamant-ATR,dev
fc1c6569-5291-49ef-9b6b-bbb57e9c0526,501084,44363,BCOIUDGKUYYXRX-UHFFFAOYSA-N,N#Cc1cc2ccc1CCc1ccc(cc1Br)CC2,Bruker ALPHA,373.96442,3997.453,2559,4.0,False,False,Diamant-ATR,confirm
fc7276b4-5f20-42eb-bdaa-71d683faffc3,3273,1005,JVWLXWRVDDKDLA-LFIBNONCSA-N,COC(=O)/C(=N\Nc1ccc(F)cc1)C1SCCCS1,,373.82813,3997.4121,2560,4.0,False,False,ATR platinum Diamond 1 Refl,confirm
fc8b8038-32c8-487e-9c0f-5121e7c42d42,499168,43884,RWAPQLORTMNEHW-UHFFFAOYSA-N,CC(C)(C)OC(=O)C1CC(C=O)=CN1C(=O)OC(C)(C)C,Bruker ALPHA,373.96442,3997.453,2559,4.0,False,False,Diamant-ATR,confirm
fcb61ef6-4556-427d-a36a-293bd7628e22,502324,44673,NHNYHKRWHCWHAJ-ISDWTXNASA-N,CC(=O)OCC1O[C@H](N=[N+]=[N-])C(OC(C)=O)[C@@H](OC(C)=O)[C@@H]1OC(C)=O,Bruker ALPHA,373.96442,3997.453,2559,4.0,False,False,Diamant-ATR,confirm
fd08321f-379a-48a6-a895-6030bc702ee6,501500,44467,QTIGTYYHLJRZJQ-QLJPJBMISA-N,COC(=O)[C@]1([C@H]2CCC(=O)O2)CC(=O)c2c(cc(C)c(Br)c2O)O1,Bruker ALPHA,373.96442,3997.453,2559,4.0,False,False,ATR platinum Diamond 1 Refl,confirm
fd0a8aa2-c4af-4245-933c-adaee18529d5,501240,44402,NTLSTPNCPWMKSL-UHFFFAOYSA-N,CCCCn1nc2ccc(Br)cc2c1NC(=O)C(C)(C)C,Bruker ALPHA,373.96442,3997.453,2559,4.0,False,False,ATR platinum Diamond 1 Refl,confirm
fd28edba-88f7-48f5-abe9-d42a56aeaf02,672774,87063,WQIWYFYIBZMFIJ-UHFFFAOYSA-N,COCCOCn1c(-c2ccccc2)c(C(=O)C(F)(F)C(F)(F)C(F)(F)C(F)(F)C(F)(F)C(F)(F)C(F)(F)F)c2ccccc21,Bruker Alpha-P ATR,373.96442,3997.453,2559,4.0,False,False,ATR Diamant,confirm
fd451833-3d09-4e24-a4cc-6ab54f6672a5,501616,44496,YHXMAKCXIVLLGX-UHFFFAOYSA-N,Clc1ccccc1Nc1cc2ccc1CCc1ccc(cc1)CC2,Bruker ALPHA,373.96442,3997.453,2559,4.0,False,False,ATR platinum Diamond 1 Refl,confirm
fd474f9f-abb0-477c-92f3-7e8e95672f34,677053,88054,QKXLAFXDZXSNOM-UHFFFAOYSA-N,O=C(Nc1ccccc1C#Cc1ccccc1)C1CCCCC1,Bruker Alpha-P ATR,373.96442,3997.453,2559,4.0,False,False,ATR Diamant,confirm
fd71ee2c-7969-4128-ba7a-bd29aa9715d5,513083,47305,GVVBZEXAVPOBNU-UHFFFAOYSA-N,C#Cc1nnc(-c2c(-n3c4ccccc4c4ccccc43)c(C#N)c(-n3c4ccccc4c4ccccc43)c(-n3c4ccccc4c4ccccc43)c2-n2c3ccccc3c3ccccc32)o1,"Bruker, IFS 88",373.96442,3997.453,2559,4.0,False,False,Diamant-ATR,confirm
fd94d0b0-4737-4a46-81a9-d9c8e2fc23c1,519581,48692,FEDJQHYSUPDZQW-UHFFFAOYSA-N,O=P(c1ccccc1)(c1ccccc1)c1cc2ccc1CCc1ccc(c(Br)c1)CC2,"Bruker, model IFS 88",373.96442,3997.453,2559,4.0,False,False,Diamant-ATR,confirm
fda50469-cd9f-44cc-a273-541f366595a8,558312,56936,WDXQCIDOHPSJHM-UHFFFAOYSA-N,CC(=O)N1Cc2cn(CC(C)C)nc2N=N1,Bruker ALPHA,373.96442,3997.453,2559,4.0,False,False,Diamant-ATR,confirm
fdb708ce-df56-4585-b94e-6ba54cfcc6d4,553782,55699,WYBXIMMFDVNQOV-UHFFFAOYSA-N,COC(=O)c1ccc(-c2ccc(-c3ccc(C(=O)OC)cc3)c(N)c2)cc1,Bruker Alpha ATR,373.96442,3997.453,2559,4.0,False,False,Diamant-ATR,confirm
fdc42049-7a2e-44b9-861c-b80550cbc78a,648137,81724,LOEMJXFENGAIRJ-UHFFFAOYSA-N,O=C1CCC(C(=C2SCCS2)c2ccccc2)C1,Bruker Alpha,373.96442,3997.453,2559,4.0,False,False,Diamant-ATR,confirm
fdec5cc2-8dc8-4834-b244-7942507b5b02,561105,57921,HTKZMQNHDRKIHZ-UHFFFAOYSA-N,CC(C)(C)c1ccc(-c2nc(-c3ccc(F)cc3)nc(-c3ccc(C(C)(C)C)cc3)n2)cc1,Bruker Alpha ATR,373.96442,3997.453,2559,4.0,False,False,ATR platinum Diamond 1 Refl,confirm
fdfc76ea-e303-4f9c-960b-61388a84fba4,674206,87349,WMGUYZIVIVLQHB-UHFFFAOYSA-N,COC(=O)c1cc(C)c2c(n1)C(=O)C(=O)c1cc(C(C)=O)[nH]c1-2,Jasco FT/IR-460Plus with ATR Diamond Plate,649.8934,4000.1226,6950,,False,False,,confirm
fe207f69-7014-4b4f-bd3d-d37e68da3c02,501576,44486,DSYQXFRPIDFLBX-UHFFFAOYSA-N,CCCCn1cc(CC(=O)Nc2ccc(C(F)(F)F)cc2)c2ccccc21,Bruker ALPHA,373.96442,3997.453,2559,4.0,False,False,ATR platinum Diamond 1 Refl,dev
fe2ae5a5-762a-4703-9d05-c2a0719e226e,550865,55364,YMLGBYYTIHVWRB-YADARESESA-N,CC(=O)Nc1ccc(Br)c(C(=O)[C@]23CC=C(C)C[C@H]2C(=O)c2ccccc2C3=O)c1,Bruker Alpha,373.96442,3997.453,2559,4.0,False,False,Diamant-ATR,confirm
fe2f4971-4beb-434d-aee9-44140cf26bc4,499856,44056,NXUKKIRUGGHAKL-UHFFFAOYSA-N,COc1cc(C)c(O)cc1C(C)C,Bruker ALPHA,373.96442,3997.453,2559,4.0,False,False,Diamant-ATR,confirm
fe466679-ba08-46e3-8000-8c2d70ad6e43,502272,44660,YDEWUEPGCKZBMQ-KZMMIWITSA-N,CC(C)(C)[Si](C)(C)O[C@H]1CC[C@@]2(C)[C@@H](CC[C@@H]3[C@@H]2CC[C@@]2(C)[C@H]3CC[C@@]2(O)c2ccc(F)cc2)C1,Bruker ALPHA,399.65625,3996.5625,1765,4.0,False,False,Instrument type and / or accessory,dev
fea9b94c-dc4d-47c7-8c81-8a960375cfdc,501548,44479,ISECRVNIDHPYFA-DQENEDRPSA-N,CC(C)(C)[Si](C)(C)O[C@H]1CC[C@@]2(C)[C@@H](CCC3[C@@H]2CC[C@]2(C)C(Br)=CC[C@@H]32)C1,Bruker ALPHA,373.96442,3997.453,2559,4.0,False,False,ATR platinum Diamond 1 Refl,confirm
feaf5fa7-28bd-45a6-a749-7ca78466be53,614407,74428,BYSFFOIEDQTZBD-UHFFFAOYSA-N,COc1ccc(C2SCCCS2)cc1OC,Bruker Alpha-P ATR,373.96442,3997.453,2559,4.0,False,False,Diamant-ATR,confirm
ff22c4ac-7795-4d8f-9683-e04d458b723b,515670,47881,ZXNGWGZCPWDZJD-UHFFFAOYSA-N,O=Cc1ccc(NCc2ccccc2)cc1,BRUKER ALPHA,373.82813,3997.4121,2560,4.0,False,False,ATR platinum Diamond 1 Refl,confirm
ffaf0814-0400-410f-8975-5ba21e020ef5,499172,43885,ZFWFEGCLMGKIGK-UHFFFAOYSA-N,CCCCCCCCCOC(=O)C(=O)O,Bruker ALPHA,373.96442,3997.453,2559,4.0,False,False,Diamant-ATR,dev
fff5f622-2fa0-401d-80c2-56672445f7b2,501288,44414,HVYROIVYQCOYBI-UHFFFAOYSA-N,COC(=O)CCc1ccc(N(C)C)cc1,Bruker ALPHA,373.96442,3997.453,2559,4.0,False,False,ATR platinum Diamond 1 Refl,dev
